SeniorCitizen,tenure,MonthlyCharges,TotalCharges,Churn,gender_Male,Partner_Yes,Dependents_Yes,PhoneService_Yes,MultipleLines_No phone service,MultipleLines_Yes,InternetService_Fiber optic,InternetService_No,OnlineSecurity_No internet service,OnlineSecurity_Yes,OnlineBackup_No internet service,OnlineBackup_Yes,DeviceProtection_No internet service,DeviceProtection_Yes,TechSupport_No internet service,TechSupport_Yes,StreamingTV_No internet service,StreamingTV_Yes,StreamingMovies_No internet service,StreamingMovies_Yes,Contract_One year,Contract_Two year,PaperlessBilling_Yes,PaymentMethod_Credit card (automatic),PaymentMethod_Electronic check,PaymentMethod_Mailed check
0,-1.2802480369298874,-1.1743621517919638,-0.9943630200425365,0,0,1,0,0,1,0,0,0,0,0,0,1,0,0,0,0,0,0,0,0,0,0,1,0,1,0
0,0.06430268518835193,-0.276950534585718,-0.17375329533251452,0,1,0,0,1,0,0,0,0,0,1,0,0,0,1,0,0,0,0,0,0,1,0,0,0,0,1
0,-1.2395040756535771,-0.3766629364975231,-0.9595091661435625,1,1,0,0,1,0,0,0,0,0,1,0,1,0,0,0,0,0,0,0,0,0,0,1,0,0,1
0,0.512486259227765,-0.7422750768408084,-0.1953715085103592,0,1,0,0,0,1,0,0,0,0,1,0,0,0,1,0,1,0,0,0,0,1,0,0,0,0,0
0,-1.2395040756535771,0.18837400766937243,-0.9405380811099437,1,0,0,0,1,0,0,1,0,0,0,0,0,0,0,0,0,0,0,0,0,0,0,1,0,1,0
0,-0.9950403079957154,1.1522605594834883,-0.6453832930287584,1,0,0,0,1,0,1,1,0,0,0,0,0,0,1,0,0,0,1,0,1,0,0,1,0,1,0
0,-0.42462485012737144,0.819885886444138,-0.14728201389025575,0,1,0,1,1,0,1,1,0,0,0,0,1,0,0,0,0,0,1,0,0,0,0,1,1,0,0
0,-0.9135523854430948,-1.1743621517919638,-0.8743598775042968,0,0,0,0,0,1,0,0,0,0,1,0,0,0,0,0,0,0,0,0,0,0,0,0,0,0,1
0,-0.18016108246950976,1.3184478960031634,0.3367012484790422,1,0,1,0,1,0,1,1,0,0,0,0,0,0,1,0,1,0,1,0,1,0,0,1,0,1,0
0,1.2051336009250397,-0.276950534585718,0.5312651670796442,0,1,0,1,1,0,0,0,0,0,1,0,1,0,0,0,0,0,0,0,0,1,0,0,0,0,0
0,-0.791320501614164,-0.5096128057132632,-0.7481801026295299,0,1,1,1,1,0,0,0,0,0,1,0,0,0,0,0,0,0,0,0,0,0,0,1,0,0,1
0,-0.6690886177852331,-1.539974292135249,-0.8633301769033557,0,1,0,0,1,0,0,0,1,1,0,1,0,1,0,1,0,1,0,1,0,0,1,0,1,0,0
0,1.0421577558197987,1.1854980267874233,1.49923169181824,0,1,1,0,1,0,1,1,0,0,0,0,0,0,1,0,0,0,1,0,1,1,0,0,1,0,0
0,0.6754621043330061,1.2852104286992283,1.2146654163139583,1,1,0,0,1,0,1,1,0,0,0,0,1,0,1,0,0,0,1,0,1,0,0,1,0,0,0
0,-0.3023929662984406,1.3516853633070984,0.17787355982548955,0,1,0,0,1,0,0,1,0,0,1,0,0,0,1,0,1,0,1,0,1,0,0,1,0,1,0
0,1.4903413298592119,1.6175851017385787,2.4760219770375893,0,0,1,1,1,0,1,1,0,0,1,0,1,0,1,0,1,0,1,0,1,0,1,0,1,0,0
0,0.797693988161937,-1.4734993575273791,-0.5562633121731538,0,0,0,0,1,0,0,0,1,1,0,1,0,1,0,1,0,1,0,1,0,1,0,0,0,0,1
0,1.5718292524118322,1.3849228306110335,2.249692520706277,0,1,0,1,1,0,1,1,0,0,1,0,0,0,1,0,0,0,1,0,1,0,1,0,0,0,0
0,-0.9135523854430948,-0.310188001889653,-0.7742101960477511,1,0,1,1,1,0,0,0,0,0,0,0,0,0,1,0,1,0,0,0,0,0,0,0,1,0,0
0,-0.46536881140368175,0.853123353748073,-0.18566537198153096,0,0,0,0,1,0,0,1,0,0,0,0,1,0,1,0,0,0,0,0,1,0,0,1,0,1,0
1,-1.2802480369298874,-0.8419874787526135,-0.9899511398021601,1,1,0,0,0,1,0,0,0,0,0,0,0,0,1,0,0,0,0,0,1,0,0,1,0,1,0
0,-0.8320644628904743,-1.506736824831314,-0.9180374918840237,0,1,1,0,1,0,0,0,1,1,0,1,0,1,0,1,0,1,0,1,0,1,0,0,0,0,0
0,-1.2802480369298874,-1.4734993575273791,-0.9983337122588753,1,1,0,0,1,0,0,0,1,1,0,1,0,1,0,1,0,1,0,1,0,0,0,0,0,0,1
0,1.0421577558197987,-0.1772381326739129,0.5392065515123218,0,0,1,0,1,0,1,0,0,0,0,0,1,0,0,0,1,0,0,0,0,0,1,1,1,0,0
0,0.6754621043330061,-0.1772381326739129,0.3031709586521811,0,1,1,1,1,0,0,0,0,0,1,0,1,0,0,0,1,0,0,0,0,0,0,0,1,0,0
0,-0.09867315991688919,-0.310188001889653,-0.3321397959620295,0,0,0,0,1,0,0,0,0,0,1,0,1,0,0,0,0,0,0,0,0,0,0,1,0,0,0
0,0.5939741817803856,1.1522605594834883,1.0880444534151539,1,1,1,1,1,0,1,1,0,0,0,0,1,0,0,0,0,0,1,0,1,0,0,1,0,1,0
0,-1.2802480369298874,-1.1411246844880287,-0.9939218320184989,1,1,1,1,0,1,0,0,0,0,0,0,1,0,0,0,0,0,0,0,0,0,0,0,0,1,0
0,1.6125732136881425,0.853123353748073,1.8027690523561406,0,1,1,0,1,0,1,0,0,0,1,0,1,0,1,0,1,0,1,0,1,0,1,1,1,0,0
0,-0.6283446565089229,-0.011050796154237758,-0.524938962466481,1,0,0,1,1,0,0,0,0,0,0,0,0,0,0,0,0,0,1,0,1,0,0,1,0,0,1
1,1.5718292524118322,1.052548157571683,1.9779206978990864,0,0,1,0,1,0,1,1,0,0,1,0,1,0,1,0,1,0,0,0,0,0,1,1,1,0,0
1,-1.2395040756535771,1.0193106902677482,-0.9273024403888144,0,1,1,0,1,0,0,1,0,0,0,0,0,0,1,0,0,0,1,0,1,0,0,1,1,0,0
0,-0.22090504374582004,0.0554241384536323,-0.18037111569307923,0,0,1,1,1,0,0,0,0,0,1,0,1,0,1,0,1,0,0,0,0,1,0,0,0,0,1
0,-1.2802480369298874,-1.4734993575273791,-0.9983337122588753,0,1,0,0,1,0,0,0,1,1,0,1,0,1,0,1,0,1,0,1,0,0,0,0,0,0,0
1,-1.2802480369298874,-0.6425626749290033,-0.9873040116579342,0,1,0,0,1,0,0,0,0,0,0,0,0,0,0,0,0,0,0,0,0,0,0,0,0,0,0
0,1.6125732136881425,1.1522605594834883,2.191896889557345,0,0,1,1,1,0,1,1,0,0,1,0,1,0,0,0,1,0,1,0,0,0,1,0,0,0,0
0,-1.1172721918246462,0.1551365403654374,-0.8677420571437321,1,1,0,0,1,0,0,1,0,0,0,0,0,0,0,0,0,0,0,0,0,0,0,1,0,1,0
0,0.5532302205040753,0.32132387688511255,0.5581776365459407,0,0,0,0,1,0,0,1,0,0,0,0,0,0,1,0,0,0,0,0,0,0,0,1,1,0,0
0,0.06430268518835193,1.3849228306110335,0.5586188245699782,1,1,0,0,1,0,1,1,0,0,0,0,1,0,1,0,0,0,1,0,1,0,0,1,0,1,0
0,-0.8728084241667845,1.0857856248756181,-0.5196447061780292,1,0,0,0,1,0,1,1,0,0,0,0,0,0,1,0,0,0,1,0,1,0,0,1,0,0,0
0,-0.9135523854430948,-0.5096128057132632,-0.7975931613217463,0,1,1,1,1,0,0,0,0,0,0,0,1,0,0,0,0,0,0,0,0,1,0,0,0,0,1
0,1.5310852911355222,0.1551365403654374,1.1423105803717843,0,0,1,1,1,0,1,0,0,0,1,0,1,0,0,0,0,0,1,0,0,0,1,1,1,0,0
0,-0.6283446565089229,-1.4734993575273791,-0.8227408786918922,0,0,1,1,1,0,0,0,1,1,0,1,0,1,0,1,0,1,0,1,0,1,0,0,0,0,1
0,1.24587756220135,0.4875112134047877,1.1374575121073702,0,0,0,0,1,0,1,0,0,0,1,0,1,0,1,0,1,0,1,0,0,0,1,1,1,0,0
0,-0.791320501614164,0.3877988114929826,-0.5743520211586973,0,0,1,0,1,0,1,0,0,0,1,0,1,0,0,0,1,0,1,0,0,0,0,1,0,1,0
0,0.6754621043330061,0.6536985499244629,0.7161229491514179,0,0,0,0,1,0,1,1,0,0,0,0,0,0,0,0,0,0,0,0,1,0,0,1,0,1,0
0,-1.2395040756535771,-0.5096128057132632,-0.9643622344079766,0,1,0,0,1,0,0,0,0,0,0,0,1,0,0,0,0,0,0,0,0,0,0,0,0,0,1
0,-1.2395040756535771,0.5207486807087227,-0.9436263972782073,1,0,0,0,1,0,0,1,0,0,0,0,0,0,0,0,0,0,1,0,0,0,0,1,0,1,0
0,0.797693988161937,0.4875112134047877,0.853332424627126,0,1,0,0,1,0,1,0,0,0,1,0,0,0,0,0,1,0,1,0,1,0,1,1,1,0,0
0,1.4903413298592119,-0.011050796154237758,0.8696563815165189,0,0,1,1,1,0,1,0,0,0,1,0,0,0,1,0,1,0,0,0,0,0,1,1,1,0,0
1,0.4309983366751445,0.853123353748073,0.6861221635168581,0,0,0,0,1,0,1,1,0,0,0,0,1,0,0,0,0,0,1,0,0,0,0,1,0,1,0
0,-0.7098325790615434,1.1522605594834883,-0.37802335046194474,1,0,0,0,1,0,0,1,0,0,1,0,1,0,0,0,0,0,1,0,1,0,0,1,1,0,0
1,-0.3023929662984406,0.1551365403654374,-0.23419605462567206,0,0,1,0,1,0,1,0,0,0,1,0,0,0,0,0,1,0,1,0,0,0,0,1,1,0,0
1,-0.9950403079957154,0.5207486807087227,-0.7278854535237982,1,0,1,0,1,0,1,1,0,0,0,0,1,0,0,0,0,0,0,0,0,0,0,1,1,0,0
1,1.1236456783724194,0.32132387688511255,0.9587763623721234,0,0,1,1,1,0,0,0,0,0,1,0,1,0,1,0,1,0,0,0,1,1,0,1,1,0,0
1,-0.5876006952326126,1.0193106902677482,-0.23419605462567206,1,1,0,0,1,0,1,1,0,0,0,0,0,0,0,0,0,0,1,0,1,0,0,1,0,1,0
0,1.24587756220135,1.1522605594834883,1.7771801469619573,0,0,1,1,1,0,1,1,0,0,1,0,0,0,0,0,0,0,1,0,1,1,0,1,1,0,0
1,1.368109446030281,1.4513977652189036,2.1146889853507567,0,1,1,1,1,0,1,1,0,0,0,0,1,0,1,0,1,0,1,0,1,1,0,1,0,1,0
0,0.06430268518835193,-1.340549488311639,-0.6127353792499726,0,0,1,1,1,0,1,0,1,1,0,1,0,1,0,1,0,1,0,1,0,0,1,0,1,0,0
0,1.6125732136881425,1.4181602979149686,2.457492080028008,0,0,0,0,1,0,1,1,0,0,0,0,0,0,1,0,1,0,1,0,1,0,1,1,1,0,0
0,0.5939741817803856,1.1854980267874233,1.0695145564055726,0,0,1,0,1,0,1,1,0,0,0,0,0,0,1,0,0,0,1,0,1,0,0,1,0,1,0
0,1.1236456783724194,0.819885886444138,1.3973172582655438,0,1,0,0,1,0,1,1,0,0,0,0,1,0,0,0,0,0,1,0,0,0,0,1,0,0,0
0,1.6125732136881425,-0.7422750768408084,0.2996414544598799,0,1,1,0,0,1,0,0,0,0,1,0,1,0,1,0,0,0,0,0,0,0,1,0,0,0,0
0,-0.5876006952326126,-0.3434254691935881,-0.5849405337356008,0,0,1,1,1,0,0,0,0,0,0,0,0,0,1,0,1,0,0,0,0,1,0,1,1,0,0
0,-0.9542963467194051,0.9860732229638132,-0.6290593361393655,1,0,0,0,1,0,1,1,0,0,0,0,0,0,0,0,0,0,1,0,1,0,0,0,0,1,0
0,-1.1987601143772668,0.35456134418904756,-0.8995075948744427,0,0,0,0,1,0,0,0,0,0,0,0,1,0,0,0,1,0,1,0,1,0,0,1,0,1,0
0,0.5939741817803856,0.45427374610085264,0.6031788149977805,0,1,1,0,1,0,1,1,0,0,0,0,1,0,0,0,0,0,0,0,0,1,0,1,0,1,0
0,-0.05792919864057891,0.4875112134047877,0.0944890232823744,0,0,0,0,1,0,0,0,0,0,0,0,1,0,1,0,1,0,1,0,1,0,1,0,0,0,1
0,0.7162060656093164,-1.4734993575273791,-0.5968526103846173,0,0,1,1,1,0,0,0,1,1,0,1,0,1,0,1,0,1,0,1,0,0,1,0,0,0,0
0,-0.9135523854430948,0.4875112134047877,-0.6158236954182361,0,1,0,0,1,0,0,1,0,0,1,0,0,0,1,0,0,0,0,0,0,0,0,1,0,0,1
0,-1.2802480369298874,-0.5096128057132632,-0.9855392595617837,0,1,0,0,1,0,0,0,0,0,0,0,0,0,0,0,1,0,0,0,0,0,0,0,0,0,1
0,0.797693988161937,-1.4734993575273791,-0.5262625265385938,0,0,1,1,1,0,0,0,1,1,0,1,0,1,0,1,0,1,0,1,0,1,0,1,0,1,0
1,1.2866215234776603,1.5511101671307086,2.1248363099036225,0,1,1,1,1,0,1,1,0,0,1,0,0,0,1,0,1,0,1,0,1,0,1,1,0,0,0
0,1.2051336009250397,-1.340549488311639,-0.37890572651002,0,1,1,1,1,0,1,0,1,1,0,1,0,1,0,1,0,1,0,1,0,0,1,1,0,0,0
0,-1.1987601143772668,-0.011050796154237758,-0.9290671924849649,0,0,0,1,1,0,0,0,0,0,1,0,0,0,0,0,1,0,0,0,1,0,0,1,0,0,0
1,0.9606698332671781,1.5178726998267735,1.7012958068274822,0,0,0,0,1,0,1,1,0,0,1,0,1,0,1,0,0,0,1,0,1,1,0,0,0,1,0
0,0.5532302205040753,-0.310188001889653,0.17875593587356484,0,0,0,0,1,0,0,0,0,0,0,0,0,0,0,0,0,0,0,0,1,1,0,0,1,0,0
0,-0.9950403079957154,-0.3434254691935881,-0.7945048451534829,0,0,1,1,1,0,0,0,0,0,1,0,1,0,0,0,0,0,0,0,0,0,0,0,0,0,1
1,-0.09867315991688919,0.32132387688511255,-0.07580955399615706,0,1,0,0,1,0,0,0,0,0,1,0,1,0,0,0,0,0,1,0,1,0,0,1,0,1,0
0,0.512486259227765,-1.3073120210077038,-0.47067283550985045,0,0,1,1,1,0,1,0,1,1,0,1,0,1,0,1,0,1,0,1,0,1,0,1,1,0,0
0,-1.2802480369298874,0.4875112134047877,-0.9723036188406543,1,0,0,1,1,0,0,1,0,0,0,0,0,0,0,0,0,0,1,0,0,0,0,1,0,1,0
0,-0.8728084241667845,-0.47637533840932816,-0.7578862391583582,0,0,1,1,0,1,0,0,0,0,1,0,0,0,0,0,0,0,1,0,1,0,0,0,0,1,0
0,-1.0357842692720256,0.35456134418904756,-0.7883282128169558,1,0,1,0,1,0,0,1,0,0,0,0,0,0,1,0,0,0,0,0,0,0,0,1,0,0,0
0,0.3902543753988342,1.2852104286992283,0.9018631072712671,0,0,0,0,1,0,0,1,0,0,0,0,1,0,1,0,1,0,1,0,1,0,0,1,0,0,0
0,0.6754621043330061,-1.4734993575273791,-0.5778815253509985,0,0,1,0,1,0,0,0,1,1,0,1,0,1,0,1,0,1,0,1,0,0,1,1,0,0,0
0,-0.9542963467194051,1.1522605594834883,-0.602146866673069,0,1,0,0,1,0,1,1,0,0,0,0,1,0,0,0,0,0,1,0,1,0,0,1,1,0,0
0,0.10504664646466222,-0.07752573076210782,-0.029925999496241848,0,0,1,0,1,0,0,0,0,0,1,0,0,0,0,0,0,0,1,0,0,1,0,1,0,0,0
0,0.6347181430566958,-1.4734993575273791,-0.5408217313318362,0,0,1,1,1,0,0,0,1,1,0,1,0,1,0,1,0,1,0,1,0,0,1,0,0,0,0
0,0.5532302205040753,-1.506736824831314,-0.5981761744567302,0,0,1,1,1,0,0,0,1,1,0,1,0,1,0,1,0,1,0,1,0,0,1,1,0,0,1
0,-0.13941712119319946,-1.0414122825762238,-0.5619987564856432,0,1,1,0,0,1,0,0,0,0,0,0,0,0,0,0,0,0,1,0,0,0,0,0,0,0,1
0,-0.09867315991688919,0.5872236153165927,0.12669574903712258,0,1,1,1,1,0,0,1,0,0,0,0,1,0,1,0,0,0,0,0,0,0,0,0,0,0,0
1,-1.2802480369298874,0.32132387688511255,-0.9745095589608425,0,1,0,0,1,0,0,1,0,0,0,0,0,0,0,0,1,0,0,0,0,0,0,0,0,1,0
0,1.368109446030281,0.6536985499244629,1.5137908966114824,0,1,1,1,1,0,1,0,0,0,1,0,0,0,1,0,1,0,1,0,1,0,1,1,0,0,1
0,1.3273654847539706,1.5511101671307086,2.1283658140959236,0,0,0,0,1,0,1,1,0,0,1,0,1,0,1,0,0,0,1,0,1,0,0,1,1,0,0
0,1.6125732136881425,1.1854980267874233,2.2836639985571754,0,1,0,0,1,0,1,1,0,0,0,0,1,0,1,0,0,0,1,0,1,0,1,1,0,0,0
0,-0.8320644628904743,0.45427374610085264,-0.5981761744567302,1,0,0,0,1,0,1,1,0,0,1,0,0,0,0,0,0,0,0,0,0,0,0,1,0,1,0
0,1.5718292524118322,0.0554241384536323,1.087603265391116,0,1,1,1,1,0,1,0,0,0,1,0,1,0,0,0,1,0,0,0,0,1,0,1,1,0,0
0,-1.1172721918246462,-1.440261890223444,-0.9573032260233743,1,1,0,0,1,0,0,0,1,1,0,1,0,1,0,1,0,1,0,1,0,0,0,0,0,0,1
0,0.797693988161937,-1.440261890223444,-0.5187623301299539,0,1,0,0,1,0,0,0,1,1,0,1,0,1,0,1,0,1,0,1,0,0,1,0,0,0,0
1,-0.3023929662984406,1.1190230921795532,0.10198921969101438,1,0,1,0,1,0,0,1,0,0,0,0,1,0,1,0,0,0,1,0,1,0,0,1,0,1,0
0,-1.2802480369298874,-1.4734993575273791,-0.9983337122588753,0,1,0,0,1,0,0,0,1,1,0,1,0,1,0,1,0,1,0,1,0,0,0,0,0,0,1
0,-1.2802480369298874,-1.506736824831314,-0.998774900282913,0,0,1,1,1,0,0,0,1,1,0,1,0,1,0,1,0,1,0,1,0,0,0,0,0,1,0
0,0.22727853029359305,1.0193106902677482,0.5833253539160864,0,1,0,0,1,0,1,1,0,0,0,0,0,0,1,0,1,0,1,0,0,1,0,0,0,0,0
1,1.368109446030281,-0.6425626749290033,0.3283186760223269,0,0,1,0,0,1,0,0,0,0,0,0,1,0,1,0,0,0,1,0,0,1,0,0,0,0,0
0,1.4495973685829016,1.5178726998267735,2.3507245782108974,1,1,1,0,1,0,1,1,0,0,0,0,1,0,1,0,1,0,1,0,1,0,1,1,0,0,0
0,-1.1172721918246462,-1.340549488311639,-0.9630386703358637,0,1,0,0,0,1,0,0,0,0,0,0,0,0,0,0,0,0,0,0,0,0,0,0,0,0,1
0,1.6125732136881425,1.3184478960031634,2.2148386668073026,0,0,1,1,1,0,1,1,0,0,1,0,1,0,0,0,0,0,1,0,1,1,0,1,0,1,0
0,-0.01718523736426863,-1.1411246844880287,-0.5981761744567302,0,0,0,0,0,1,0,0,0,0,1,0,0,0,0,0,0,0,0,0,0,1,0,0,0,0,1
0,0.4309983366751445,0.9860732229638132,0.7227407695119826,0,1,0,0,1,0,1,1,0,0,0,0,0,0,0,0,0,0,1,0,1,1,0,0,0,0,1
0,1.6125732136881425,-1.506736824831314,-0.40581819597631646,0,1,1,1,1,0,0,0,1,1,0,1,0,1,0,1,0,1,0,1,0,0,1,0,1,0,0
0,0.9199258719908678,1.052548157571683,1.3037853971695628,1,1,1,0,1,0,1,1,0,0,1,0,1,0,0,0,0,0,1,0,0,0,0,1,0,1,0
0,0.797693988161937,-0.24371306728178296,0.3349364963828916,0,0,0,0,1,0,0,0,0,0,1,0,0,0,1,0,1,0,0,0,0,1,0,0,1,0,0
0,0.4309983366751445,0.8863608210520081,0.737299974305225,0,0,0,0,1,0,0,1,0,0,0,0,1,0,1,0,0,0,1,0,0,0,0,1,0,1,0
1,0.18653456901728277,0.3877988114929826,0.25816978020034115,1,0,1,0,1,0,1,1,0,0,0,0,0,0,0,0,0,0,0,0,0,0,0,1,0,1,0
0,1.2866215234776603,-0.3434254691935881,0.5030291335412348,0,0,1,1,0,1,0,0,0,0,0,0,1,0,0,0,1,0,1,0,1,0,1,1,0,1,0
0,-1.1987601143772668,0.819885886444138,-0.8977428427782921,0,1,1,1,1,0,0,1,0,0,1,0,1,0,0,0,0,0,1,0,0,0,0,0,0,1,0
0,0.1457906077409725,-1.1078872171840937,-0.5103797576732386,0,0,0,0,0,1,0,0,0,0,1,0,0,0,0,0,0,0,0,0,0,0,1,0,0,0,0
0,-0.9135523854430948,1.1854980267874233,-0.5377334151635726,1,0,1,1,1,0,1,1,0,0,1,0,0,0,0,0,0,0,1,0,1,0,0,1,0,1,0
0,0.3495104141225239,-1.4734993575273791,-0.6387654726681937,0,0,0,0,1,0,0,0,1,1,0,1,0,1,0,1,0,1,0,1,0,0,1,0,0,0,1
0,-0.22090504374582004,0.6869360172283978,-0.05816203303465121,0,1,1,1,1,0,1,1,0,0,0,0,1,0,0,0,1,0,0,0,0,0,0,1,1,0,0
0,0.9606698332671781,1.1522605594834883,1.4259944798279909,0,0,1,1,1,0,1,1,0,0,0,0,0,0,1,0,0,0,1,0,1,1,0,1,1,0,0
0,-1.076528230548336,-1.4734993575273791,-0.957744414047412,0,0,0,0,1,0,0,0,1,1,0,1,0,1,0,1,0,1,0,1,0,0,0,0,0,0,1
0,-1.1987601143772668,0.32132387688511255,-0.9061254152350073,1,1,0,0,1,0,1,1,0,0,0,0,0,0,0,0,0,0,0,0,0,0,0,1,0,1,0
0,-1.0357842692720256,-0.47637533840932816,-0.8527416643264522,0,0,1,1,1,0,0,0,0,0,1,0,0,0,0,0,0,0,0,0,0,0,0,0,0,0,1
0,-1.1580161531009565,-1.4734993575273791,-0.9798038152492943,0,0,1,1,1,0,0,0,1,1,0,1,0,1,0,1,0,1,0,1,0,0,0,0,0,0,1
0,0.02355872391204165,0.7866484191402029,0.3283186760223269,0,1,0,0,1,0,0,1,0,0,1,0,0,0,0,0,1,0,1,0,0,0,1,1,0,1,0
1,-0.22090504374582004,0.45427374610085264,-0.06522104141925354,1,0,0,0,1,0,1,1,0,0,0,0,0,0,1,0,0,0,0,0,0,0,0,1,0,1,0
0,1.6125732136881425,-1.373786955615574,-0.2469905073227638,0,1,1,0,1,0,1,0,1,1,0,1,0,1,0,1,0,1,0,1,0,0,1,1,0,0,0
0,-1.2802480369298874,-1.506736824831314,-0.998774900282913,0,1,0,0,1,0,0,0,1,1,0,1,0,1,0,1,0,1,0,1,0,0,0,0,0,0,1
1,1.5718292524118322,-0.276950534585718,0.750976803050392,0,1,0,0,0,1,0,0,0,0,1,0,1,0,0,0,0,0,1,0,1,1,0,1,0,1,0
0,-0.791320501614164,0.6869360172283978,-0.4711140235338881,0,0,0,0,1,0,1,1,0,0,0,0,0,0,0,0,0,0,0,0,1,0,0,1,0,1,0
0,-0.3023929662984406,-0.21047559997784793,-0.3444930606350836,1,0,1,1,0,1,0,0,0,0,1,0,1,0,1,0,0,0,1,0,1,0,0,1,1,0,0
0,1.4088534073065913,-0.47637533840932816,0.4311154856230985,0,1,0,0,1,0,0,0,0,0,0,0,0,0,0,0,1,0,0,0,0,0,1,0,0,0,0
0,-1.2802480369298874,-0.9749373479683536,-0.9917158918983107,1,1,0,0,0,1,0,0,0,0,0,0,0,0,0,0,0,0,0,0,1,0,0,1,0,1,0
0,-1.2395040756535771,-0.6758001422329384,-0.9714212427925789,1,1,0,0,1,0,0,0,0,0,0,0,0,0,0,0,0,0,0,0,0,0,0,0,0,1,0
0,0.4309983366751445,-1.3073120210077038,-0.48302610018290454,0,0,0,0,1,0,1,0,1,1,0,1,0,1,0,1,0,1,0,1,0,0,1,1,1,0,0
0,-0.38388088885106114,0.35456134418904756,-0.22272516600069325,0,0,0,0,1,0,0,1,0,0,1,0,0,0,0,0,0,0,0,0,0,0,0,1,0,0,0
0,1.2866215234776603,-1.4734993575273791,-0.443760366043554,0,0,1,1,1,0,0,0,1,1,0,1,0,1,0,1,0,1,0,1,0,0,1,0,0,0,1
0,1.0014137945434884,-1.506736824831314,-0.4909674846155822,0,1,0,1,1,0,0,0,1,1,0,1,0,1,0,1,0,1,0,1,0,0,1,1,0,0,1
1,-1.2802480369298874,0.18837400766937243,-0.976274311056993,1,0,1,0,1,0,0,1,0,0,0,0,0,0,0,0,0,0,0,0,0,0,0,1,0,0,1
1,1.6125732136881425,0.7866484191402029,1.827475581702249,0,0,1,1,1,0,1,0,0,0,1,0,1,0,1,0,1,0,1,0,1,0,1,1,1,0,0
0,-0.9950403079957154,0.22161147497330744,-0.7587686152064335,1,0,0,0,1,0,1,0,0,0,1,0,0,0,0,0,1,0,0,0,1,0,0,0,0,1,0
0,1.1643896396487294,1.2187354940913584,1.6271762187891574,0,0,1,0,1,0,1,1,0,0,0,0,1,0,0,0,0,0,1,0,1,0,1,1,0,0,0
0,1.2866215234776603,0.6536985499244629,1.3262859863954828,0,1,0,0,1,0,1,1,0,0,1,0,1,0,0,0,0,0,0,0,0,1,0,1,1,0,0
1,1.5718292524118322,-1.373786955615574,-0.2324313025295215,0,1,1,0,1,0,1,0,1,1,0,1,0,1,0,1,0,1,0,1,0,0,1,0,0,0,0
0,1.3273654847539706,1.1522605594834883,1.8235048894859103,0,0,1,1,1,0,1,1,0,0,1,0,1,0,0,0,1,0,1,0,0,0,1,1,1,0,0
0,-1.1987601143772668,-1.506736824831314,-0.9802450032733319,0,1,0,0,1,0,0,0,1,1,0,1,0,1,0,1,0,1,0,1,0,1,0,0,0,0,1
0,-1.2802480369298874,-0.6425626749290033,-0.9873040116579342,1,1,0,0,1,0,0,0,0,0,0,0,0,0,0,0,0,0,0,0,0,0,0,1,0,1,0
0,-0.09867315991688919,-0.011050796154237758,-0.15610577437100867,0,1,0,1,1,0,0,0,0,0,0,0,1,0,1,0,0,0,1,0,0,1,0,0,1,0,0
0,-0.7098325790615434,0.1551365403654374,-0.5346450989953092,0,1,1,1,1,0,0,0,0,0,0,0,1,0,1,0,1,0,0,0,1,0,0,1,0,0,1
0,-0.9950403079957154,0.12189907306150236,-0.7583274271823959,0,0,1,1,1,0,0,0,0,0,0,0,0,0,0,0,1,0,1,0,1,0,0,1,0,1,0
0,-1.0357842692720256,1.0193106902677482,-0.7181793169949701,1,1,0,0,1,0,1,1,0,0,0,0,0,0,0,0,0,0,1,0,1,0,0,0,0,0,1
0,1.5310852911355222,1.4513977652189036,2.4914635578789066,0,0,1,1,1,0,1,1,0,0,1,0,1,0,1,0,0,0,1,0,1,1,0,1,1,0,0
0,1.2051336009250397,0.7201734845323329,1.293638072616697,0,1,1,1,1,0,0,0,0,0,1,0,1,0,1,0,1,0,1,0,1,0,1,0,0,1,0
0,-1.076528230548336,-1.506736824831314,-0.9573032260233743,0,0,1,1,1,0,0,0,1,1,0,1,0,1,0,1,0,1,0,1,0,0,0,0,0,0,1
0,-0.7505765403378537,0.5207486807087227,-0.4989088690482598,0,0,1,1,1,0,0,1,0,0,0,0,0,0,0,0,0,0,0,0,1,0,0,1,0,0,0
0,-0.42462485012737144,0.6536985499244629,-0.20375408096707448,0,0,0,0,1,0,1,1,0,0,0,0,0,0,0,0,0,0,1,0,0,0,0,1,0,0,0
0,-0.42462485012737144,-1.4734993575273791,-0.8222996906678546,0,1,1,1,1,0,0,0,1,1,0,1,0,1,0,1,0,1,0,1,0,1,0,0,0,0,1
0,-0.6690886177852331,-0.011050796154237758,-0.5553809361250786,0,1,1,1,1,0,0,0,0,0,1,0,0,0,1,0,0,0,1,0,0,0,1,0,0,0,1
0,-0.9135523854430948,-1.3073120210077038,-0.8964192787061791,0,1,0,0,1,0,1,0,1,1,0,1,0,1,0,1,0,1,0,1,0,0,1,0,0,0,0
0,-0.791320501614164,-0.276950534585718,-0.6700898223748666,0,0,0,1,1,0,0,0,0,0,1,0,1,0,0,0,0,0,0,0,0,0,0,1,0,1,0
0,-0.506112772679992,0.5872236153165927,-0.30478613847169544,1,0,1,0,1,0,1,1,0,0,1,0,0,0,0,0,0,0,0,0,0,0,0,0,0,1,0
0,-1.2395040756535771,0.1551365403654374,-0.947597089494546,0,0,0,0,1,0,0,1,0,0,0,0,0,0,0,0,0,0,0,0,0,0,0,1,0,1,0
0,0.8384379494382472,0.2880864095811775,0.7390647264013755,0,1,0,0,1,0,1,0,0,0,0,0,1,0,1,0,1,0,0,0,1,0,1,1,0,0,0
0,-0.8728084241667845,-1.4734993575273791,-0.9043606631388568,0,0,1,1,1,0,0,0,1,1,0,1,0,1,0,1,0,1,0,1,0,1,0,0,0,0,1
0,1.4903413298592119,-1.506736824831314,-0.40581819597631646,0,1,1,0,1,0,0,0,1,1,0,1,0,1,0,1,0,1,0,1,0,0,1,0,0,0,1
0,-1.1580161531009565,0.18837400766937243,-0.8867131421773509,1,0,0,0,1,0,0,1,0,0,0,0,0,0,0,0,0,0,0,0,0,0,0,1,0,0,0
0,1.6125732136881425,0.819885886444138,1.7520324295918115,0,1,1,0,1,0,1,0,0,0,1,0,1,0,1,0,1,0,1,0,1,0,1,1,0,0,0
1,1.0421577558197987,-0.6425626749290033,0.16243197898417192,1,1,1,0,0,1,0,0,0,0,0,0,1,0,1,0,0,0,0,0,1,0,0,1,0,1,0
0,-0.6690886177852331,-1.4734993575273791,-0.8655361170235438,0,0,1,1,1,0,0,0,1,1,0,1,0,1,0,1,0,1,0,1,0,0,0,0,0,1,0
0,0.4309983366751445,0.6536985499244629,0.5542069443296018,0,1,1,0,1,0,0,1,0,0,1,0,0,0,1,0,1,0,0,0,0,1,0,1,0,0,0
0,-1.2395040756535771,1.3184478960031634,-0.9003899709225179,1,0,1,0,1,0,1,1,0,0,0,0,0,0,1,0,1,0,1,0,1,0,0,1,0,1,0
0,-0.7505765403378537,0.5539861480126578,-0.4861144163511681,0,1,1,0,1,0,0,0,0,0,0,0,1,0,1,0,1,0,1,0,1,0,1,0,0,0,1
0,0.8384379494382472,0.9860732229638132,1.198782647448603,1,0,1,0,1,0,0,1,0,0,0,0,0,0,1,0,0,0,1,0,1,1,0,1,0,0,0
0,-0.01718523736426863,-1.4734993575273791,-0.7186205050190076,0,0,0,0,1,0,0,0,1,1,0,1,0,1,0,1,0,1,0,1,0,1,0,0,0,0,0
0,0.06430268518835193,-1.340549488311639,-0.6630308139902642,0,0,1,0,1,0,1,0,1,1,0,1,0,1,0,1,0,1,0,1,0,0,0,0,0,1,0
1,-0.7098325790615434,0.32132387688511255,-0.5019971852165234,1,0,0,0,1,0,1,1,0,0,0,0,0,0,0,0,0,0,0,0,0,0,0,1,0,0,1
1,-1.0357842692720256,0.3877988114929826,-0.7852398966486922,1,0,0,0,1,0,0,1,0,0,1,0,0,0,0,0,0,0,0,0,0,0,0,0,0,0,0
0,-0.7098325790615434,1.3516853633070984,-0.3193453432649378,0,0,1,1,1,0,1,1,0,0,0,0,1,0,1,0,0,0,1,0,1,0,0,1,0,0,0
0,1.1643896396487294,-1.4734993575273791,-0.4547900666444952,0,1,1,0,1,0,0,0,1,1,0,1,0,1,0,1,0,1,0,1,0,1,0,1,1,0,0
0,-1.2802480369298874,-1.1743621517919638,-0.9943630200425365,1,0,0,0,0,1,0,0,0,0,0,0,1,0,0,0,0,0,0,0,0,0,0,0,0,0,0
0,-1.2802480369298874,-0.6425626749290033,-0.9873040116579342,0,0,0,0,1,0,0,0,0,0,0,0,0,0,0,0,0,0,0,0,0,0,0,0,0,0,1
0,-0.9950403079957154,0.6536985499244629,-0.7150910008267065,1,1,0,0,1,0,1,1,0,0,0,0,0,0,0,0,0,0,0,0,1,0,0,0,0,0,0
0,0.02355872391204165,0.32132387688511255,0.07507675022471796,0,1,1,1,1,0,0,0,0,0,1,0,0,0,1,0,0,0,1,0,1,1,0,0,1,0,0
0,-0.791320501614164,0.4875112134047877,-0.5169975780338033,1,0,0,0,1,0,0,1,0,0,0,0,1,0,1,0,0,0,0,0,0,0,0,1,0,1,0
0,-1.2802480369298874,-1.340549488311639,-0.9965689601627248,1,0,1,0,0,1,0,0,0,0,0,0,0,0,0,0,0,0,0,0,0,0,0,1,0,1,0
0,-0.506112772679992,-0.44313787110539316,-0.5558221241491161,0,1,0,0,1,0,0,0,0,0,0,0,1,0,0,0,0,0,0,0,0,0,0,1,0,0,1
0,-1.1987601143772668,-1.1411246844880287,-0.9709800547685413,0,1,0,0,0,1,0,0,0,0,0,0,0,0,0,0,1,0,0,0,0,0,0,0,0,1,0
0,-0.791320501614164,-1.506736824831314,-0.8995075948744427,0,0,0,0,1,0,0,0,1,1,0,1,0,1,0,1,0,1,0,1,0,1,0,0,0,1,0
0,0.3087664528462136,-0.276950534585718,0.042428836445932136,0,0,1,0,1,0,1,0,0,0,0,0,1,0,0,0,0,0,0,0,0,0,0,0,1,0,0
0,0.4309983366751445,0.22161147497330744,0.3927321275318233,0,1,1,1,1,0,1,0,0,0,1,0,0,0,0,0,1,0,0,0,1,1,0,1,1,0,0
0,-1.076528230548336,0.8863608210520081,-0.7728866319756381,1,1,1,0,1,0,0,1,0,0,0,0,1,0,1,0,0,0,0,0,1,0,0,1,0,1,0
0,1.4903413298592119,-1.506736824831314,-0.4005239396878647,0,0,1,1,1,0,0,0,1,1,0,1,0,1,0,1,0,1,0,1,0,0,1,0,0,0,0
0,1.6125732136881425,1.4846352325228385,2.5792599746623983,0,0,1,1,1,0,1,1,0,0,1,0,1,0,1,0,0,0,1,0,1,0,1,0,1,0,0
0,1.082901717096109,-1.506736824831314,-0.48126134808675397,0,1,1,1,1,0,0,0,1,1,0,1,0,1,0,1,0,1,0,1,0,0,1,0,1,0,0
0,-0.506112772679992,1.052548157571683,-0.16845903904406279,0,0,1,0,1,0,0,1,0,0,1,0,1,0,0,0,1,0,1,0,0,0,0,1,0,1,0
0,-0.3431369275747509,-1.340549488311639,-0.7481801026295299,0,1,1,1,1,0,1,0,1,1,0,1,0,1,0,1,0,1,0,1,0,0,1,1,0,0,0
0,1.082901717096109,1.5511101671307086,1.868947255961788,0,1,0,0,1,0,1,1,0,0,0,0,1,0,1,0,1,0,1,0,1,0,0,1,0,1,0
0,1.6125732136881425,1.5843476344346437,2.5404354285470854,0,1,1,1,1,0,1,1,0,0,0,0,1,0,1,0,1,0,1,0,1,0,1,1,0,0,0
0,-1.2802480369298874,-1.4734993575273791,-0.9983337122588753,0,1,0,1,1,0,0,0,1,1,0,1,0,1,0,1,0,1,0,1,0,0,0,0,0,0,1
0,-0.22090504374582004,1.2187354940913584,0.17566761970530131,0,0,1,0,1,0,0,1,0,0,1,0,0,0,0,0,1,0,1,0,1,1,0,1,1,0,0
0,-0.7505765403378537,0.5207486807087227,-0.5165563900097657,0,0,0,0,1,0,0,1,0,0,0,0,1,0,0,0,1,0,0,0,0,0,0,1,1,0,0
0,1.5718292524118322,1.3516853633070984,2.2598398452591426,0,1,1,1,1,0,1,1,0,0,1,0,0,0,1,0,0,0,1,0,1,0,1,0,0,1,0
0,-0.791320501614164,0.45427374610085264,-0.5514102439087397,0,1,0,1,1,0,0,1,0,0,0,0,0,0,0,0,0,0,1,0,0,0,0,1,1,0,0
0,0.4717422979514547,0.12189907306150236,0.2978767023637293,0,1,0,0,1,0,0,1,0,0,0,0,0,0,0,0,0,0,0,0,0,0,0,0,1,0,0
0,0.02355872391204165,0.4875112134047877,0.17699118377741424,0,0,0,0,1,0,0,1,0,0,0,0,1,0,0,0,1,0,0,0,0,1,0,1,0,0,0
0,1.6125732136881425,-0.310188001889653,0.8365672797136954,0,1,1,1,0,1,0,0,0,0,1,0,1,0,1,0,1,0,0,0,1,0,1,1,1,0,0
0,-1.2802480369298874,0.4875112134047877,-0.9723036188406543,1,1,0,0,1,0,0,1,0,0,0,0,0,0,0,0,0,0,0,0,1,0,0,0,0,1,0
0,-0.5468567339563023,1.3849228306110335,-0.15389983425082043,1,0,0,0,1,0,0,1,0,0,1,0,0,0,1,0,1,0,1,0,1,0,0,1,0,1,0
0,1.2866215234776603,1.2519729613952935,1.92850763920687,0,1,1,0,1,0,0,1,0,0,0,0,1,0,1,0,1,0,1,0,1,1,0,1,1,0,0
0,-1.2395040756535771,-0.6093252076250683,-0.970097678720466,1,1,0,0,1,0,0,0,0,0,0,0,0,0,0,0,0,0,0,0,0,0,0,1,1,0,0
0,-1.2802480369298874,-1.3073120210077038,-0.9961277721386872,0,0,0,0,0,1,0,0,0,0,0,0,0,0,0,0,0,0,0,0,0,0,0,0,0,1,0
0,1.1643896396487294,-1.506736824831314,-0.5112621337213139,0,1,0,1,1,0,0,0,1,1,0,1,0,1,0,1,0,1,0,1,0,0,1,0,0,0,1
0,-0.13941712119319946,-1.4734993575273791,-0.7689159397592993,0,0,1,1,1,0,0,0,1,1,0,1,0,1,0,1,0,1,0,1,0,1,0,0,0,1,0
1,-0.38388088885106114,0.7201734845323329,-0.13581112526527694,0,1,1,0,1,0,1,1,0,0,0,0,0,0,0,0,0,0,0,0,1,0,0,0,0,1,0
0,1.0014137945434884,-0.21047559997784793,0.5092057658777619,0,0,1,0,0,1,0,0,0,0,1,0,1,0,1,0,0,0,1,0,1,0,0,1,0,0,0
0,1.6125732136881425,-0.6425626749290033,0.3777317347145433,0,1,1,1,0,1,0,0,0,0,1,0,1,0,1,0,1,0,0,0,0,0,1,0,1,0,0
0,1.368109446030281,-0.276950534585718,0.6645039503390133,0,1,1,0,0,1,0,0,0,0,1,0,1,0,1,0,1,0,1,0,0,0,1,1,0,0,0
0,1.3273654847539706,0.6536985499244629,1.3417275672368003,0,1,1,1,1,0,1,0,0,0,0,0,1,0,1,0,1,0,1,0,1,0,1,1,0,0,0
0,-0.9950403079957154,0.5207486807087227,-0.731856145740137,0,0,0,0,1,0,0,1,0,0,0,0,0,0,0,0,0,0,1,0,0,0,0,1,0,0,0
0,-1.1580161531009565,0.18837400766937243,-0.8889190822975391,1,0,0,0,1,0,0,1,0,0,0,0,0,0,0,0,0,0,0,0,0,0,0,1,0,1,0
0,1.5718292524118322,-1.340549488311639,-0.19713626060650977,0,0,1,0,1,0,1,0,1,1,0,1,0,1,0,1,0,1,0,1,0,0,1,0,0,0,0
0,-1.2802480369298874,-1.4734993575273791,-0.9983337122588753,0,1,1,1,1,0,0,0,1,1,0,1,0,1,0,1,0,1,0,1,0,1,0,1,0,1,0
0,-1.1580161531009565,-0.47637533840932816,-0.9281848164368897,1,1,1,0,1,0,0,0,0,0,0,0,0,0,0,0,1,0,0,0,0,0,0,0,0,0,1
0,-0.8320644628904743,-1.506736824831314,-0.9105372954753838,0,0,0,0,1,0,0,0,1,1,0,1,0,1,0,1,0,1,0,1,0,1,0,1,0,0,0
0,-0.3431369275747509,-0.47637533840932816,-0.43890729777913995,0,1,0,0,0,1,0,0,0,0,1,0,0,0,0,0,0,0,1,0,1,1,0,1,0,0,1
0,-0.05792919864057891,0.5539861480126578,0.11566604843618142,0,0,1,1,1,0,0,0,0,0,1,0,0,0,1,0,1,0,1,0,1,1,0,1,0,0,1
0,-1.2802480369298874,-0.310188001889653,-0.9828921314175577,1,0,1,0,1,0,0,0,0,0,0,0,0,0,0,0,0,0,1,0,0,0,0,0,0,0,1
0,-0.09867315991688919,0.819885886444138,0.19419751671488245,0,1,0,0,1,0,1,1,0,0,0,0,0,0,0,0,1,0,0,0,1,0,0,1,1,0,0
0,0.5939741817803856,0.6869360172283978,0.8048017419829848,0,0,1,1,1,0,1,0,0,0,1,0,1,0,0,0,1,0,1,0,1,0,1,1,1,0,0
0,0.8791819107145575,1.4513977652189036,1.5340855457172142,0,1,0,0,1,0,1,1,0,0,1,0,1,0,0,0,1,0,1,0,1,0,1,1,1,0,0
0,0.7162060656093164,0.9528357556598781,1.0871620773670785,0,1,0,0,1,0,0,1,0,0,1,0,1,0,0,0,1,0,0,0,1,0,0,1,1,0,0
0,-1.2802480369298874,0.6536985499244629,-0.970097678720466,1,1,0,0,1,0,0,1,0,0,1,0,0,0,0,0,0,0,0,0,1,0,0,1,0,0,1
0,1.6125732136881425,-1.4734993575273791,-0.31625702709667425,0,0,0,0,1,0,0,0,1,1,0,1,0,1,0,1,0,1,0,1,0,0,1,0,1,0,0
0,-0.13941712119319946,-1.3073120210077038,-0.6974434798652006,0,0,0,0,1,0,1,0,1,1,0,1,0,1,0,1,0,1,0,1,0,0,0,0,0,1,0
0,-1.2395040756535771,-0.3434254691935881,-0.9568620379993367,1,1,0,0,1,0,1,0,0,0,0,0,1,0,0,0,0,0,0,0,0,0,0,1,0,0,1
0,-0.9135523854430948,-1.1743621517919638,-0.8752422535523721,0,0,0,0,0,1,0,0,0,0,0,0,0,0,0,0,1,0,0,0,0,0,1,1,0,0,1
0,-0.5876006952326126,0.2880864095811775,-0.4314071013704999,0,1,1,0,1,0,1,1,0,0,0,0,0,0,0,0,0,0,0,0,0,0,0,1,0,1,0
1,-0.8728084241667845,1.0193106902677482,-0.5130268858174645,1,0,0,0,1,0,0,1,0,0,0,0,1,0,0,0,0,0,1,0,1,0,0,1,0,1,0
0,-0.6690886177852331,-1.506736824831314,-0.8818600739129367,0,1,0,0,1,0,0,0,1,1,0,1,0,1,0,1,0,1,0,1,0,0,1,0,0,0,1
0,1.6125732136881425,0.7201734845323329,1.7943864798994253,0,0,0,0,1,0,1,0,0,0,0,0,1,0,1,0,1,0,1,0,1,0,1,0,0,0,0
0,1.6125732136881425,1.4846352325228385,2.468521780628949,0,1,0,0,1,0,1,1,0,0,0,0,1,0,1,0,1,0,1,0,1,0,1,0,0,0,0
0,0.3495104141225239,0.32132387688511255,0.39890875986835034,0,0,1,1,1,0,0,0,0,0,1,0,0,0,0,0,1,0,1,0,1,1,0,1,1,0,0
1,1.3273654847539706,0.9860732229638132,1.6955603625149926,0,0,1,0,1,0,0,1,0,0,1,0,1,0,1,0,0,0,0,0,1,0,0,0,0,1,0
1,-0.791320501614164,-0.3434254691935881,-0.6846490271681089,0,0,0,0,1,0,0,0,0,0,0,0,1,0,1,0,0,0,0,0,0,0,0,1,0,1,0
1,-1.1580161531009565,0.35456134418904756,-0.8867131421773509,0,1,0,0,1,0,0,1,0,0,1,0,0,0,0,0,0,0,0,0,0,0,0,0,0,1,0
0,0.3495104141225239,0.022186671149697273,0.10948941609965437,0,1,0,0,1,0,1,0,0,0,0,0,0,0,1,0,0,0,0,0,1,1,0,0,0,0,1
1,-0.7098325790615434,0.32132387688511255,-0.5333215349231962,1,1,0,0,1,0,0,1,0,0,0,0,1,0,0,0,0,0,0,0,0,0,0,1,0,1,0
0,-1.2802480369298874,-0.5428502730171982,-0.9859804475858213,1,1,0,0,1,0,0,0,0,0,1,0,0,0,0,0,0,0,0,0,0,0,0,1,0,0,1
0,0.3902543753988342,1.1522605594834883,0.8890686545741753,0,1,0,0,1,0,1,1,0,0,1,0,1,0,1,0,0,0,0,0,1,1,0,1,0,1,0
0,0.7569500268856267,0.9528357556598781,1.0306900102902599,0,0,1,0,1,0,0,1,0,0,1,0,1,0,1,0,0,0,1,0,0,1,0,1,0,1,0
0,-1.2395040756535771,0.18837400766937243,-0.9423028332060943,1,0,1,1,1,0,0,1,0,0,0,0,0,0,0,0,0,0,0,0,0,0,0,0,0,1,0
1,-1.2802480369298874,-0.8087500114486784,-0.9895099517781225,1,1,1,0,0,1,0,0,0,0,0,0,1,0,0,0,0,0,1,0,0,0,0,0,0,1,0
0,-0.01718523736426863,0.6204610826205278,0.15449059455149428,0,1,0,1,1,0,1,0,0,0,0,0,1,0,1,0,1,0,1,0,1,1,0,0,1,0,0
0,-0.9135523854430948,-1.506736824831314,-0.9220081841003626,0,1,0,0,1,0,0,0,1,1,0,1,0,1,0,1,0,1,0,1,0,0,0,1,0,0,1
0,1.4088534073065913,-0.1772381326739129,0.8030369898868343,0,0,1,1,0,1,0,0,0,0,0,0,1,0,1,0,1,0,1,0,1,0,1,1,0,1,0
0,1.1643896396487294,1.6840600363464486,2.084688199716197,0,0,1,1,1,0,1,1,0,0,1,0,1,0,1,0,1,0,1,0,1,0,1,0,1,0,0
0,0.7162060656093164,1.6508225690425138,1.5477623744623812,0,1,0,0,1,0,1,1,0,0,1,0,1,0,1,0,1,0,1,0,1,1,0,0,1,0,0
0,-1.2395040756535771,-0.6758001422329384,-0.9718624308166166,1,0,1,0,1,0,0,0,0,0,0,0,0,0,0,0,0,0,0,0,0,0,0,1,1,0,0
1,-0.13941712119319946,-0.6425626749290033,-0.4653785792213987,0,0,1,0,0,1,0,0,0,0,1,0,0,0,1,0,0,0,0,0,1,0,0,1,0,1,0
1,-1.1987601143772668,-0.7755125441447435,-0.948920653566659,1,1,0,0,0,1,0,0,0,0,0,0,0,0,1,0,0,0,0,0,1,0,0,1,0,1,0
1,-0.791320501614164,1.3849228306110335,-0.4053770079522788,1,1,0,0,1,0,1,1,0,0,0,0,1,0,1,0,0,0,1,0,1,0,0,1,0,1,0
1,1.0014137945434884,0.819885886444138,1.1656935456457795,0,1,1,0,1,0,1,1,0,0,0,0,1,0,0,0,0,0,0,0,1,0,0,1,0,1,0
0,-0.05792919864057891,-0.5096128057132632,-0.336551676202406,0,0,0,0,0,1,0,0,0,0,1,0,1,0,0,0,1,0,0,0,1,0,1,1,0,0,0
0,0.512486259227765,1.6175851017385787,1.2129006642178077,0,0,1,0,1,0,1,1,0,0,1,0,1,0,1,0,1,0,1,0,1,1,0,0,0,0,1
0,1.1643896396487294,0.7866484191402029,1.430847548092405,0,0,1,1,1,0,1,0,0,0,1,0,1,0,1,0,1,0,1,0,1,0,1,0,0,0,1
0,0.7162060656093164,-1.340549488311639,-0.47993778401464104,0,1,0,0,1,0,1,0,1,1,0,1,0,1,0,1,0,1,0,1,0,0,1,0,0,0,0
1,-0.5468567339563023,1.3516853633070984,-0.12169310849607227,0,0,0,0,1,0,0,1,0,0,1,0,1,0,0,0,1,0,1,0,1,0,0,1,0,0,1
0,1.082901717096109,-1.506736824831314,-0.5222918343222551,1,1,0,0,1,0,0,0,1,1,0,1,0,1,0,1,0,1,0,1,0,0,1,0,0,0,1
0,1.5718292524118322,-1.340549488311639,-0.24301981510642498,0,0,1,0,1,0,1,0,1,1,0,1,0,1,0,1,0,1,0,1,0,0,1,1,1,0,0
1,-0.6690886177852331,0.9860732229638132,-0.34052236841874484,1,0,0,0,1,0,0,1,0,0,0,0,0,0,0,0,1,0,1,0,1,0,0,1,0,1,0
0,1.0014137945434884,-0.1772381326739129,0.5149412101902513,0,1,1,0,1,0,0,0,0,0,1,0,1,0,0,0,1,0,0,0,0,0,1,1,0,1,0
0,-1.2802480369298874,-1.340549488311639,-0.9965689601627248,1,1,0,0,0,1,0,0,0,0,0,0,0,0,0,0,0,0,0,0,0,0,0,0,0,0,0
1,-0.506112772679992,1.4181602979149686,-0.048897084529860635,0,1,1,0,1,0,1,1,0,0,0,0,1,0,0,0,1,0,1,0,1,0,0,0,0,1,0
0,-1.2802480369298874,0.18837400766937243,-0.976274311056993,1,1,0,0,1,0,0,1,0,0,0,0,0,0,0,0,0,0,0,0,0,0,0,0,0,0,1
0,-1.1172721918246462,0.6869360172283978,-0.8302410751005321,1,1,1,0,1,0,1,1,0,0,0,0,1,0,0,0,1,0,0,0,0,0,0,1,0,1,0
0,0.797693988161937,1.3516853633070984,1.4740839744480942,1,0,1,0,1,0,1,1,0,0,0,0,1,0,1,0,0,0,1,0,1,0,0,1,0,1,0
1,-0.46536881140368175,-0.011050796154237758,-0.41640670855322,0,1,1,0,1,0,0,0,0,0,1,0,1,0,0,0,0,0,0,0,1,0,0,1,0,0,0
0,-0.7505765403378537,-0.310188001889653,-0.667001506206603,0,1,0,0,0,1,0,0,0,0,0,0,0,0,1,0,1,0,1,0,1,0,0,1,0,1,0
0,-1.1172721918246462,-0.47637533840932816,-0.8995075948744427,0,0,0,0,1,0,0,0,0,0,0,0,1,0,0,0,0,0,0,0,0,0,0,0,0,0,0
0,-1.076528230548336,-0.310188001889653,-0.8650949289995062,0,0,0,0,1,0,0,0,0,0,1,0,1,0,0,0,0,0,0,0,0,0,0,0,0,0,1
0,-0.9135523854430948,-0.44313787110539316,-0.7874458367688805,0,0,0,0,1,0,0,0,0,0,0,0,1,0,0,0,0,0,0,0,0,0,0,0,0,1,0
0,-1.2802480369298874,-1.3073120210077038,-0.9961277721386872,0,0,0,1,1,0,1,0,1,1,0,1,0,1,0,1,0,1,0,1,0,0,0,0,0,0,1
0,1.4495973685829016,-0.3434254691935881,0.6195027718871734,0,0,0,0,1,0,1,0,0,0,1,0,0,0,0,0,0,0,0,0,0,0,0,0,0,0,1
0,-0.5876006952326126,1.0193106902677482,-0.2222839779766556,1,1,1,1,1,0,0,1,0,0,0,0,0,0,1,0,0,0,1,0,1,0,0,0,0,0,1
0,-0.42462485012737144,0.3877988114929826,-0.22051922588050504,0,0,0,0,1,0,1,1,0,0,0,0,0,0,0,0,0,0,0,0,0,1,0,1,1,0,0
0,-0.506112772679992,-0.6758001422329384,-0.5981761744567302,0,0,0,0,1,0,0,0,0,0,0,0,0,0,0,0,0,0,0,0,0,0,0,1,0,1,0
0,-1.2802480369298874,0.18837400766937243,-0.976274311056993,1,1,1,0,1,0,0,1,0,0,0,0,0,0,0,0,0,0,0,0,0,0,0,0,0,1,0
1,-0.9950403079957154,0.32132387688511255,-0.7397975301728147,1,1,0,0,1,0,0,1,0,0,0,0,1,0,0,0,0,0,0,0,0,0,0,1,0,1,0
0,-0.9135523854430948,-0.6758001422329384,-0.8152406822832522,1,1,0,0,1,0,0,0,0,0,0,0,0,0,0,0,0,0,0,0,0,0,0,1,1,0,0
1,-0.3431369275747509,0.3877988114929826,-0.2518435755871779,1,1,0,0,1,0,1,1,0,0,0,0,0,0,0,0,0,0,0,0,0,0,0,1,0,1,0
0,0.10504664646466222,-0.11076319806604285,-0.11551647615954522,0,1,0,0,1,0,0,0,0,0,1,0,1,0,1,0,0,0,0,0,0,1,0,0,0,0,1
0,-0.38388088885106114,0.7201734845323329,-0.15125270610659458,0,1,1,1,1,0,0,1,0,0,0,0,1,0,1,0,1,0,0,0,0,1,0,0,0,0,1
1,-1.076528230548336,0.819885886444138,-0.7570038631102829,0,0,0,0,1,0,0,1,0,0,0,0,0,0,0,0,0,0,1,0,1,0,0,1,0,1,0
0,-0.8320644628904743,-1.506736824831314,-0.9100961074513462,0,0,0,0,1,0,0,0,1,1,0,1,0,1,0,1,0,1,0,1,0,0,0,0,0,0,1
0,-1.2802480369298874,-1.4734993575273791,-0.9983337122588753,0,1,0,0,1,0,0,0,1,1,0,1,0,1,0,1,0,1,0,1,0,0,0,0,0,0,1
0,1.5718292524118322,0.3877988114929826,1.3911406259290167,0,0,1,1,1,0,0,1,0,0,0,0,0,0,1,0,0,0,0,0,0,0,1,0,0,1,0
1,0.10504664646466222,1.1854980267874233,0.5092057658777619,0,1,1,0,1,0,1,1,0,0,0,0,0,0,1,0,0,0,1,0,1,0,0,1,0,1,0
0,0.3087664528462136,0.32132387688511255,0.32302441973387513,0,1,1,1,1,0,1,0,0,0,0,0,0,0,1,0,0,0,1,0,1,0,0,1,0,1,0
0,-1.2802480369298874,0.2880864095811775,-0.9749507469848802,1,0,0,1,1,0,0,1,0,0,1,0,0,0,0,0,0,0,0,0,0,0,0,1,0,0,1
0,-0.38388088885106114,-0.011050796154237758,-0.3414047444668201,0,1,0,0,1,0,0,0,0,0,0,0,0,0,0,0,0,0,1,0,1,1,0,1,0,0,0
1,-1.1580161531009565,1.0193106902677482,-0.8324470152207204,1,0,0,0,1,0,1,1,0,0,0,0,0,0,0,0,0,0,1,0,1,0,0,1,0,1,0
0,-1.1580161531009565,0.853123353748073,-0.8500945361822262,0,1,0,0,1,0,0,1,0,0,0,0,0,0,1,0,1,0,0,0,1,0,0,1,0,1,0
0,1.4495973685829016,-0.14400066536997788,0.8056841180310602,0,0,1,1,0,1,0,0,0,0,0,0,1,0,1,0,1,0,1,0,1,0,1,0,1,0,0
0,0.22727853029359305,0.5539861480126578,0.3786141107626186,0,1,0,1,1,0,1,1,0,0,0,0,1,0,0,0,0,0,0,0,0,0,0,1,0,0,1
0,0.797693988161937,-1.340549488311639,-0.46493739119736105,0,1,1,1,1,0,1,0,1,1,0,1,0,1,0,1,0,1,0,1,0,0,1,0,0,0,1
1,-0.01718523736426863,0.32132387688511255,0.008898546619071022,1,1,1,0,1,0,1,1,0,0,0,0,0,0,0,0,0,0,0,0,0,0,0,1,0,1,0
0,-0.13941712119319946,0.35456134418904756,-0.10095727136630289,0,1,1,1,1,0,0,0,0,0,0,0,0,0,1,0,1,0,1,0,1,0,1,0,0,0,1
1,0.22727853029359305,1.2187354940913584,0.6433269251852063,0,1,1,1,1,0,1,1,0,0,0,0,1,0,0,0,0,0,1,0,1,0,0,0,0,1,0
0,0.6347181430566958,0.45427374610085264,0.6172968317669852,0,1,0,1,1,0,1,0,0,0,1,0,0,0,1,0,0,0,1,0,1,1,0,1,1,0,0
0,-1.2802480369298874,-1.506736824831314,-0.998774900282913,0,0,0,0,1,0,0,0,1,1,0,1,0,1,0,1,0,1,0,1,0,0,0,1,0,0,0
0,-0.42462485012737144,0.819885886444138,-0.17507685940462747,0,0,0,0,1,0,0,1,0,0,1,0,0,0,0,0,1,0,0,0,1,0,0,1,0,1,0
0,0.4309983366751445,1.6840600363464486,1.1524579049246502,0,0,0,0,1,0,1,1,0,0,1,0,1,0,1,0,1,0,1,0,1,0,1,0,1,0,0
1,-1.1172721918246462,0.1551365403654374,-0.856712356542791,0,0,1,0,1,0,0,1,0,0,0,0,0,0,0,0,0,0,0,0,0,0,0,1,0,1,0
0,-1.1172721918246462,0.5207486807087227,-0.8240644427640051,1,1,0,0,1,0,0,1,0,0,0,0,0,0,0,0,0,0,1,0,0,0,0,1,0,1,0
0,0.7569500268856267,1.5178726998267735,1.5014376319384284,0,1,1,1,1,0,1,1,0,0,1,0,1,0,0,0,1,0,1,0,1,1,0,0,1,0,0
0,1.5718292524118322,-1.506736824831314,-0.40934770016861766,0,1,0,0,1,0,0,0,1,1,0,1,0,1,0,1,0,1,0,1,0,0,1,1,1,0,0
0,0.22727853029359305,0.5207486807087227,0.34199550476749396,1,0,1,1,1,0,0,0,0,0,1,0,1,0,0,0,1,0,1,0,1,1,0,0,1,0,0
1,-0.3431369275747509,0.9528357556598781,-0.022866991111639506,1,1,1,0,1,0,0,1,0,0,0,0,0,0,1,0,0,0,1,0,1,0,0,1,0,1,0
0,0.10504664646466222,0.8863608210520081,0.42052697304619496,0,1,1,0,1,0,1,1,0,0,0,0,0,0,0,0,1,0,1,0,0,0,0,1,1,0,0
1,0.8791819107145575,0.5872236153165927,0.9120104318241329,1,0,0,0,1,0,1,0,0,0,1,0,1,0,0,0,1,0,1,0,1,1,0,0,0,0,0
0,1.6125732136881425,-0.14400066536997788,0.8740682617568953,0,0,1,1,0,1,0,0,0,0,0,0,1,0,1,0,1,0,1,0,1,0,1,1,0,1,0
0,-1.2802480369298874,-0.6758001422329384,-0.9877451996819718,0,1,0,0,1,0,0,0,0,0,0,0,0,0,0,0,0,0,0,0,0,0,0,1,0,1,0
0,-0.9542963467194051,-0.5428502730171982,-0.8209761265957416,0,0,1,1,1,0,0,0,0,0,1,0,0,0,0,0,0,0,0,0,0,1,0,0,0,0,1
0,1.4903413298592119,-0.14400066536997788,0.8352437156415825,0,1,0,0,0,1,0,0,0,0,1,0,1,0,0,0,1,0,1,0,1,0,1,1,0,0,0
0,0.797693988161937,1.2519729613952935,1.2596665947657981,0,0,1,0,1,0,1,1,0,0,0,0,1,0,0,0,1,0,1,0,1,0,0,1,1,0,0
1,-0.8728084241667845,0.5872236153165927,-0.6189120115864996,0,0,1,0,1,0,0,1,0,0,0,0,0,0,0,0,1,0,1,0,0,0,0,1,0,1,0
1,-1.2395040756535771,0.18837400766937243,-0.9458323373983955,1,0,0,0,1,0,0,1,0,0,0,0,0,0,0,0,0,0,0,0,0,0,0,1,0,1,0
1,-0.18016108246950976,-0.9749373479683536,-0.5778815253509985,0,0,1,1,0,1,0,0,0,0,0,0,0,0,0,0,0,0,1,0,0,0,0,1,0,1,0
1,-0.6283446565089229,0.5872236153165927,-0.3586110774042883,0,0,0,0,1,0,1,1,0,0,0,0,0,0,1,0,0,0,0,0,0,0,0,1,1,0,0
0,0.10504664646466222,-1.506736824831314,-0.6811195229758077,0,0,1,1,1,0,0,0,1,1,0,1,0,1,0,1,0,1,0,1,0,0,1,1,0,0,1
0,-0.9950403079957154,-1.506736824831314,-0.9361262008695672,0,0,0,0,1,0,0,0,1,1,0,1,0,1,0,1,0,1,0,1,0,1,0,1,0,0,1
0,0.5532302205040753,0.9860732229638132,0.9437759695548434,0,1,0,0,1,0,1,1,0,0,0,0,1,0,1,0,0,0,1,0,0,1,0,1,1,0,0
0,-1.0357842692720256,0.2880864095811775,-0.7817103924563911,1,0,0,0,1,0,1,1,0,0,0,0,0,0,0,0,0,0,0,0,0,0,0,1,0,1,0
0,-1.2395040756535771,0.5207486807087227,-0.9387733290137932,1,0,0,0,1,0,1,1,0,0,0,0,0,0,1,0,0,0,0,0,0,0,0,0,0,0,1
0,1.4495973685829016,0.35456134418904756,1.3280507384916334,1,1,1,1,1,0,1,0,0,0,0,0,1,0,1,0,1,0,0,0,1,1,0,1,0,0,0
0,0.4309983366751445,1.3184478960031634,1.0924563336555302,1,0,0,0,1,0,1,1,0,0,0,0,1,0,1,0,0,0,1,0,1,0,1,1,0,1,0
0,1.4495973685829016,0.7866484191402029,1.7052664990438209,0,0,0,0,1,0,1,0,0,0,1,0,1,0,1,0,1,0,1,0,1,0,1,1,0,1,0
0,0.1457906077409725,0.9860732229638132,0.5656778329545806,0,0,0,0,1,0,0,1,0,0,0,0,1,0,0,0,0,0,1,0,1,0,0,1,1,0,0
0,1.24587756220135,1.2852104286992283,1.90600704998095,1,1,1,0,1,0,1,1,0,0,0,0,1,0,1,0,0,0,1,0,1,0,0,1,0,1,0
1,-0.01718523736426863,-0.3434254691935881,-0.19978338875073565,0,0,0,0,1,0,0,0,0,0,0,0,1,0,0,0,1,0,0,0,0,0,0,0,0,0,0
0,1.5718292524118322,0.6869360172283978,1.7383556008466443,0,0,1,0,1,0,1,0,0,0,1,0,1,0,1,0,1,0,1,0,1,0,1,0,1,0,0
0,1.368109446030281,0.08866160575756733,0.981718139622081,0,0,1,1,1,0,1,0,0,0,1,0,1,0,1,0,0,0,0,0,0,0,0,1,0,0,0
0,1.24587756220135,-1.4734993575273791,-0.4212597768176341,0,1,0,0,1,0,0,0,1,1,0,1,0,1,0,1,0,1,0,1,0,1,0,0,0,0,1
0,0.3495104141225239,-1.4734993575273791,-0.6255298319470642,0,0,0,1,1,0,0,0,1,1,0,1,0,1,0,1,0,1,0,1,0,1,0,1,1,0,0
1,-1.2802480369298874,0.2548489422772425,-0.9753919350089177,0,0,0,0,1,0,1,1,0,0,0,0,0,0,0,0,0,0,0,0,0,0,0,1,0,1,0
0,-1.2395040756535771,0.853123353748073,-0.9330378847013038,1,0,0,0,1,0,0,1,0,0,0,0,0,0,0,0,0,0,1,0,1,0,0,1,0,1,0
0,1.5310852911355222,-1.506736824831314,-0.4322894774185752,0,0,1,0,1,0,0,0,1,1,0,1,0,1,0,1,0,1,0,1,0,0,1,0,0,0,0
0,-0.38388088885106114,-0.6758001422329384,-0.5677342007981326,0,0,0,0,0,1,0,0,0,0,0,0,0,0,0,0,0,0,1,0,1,0,0,1,0,1,0
1,1.2866215234776603,1.0857856248756181,1.8296815218224374,0,0,1,0,1,0,0,1,0,0,1,0,1,0,1,0,0,0,0,0,1,1,0,0,0,0,0
0,0.18653456901728277,-0.07752573076210782,-0.0021311539818701336,0,1,1,1,1,0,1,0,0,0,1,0,0,0,1,0,1,0,0,0,0,0,1,1,1,0,0
0,-0.6283446565089229,-0.6758001422329384,-0.7067084283699913,0,1,0,1,1,0,0,0,0,0,0,0,0,0,0,0,0,0,0,0,0,1,0,0,0,0,1
1,-1.0357842692720256,0.819885886444138,-0.7539155469420193,0,0,0,0,1,0,0,1,0,0,0,0,0,0,0,0,0,0,1,0,1,0,0,1,0,1,0
0,-1.1580161531009565,0.6536985499244629,-0.8434767158216615,1,1,1,1,1,0,1,1,0,0,0,0,1,0,1,0,0,0,0,0,0,0,0,1,0,0,0
1,-0.46536881140368175,-0.7755125441447435,-0.6365595325480055,1,0,0,0,0,1,0,0,0,0,1,0,0,0,0,0,0,0,1,0,0,0,0,1,0,1,0
0,-0.9135523854430948,0.5207486807087227,-0.6339124044037796,1,0,0,0,1,0,0,1,0,0,0,0,0,0,0,0,0,0,0,0,1,0,0,1,0,0,0
1,-0.6690886177852331,-0.3434254691935881,-0.6149413193701608,0,0,0,0,1,0,1,0,0,0,1,0,0,0,0,0,0,0,0,0,0,0,0,1,0,1,0
0,1.2866215234776603,1.3516853633070984,2.003068415269232,0,1,1,0,1,0,1,1,0,0,0,0,1,0,0,0,1,0,1,0,1,0,1,1,0,1,0
1,-0.22090504374582004,-1.1411246844880287,-0.6520011133893231,1,1,1,0,0,1,0,0,0,0,1,0,0,0,0,0,0,0,0,0,0,0,0,0,1,0,0
0,0.3902543753988342,1.0857856248756181,0.764653631795559,0,1,1,1,1,0,1,1,0,0,1,0,0,0,0,0,0,0,1,0,1,1,0,0,0,1,0
0,-1.1172721918246462,-1.4734993575273791,-0.9705388667445036,0,1,0,1,1,0,0,0,1,1,0,1,0,1,0,1,0,1,0,1,0,0,0,0,0,0,1
0,0.3495104141225239,1.1190230921795532,0.7395059144254132,0,0,0,0,1,0,0,1,0,0,0,0,1,0,0,0,1,0,1,0,1,0,1,1,0,0,0
0,1.0421577558197987,-0.47637533840932816,0.2625816604407176,0,1,1,0,1,0,0,0,0,0,0,0,0,0,1,0,0,0,0,0,0,1,0,0,1,0,0
0,0.5939741817803856,-1.4734993575273791,-0.5902347900240525,0,0,0,0,1,0,0,0,1,1,0,1,0,1,0,1,0,1,0,1,0,0,1,1,0,0,1
0,-0.5876006952326126,0.35456134418904756,-0.40140631573594,0,1,0,0,1,0,0,1,0,0,0,0,0,0,0,0,1,0,0,0,0,0,0,1,0,0,0
0,-1.1172721918246462,1.052548157571683,-0.7900929649131063,1,1,0,0,1,0,0,1,0,0,0,0,0,0,1,0,0,0,1,0,1,0,0,0,0,0,0
0,-0.38388088885106114,-0.1772381326739129,-0.3868471109426977,0,1,1,0,1,0,0,0,0,0,1,0,0,0,0,0,0,0,0,0,1,0,0,1,0,0,0
0,-1.2802480369298874,-1.506736824831314,-0.998774900282913,0,0,0,0,1,0,0,0,1,1,0,1,0,1,0,1,0,1,0,1,0,0,0,0,0,0,1
0,1.5718292524118322,1.1190230921795532,2.064393550610465,0,1,1,0,1,0,1,1,0,0,0,0,0,0,1,0,0,0,1,0,1,1,0,1,1,0,0
0,1.6125732136881425,1.5843476344346437,2.5779364105902856,0,1,1,1,1,0,1,1,0,0,1,0,1,0,1,0,1,0,1,0,1,0,1,1,1,0,0
0,0.02355872391204165,-1.4734993575273791,-0.7027377361536524,0,1,1,1,1,0,0,0,1,1,0,1,0,1,0,1,0,1,0,1,0,1,0,0,0,0,1
0,-1.2395040756535771,0.6869360172283978,-0.9273024403888144,1,1,0,0,1,0,1,1,0,0,0,0,0,0,0,0,0,0,1,0,0,0,0,1,0,1,0
0,-0.3431369275747509,-0.9749373479683536,-0.6409714127883819,0,1,0,1,0,1,0,0,0,0,1,0,0,0,0,0,1,0,0,0,0,0,1,0,0,0,1
0,0.9606698332671781,1.1522605594834883,1.467024966063492,0,0,1,1,1,0,1,1,0,0,0,0,1,0,1,0,1,0,0,0,1,1,0,1,1,0,0
0,0.18653456901728277,1.052548157571683,0.6014140629016299,0,1,0,0,1,0,0,1,0,0,0,0,1,0,0,0,0,0,1,0,1,0,0,1,1,0,0
0,0.4309983366751445,0.6869360172283978,0.6084730712862323,0,0,0,0,1,0,1,0,0,0,0,0,1,0,1,0,1,0,1,0,1,1,0,0,1,0,0
0,-1.2802480369298874,-1.3073120210077038,-0.9961277721386872,0,1,0,0,0,1,0,0,0,0,0,0,0,0,0,0,0,0,0,0,0,0,0,0,0,0,1
0,-0.3023929662984406,1.3184478960031634,0.12493099694097198,1,0,1,0,1,0,1,1,0,0,0,0,0,0,1,0,1,0,1,0,1,0,0,1,0,0,0
0,1.1643896396487294,0.819885886444138,1.334668558852198,0,0,0,0,1,0,1,0,0,0,1,0,1,0,1,0,1,0,1,0,1,0,1,0,0,1,0
0,-0.6283446565089229,0.7201734845323329,-0.38508235884654707,0,1,0,0,1,0,1,1,0,0,0,0,0,0,1,0,1,0,0,0,0,1,0,0,0,1,0
0,0.3495104141225239,0.7201734845323329,0.46596933952207253,0,0,1,0,1,0,0,1,0,0,0,0,1,0,1,0,1,0,0,0,0,1,0,1,0,0,0
0,-1.2802480369298874,-0.47637533840932816,-0.985098071537746,1,1,0,0,1,0,0,0,0,0,0,0,1,0,0,0,0,0,0,0,0,0,0,0,0,0,1
1,1.6125732136881425,-0.011050796154237758,1.0805442570065138,0,1,1,1,0,1,0,0,0,0,1,0,1,0,1,0,1,0,1,0,1,0,1,1,0,0,0
0,-1.2802480369298874,0.853123353748073,-0.9674505505762402,1,1,0,0,1,0,1,1,0,0,0,0,1,0,0,0,0,0,0,0,1,0,0,1,1,0,0
0,0.6347181430566958,1.4513977652189036,1.2283422450591253,0,1,0,0,1,0,1,1,0,0,0,0,1,0,1,0,0,0,1,0,1,0,1,1,0,0,0
1,-0.8728084241667845,-1.506736824831314,-0.912743235595572,1,1,1,0,1,0,0,0,1,1,0,1,0,1,0,1,0,1,0,1,0,0,0,0,0,0,1
1,0.9199258719908678,0.6869360172283978,1.1431929564198595,1,0,1,0,1,0,1,1,0,0,0,0,1,0,1,0,0,0,0,0,0,0,0,1,0,1,0
0,0.3902543753988342,-0.3434254691935881,0.028752007700765105,0,0,0,0,0,1,0,0,0,0,1,0,1,0,1,0,1,0,0,0,1,1,0,1,0,1,0
0,0.4717422979514547,0.853123353748073,0.7853894689253285,0,1,0,0,1,0,1,1,0,0,0,0,0,0,1,0,0,0,0,0,1,0,0,1,0,0,1
0,-1.2802480369298874,-0.6758001422329384,-0.9877451996819718,0,1,0,1,1,0,0,0,0,0,0,0,0,0,0,0,0,0,0,0,0,0,0,0,0,1,0
0,-0.22090504374582004,1.0193106902677482,0.13772544963806374,0,0,0,0,1,0,1,1,0,0,0,0,0,0,0,0,0,0,1,0,1,0,0,1,0,0,0
1,-0.22090504374582004,0.6536985499244629,0.0115456747632969,0,1,1,0,1,0,1,0,0,0,0,0,1,0,1,0,1,0,1,0,1,0,0,1,0,0,0
1,-1.2395040756535771,-0.6758001422329384,-0.9678917386002778,0,0,0,0,1,0,0,0,0,0,0,0,0,0,0,0,0,0,0,0,0,0,0,1,0,1,0
0,-0.5468567339563023,-1.506736824831314,-0.8452414679178122,0,0,0,0,1,0,0,0,1,1,0,1,0,1,0,1,0,1,0,1,0,0,0,0,0,0,1
1,0.3902543753988342,1.0193106902677482,0.7328880940648486,0,0,1,0,1,0,1,1,0,0,0,0,0,0,0,0,0,0,1,0,1,0,0,1,0,1,0
0,1.368109446030281,0.853123353748073,1.6245290906449317,0,0,0,0,1,0,1,0,0,0,1,0,1,0,1,0,1,0,1,0,1,0,1,1,1,0,0
1,0.02355872391204165,1.4846352325228385,0.622591088055437,0,1,1,0,1,0,1,1,0,0,1,0,0,0,1,0,1,0,1,0,1,0,0,1,0,0,0
0,0.06430268518835193,0.2880864095811775,0.10640109993139085,1,0,0,0,1,0,0,1,0,0,0,0,1,0,0,0,0,0,0,0,0,0,0,1,1,0,0
1,0.02355872391204165,-0.3434254691935881,-0.21169546539975212,0,1,0,0,0,1,0,0,0,0,0,0,0,0,1,0,1,0,1,0,1,0,0,1,0,1,0
0,-0.38388088885106114,-1.4734993575273791,-0.8240644427640051,0,0,1,1,1,0,0,0,1,1,0,1,0,1,0,1,0,1,0,1,0,1,0,0,0,0,1
0,-0.01718523736426863,-1.506736824831314,-0.731856145740137,0,0,0,0,1,0,0,0,1,1,0,1,0,1,0,1,0,1,0,1,0,1,0,0,0,0,0
0,-0.8728084241667845,-1.4734993575273791,-0.9025959110427062,0,0,0,0,1,0,0,0,1,1,0,1,0,1,0,1,0,1,0,1,0,1,0,0,1,0,0
0,1.4903413298592119,1.1522605594834883,2.084247011692159,1,1,1,1,1,0,1,1,0,0,0,0,0,0,1,0,0,0,1,0,1,0,0,1,1,0,0
0,1.4495973685829016,-0.310188001889653,0.6905340437572345,0,0,1,0,1,0,0,0,0,0,1,0,0,0,0,0,1,0,0,0,0,1,0,0,0,0,0
0,-0.506112772679992,-1.506736824831314,-0.8222996906678546,0,1,0,0,1,0,0,0,1,1,0,1,0,1,0,1,0,1,0,1,0,0,1,1,0,0,1
0,1.6125732136881425,-1.506736824831314,-0.3594934534523636,0,1,0,0,1,0,0,0,1,1,0,1,0,1,0,1,0,1,0,1,0,0,1,1,1,0,0
0,1.1236456783724194,1.0193106902677482,1.5570273229671718,0,1,1,1,1,0,1,1,0,0,1,0,0,0,1,0,0,0,1,0,0,1,0,1,0,0,0
1,-0.01718523736426863,0.9528357556598781,0.25508146403207765,0,1,1,1,1,0,0,1,0,0,0,0,1,0,0,0,0,0,1,0,1,0,0,1,0,0,1
0,-1.2802480369298874,-1.506736824831314,-0.998774900282913,1,0,0,0,1,0,0,0,1,1,0,1,0,1,0,1,0,1,0,1,0,0,0,1,0,0,1
0,-1.2802480369298874,-1.506736824831314,-0.998774900282913,1,1,0,0,1,0,0,0,1,1,0,1,0,1,0,1,0,1,0,1,0,0,0,1,0,0,1
1,-1.1987601143772668,0.5539861480126578,-0.9043606631388568,1,1,0,0,1,0,1,1,0,0,0,0,1,0,0,0,0,0,0,0,0,0,0,1,0,1,0
0,0.5532302205040753,-1.340549488311639,-0.5368510391154974,0,0,1,0,1,0,1,0,1,1,0,1,0,1,0,1,0,1,0,1,0,1,0,1,0,0,0
0,-0.13941712119319946,0.32132387688511255,-0.0590444090827265,0,0,1,0,1,0,1,1,0,0,0,0,0,0,0,0,0,0,0,0,0,0,0,1,0,1,0
0,0.7569500268856267,0.7534109518362679,0.9662765587807634,0,1,0,0,1,0,1,1,0,0,0,0,1,0,1,0,1,0,0,0,0,0,0,1,0,1,0
1,0.6347181430566958,0.18837400766937243,0.5568540724738277,0,0,1,0,1,0,0,1,0,0,0,0,0,0,0,0,0,0,0,0,0,0,0,1,0,0,0
0,-0.6690886177852331,0.2880864095811775,-0.47993778401464104,0,0,1,1,1,0,0,1,0,0,0,0,1,0,0,0,0,0,0,0,0,0,0,0,0,0,0
0,1.5310852911355222,1.1190230921795532,2.01850999611055,0,1,1,0,1,0,1,1,0,0,0,0,1,0,1,0,1,0,0,0,1,0,1,1,0,0,0
0,0.3087664528462136,-1.340549488311639,-0.5553809361250786,0,0,1,1,1,0,1,0,1,1,0,1,0,1,0,1,0,1,0,1,0,0,1,1,0,0,1
0,-0.42462485012737144,0.6204610826205278,-0.19316556839017096,1,0,1,1,1,0,0,1,0,0,0,0,1,0,0,0,0,0,0,0,1,0,0,0,0,1,0
1,-1.2802480369298874,0.35456134418904756,-0.9740683709368049,1,0,0,0,1,0,0,1,0,0,0,0,0,0,1,0,0,0,0,0,0,0,0,1,0,0,0
0,-1.1172721918246462,-1.340549488311639,-0.948920653566659,0,0,1,1,1,0,1,0,1,1,0,1,0,1,0,1,0,1,0,1,0,0,0,1,0,0,1
0,-1.0357842692720256,0.1551365403654374,-0.7799456403602405,0,0,0,0,1,0,0,1,0,0,0,0,0,0,0,0,0,0,0,0,0,0,0,1,0,0,0
0,-0.13941712119319946,1.1854980267874233,0.2414046352869106,0,1,0,1,1,0,1,1,0,0,0,0,1,0,1,0,1,0,0,0,1,1,0,0,1,0,0
0,0.4717422979514547,-1.3073120210077038,-0.517438766057841,0,1,1,1,1,0,1,0,1,1,0,1,0,1,0,1,0,1,0,1,0,1,0,0,0,0,1
0,-0.9135523854430948,-0.8087500114486784,-0.8090640499467251,0,0,0,0,0,1,0,0,0,0,1,0,1,0,1,0,0,0,0,0,0,0,0,0,0,0,0
1,0.9199258719908678,-0.44313787110539316,0.24493413947921178,0,0,1,0,1,0,1,0,0,0,0,0,0,0,0,0,0,0,0,0,0,0,0,0,0,0,0
1,0.797693988161937,1.3516853633070984,1.364669344486758,0,1,1,0,1,0,1,1,0,0,0,0,1,0,1,0,0,0,1,0,1,1,0,1,0,0,0
0,-0.9135523854430948,0.6869360172283978,-0.6286181481153278,0,0,1,1,1,0,1,1,0,0,0,0,0,0,0,0,0,0,0,0,1,0,0,0,0,1,0
0,-0.5876006952326126,0.35456134418904756,-0.39170017920711175,0,1,0,0,1,0,1,1,0,0,0,0,0,0,0,0,0,0,0,0,0,0,0,1,0,0,0
0,1.4495973685829016,-0.21047559997784793,0.7465649228100155,0,0,1,0,1,0,1,0,0,0,1,0,0,0,0,0,1,0,0,0,0,1,0,0,0,0,0
0,1.1643896396487294,-1.506736824831314,-0.48567322832713045,1,0,1,1,1,0,0,0,1,1,0,1,0,1,0,1,0,1,0,1,0,0,0,1,0,0,1
0,1.6125732136881425,0.022186671149697273,1.1034860342564714,0,0,1,1,0,1,0,0,0,0,1,0,1,0,1,0,1,0,1,0,1,0,1,1,1,0,0
0,-1.2395040756535771,-0.3766629364975231,-0.9546560978791484,0,1,0,0,1,0,0,0,0,0,1,0,0,0,1,0,0,0,0,0,0,0,0,0,0,1,0
0,-0.8320644628904743,-0.6425626749290033,-0.7786220762881275,1,1,0,0,1,0,0,0,0,0,0,0,0,0,0,0,0,0,0,0,0,0,0,1,0,0,0
0,0.3495104141225239,-1.506736824831314,-0.6105294391297843,0,1,1,0,1,0,0,0,1,1,0,1,0,1,0,1,0,1,0,1,0,0,1,1,0,1,0
0,-0.26164900502213034,-0.6758001422329384,-0.4852320403030928,0,0,0,0,0,1,0,0,0,0,0,0,0,0,1,0,1,0,1,0,0,0,0,1,1,0,0
0,0.1457906077409725,-1.4734993575273791,-0.689502095432523,0,1,1,0,1,0,0,0,1,1,0,1,0,1,0,1,0,1,0,1,0,1,0,0,0,0,0
0,1.6125732136881425,1.6508225690425138,2.7288227148111606,0,1,1,1,1,0,1,1,0,0,1,0,1,0,1,0,1,0,1,0,1,0,1,1,1,0,0
0,0.10504664646466222,0.819885886444138,0.38743787124337153,0,1,1,0,1,0,1,1,0,0,0,0,0,0,0,0,1,0,0,0,1,0,0,1,0,0,0
0,-1.2802480369298874,-0.310188001889653,-0.9828921314175577,0,1,0,0,1,0,0,0,0,0,0,0,0,0,1,0,1,0,0,0,0,0,0,0,0,0,1
0,-0.6690886177852331,1.5843476344346437,-0.17684161150077804,0,0,1,1,1,0,1,1,0,0,1,0,0,0,1,0,1,0,1,0,1,0,0,1,0,1,0
1,0.6754621043330061,1.2187354940913584,1.2296658091312382,0,0,0,0,1,0,1,1,0,0,1,0,0,0,0,0,0,0,1,0,1,0,0,0,1,0,0
0,0.8791819107145575,1.6508225690425138,1.6615888846640938,0,0,1,0,1,0,1,1,0,0,1,0,1,0,1,0,1,0,1,0,1,1,0,1,0,0,1
0,-0.5876006952326126,-0.011050796154237758,-0.4927322367117328,0,0,0,1,1,0,1,0,0,0,1,0,0,0,0,0,0,0,0,0,1,0,0,0,0,1,0
0,0.1457906077409725,0.5207486807087227,0.2886117538589387,0,0,1,0,1,0,0,1,0,0,0,0,0,0,0,0,0,0,0,0,1,0,0,0,0,1,0
0,1.1236456783724194,1.3516853633070984,1.8146811290051574,1,0,0,0,1,0,1,1,0,0,0,0,1,0,1,0,0,0,1,0,1,0,0,1,0,1,0
0,-1.2802480369298874,0.1551365403654374,-0.9767154990810307,1,0,0,0,1,0,0,1,0,0,0,0,0,0,0,0,0,0,0,0,0,0,0,0,0,0,1
0,0.797693988161937,-1.3073120210077038,-0.44684868221181756,0,0,1,1,1,0,1,0,1,1,0,1,0,1,0,1,0,1,0,1,0,0,1,1,0,0,0
0,-0.9950403079957154,0.9860732229638132,-0.6722957624950548,0,1,1,1,1,0,0,1,0,0,0,0,0,0,1,0,0,0,1,0,1,0,0,1,0,1,0
0,1.6125732136881425,1.3516853633070984,2.3507245782108974,0,1,1,1,1,0,0,1,0,0,1,0,1,0,0,0,1,0,1,0,1,0,1,0,0,0,0
0,1.2866215234776603,-1.340549488311639,-0.2827267372698132,0,0,0,0,1,0,1,0,1,1,0,1,0,1,0,1,0,1,0,1,0,1,0,0,0,0,1
1,-0.42462485012737144,0.1551365403654374,-0.32552197560146484,0,0,0,0,1,0,0,0,0,0,1,0,0,0,1,0,1,0,0,0,1,0,0,1,0,0,1
0,1.1236456783724194,-0.14400066536997788,0.5731780293632206,0,1,1,0,0,1,0,0,0,0,0,0,1,0,1,0,1,0,1,0,1,0,0,1,0,0,0
0,-0.18016108246950976,0.5539861480126578,-0.024631743207790092,1,0,1,1,1,0,0,1,0,0,0,0,0,0,0,0,0,0,0,0,1,0,0,1,0,1,0
0,1.1643896396487294,-1.340549488311639,-0.3819940426782836,0,0,1,0,1,0,1,0,1,1,0,1,0,1,0,1,0,1,0,1,0,0,1,0,0,0,1
0,-0.3431369275747509,1.3184478960031634,0.09316545921026145,0,0,0,0,1,0,1,1,0,0,0,0,1,0,1,0,0,0,1,0,1,0,0,1,0,1,0
0,-0.18016108246950976,0.919598288355943,0.21405097779657653,0,1,1,1,1,0,0,1,0,0,0,0,1,0,1,0,1,0,1,0,0,1,0,0,0,0,0
0,-0.09867315991688919,0.5207486807087227,0.038016956205555674,0,0,1,1,1,0,0,0,0,0,0,0,1,0,1,0,1,0,1,0,1,0,1,0,0,0,0
0,-1.2395040756535771,-1.4734993575273791,-0.9903923278261978,0,1,1,0,1,0,0,0,1,1,0,1,0,1,0,1,0,1,0,1,0,0,0,0,0,0,1
0,-1.2802480369298874,0.35456134418904756,-0.9740683709368049,0,1,0,0,1,0,1,1,0,0,0,0,0,0,0,0,0,0,0,0,0,0,0,1,0,1,0
0,-1.076528230548336,-1.506736824831314,-0.9630386703358637,0,1,0,1,1,0,0,0,1,1,0,1,0,1,0,1,0,1,0,1,0,0,0,0,0,0,1
0,-0.3431369275747509,0.1551365403654374,-0.29508000194286726,0,0,1,0,1,0,0,0,0,0,0,0,1,0,0,0,0,0,1,0,1,0,0,1,0,0,0
0,-1.1580161531009565,1.2187354940913584,-0.8373000834851345,1,1,1,1,1,0,1,1,0,0,0,0,0,0,1,0,0,0,1,0,1,0,0,0,0,1,0
0,-1.0357842692720256,1.1522605594834883,-0.7102379325622924,1,1,0,0,1,0,1,1,0,0,0,0,1,0,0,0,0,0,1,0,1,0,0,1,0,1,0
1,1.6125732136881425,1.7172975036503837,2.700586681272751,0,1,1,0,1,0,1,1,0,0,1,0,1,0,1,0,1,0,1,0,1,0,1,1,0,0,0
0,1.5310852911355222,-0.8087500114486784,0.22772780654174357,0,1,0,0,0,1,0,0,0,0,0,0,0,0,0,0,1,0,0,0,1,0,1,1,0,0,1
1,1.2866215234776603,1.2519729613952935,1.8773298284185032,0,1,1,0,1,0,1,1,0,0,0,0,0,0,1,0,1,0,1,0,1,0,1,0,0,1,0
0,1.6125732136881425,0.819885886444138,1.8993892296203854,0,1,1,1,1,0,1,1,0,0,0,0,1,0,0,0,0,0,1,0,0,1,0,1,0,1,0
0,0.4717422979514547,-1.506736824831314,-0.6242062678749514,0,0,0,1,1,0,0,0,1,1,0,1,0,1,0,1,0,1,0,1,0,0,1,0,0,0,1
0,-0.791320501614164,-0.310188001889653,-0.683325463095996,1,0,1,1,1,0,0,0,0,0,0,0,0,0,0,0,0,0,0,0,1,0,0,0,0,1,0
1,-0.6283446565089229,-1.4734993575273791,-0.861565424807205,0,0,0,0,1,0,0,0,1,1,0,1,0,1,0,1,0,1,0,1,0,1,0,0,0,0,1
0,-1.2802480369298874,-0.310188001889653,-0.9828921314175577,1,1,0,0,1,0,0,0,0,0,0,0,0,0,0,0,0,0,0,0,1,0,0,1,0,1,0
0,-0.9542963467194051,0.18837400766937243,-0.7583274271823959,0,1,1,0,1,0,0,0,0,0,0,0,0,0,1,0,0,0,1,0,1,0,0,1,0,0,1
0,-0.3431369275747509,-0.3766629364975231,-0.4269952211301235,0,1,1,0,1,0,0,0,0,0,1,0,0,0,0,0,1,0,0,0,0,0,0,0,0,0,1
0,-1.2802480369298874,0.32132387688511255,-0.9745095589608425,1,0,1,1,1,0,0,1,0,0,0,0,1,0,0,0,0,0,0,0,0,0,0,1,0,1,0
0,-0.3431369275747509,0.5207486807087227,-0.18610656000556863,1,1,0,0,1,0,1,1,0,0,0,0,1,0,0,0,0,0,0,0,0,0,0,1,0,1,0
1,0.10504664646466222,0.3877988114929826,0.20478602929178596,0,1,1,1,1,0,0,0,0,0,0,0,1,0,0,0,1,0,1,0,1,0,0,1,0,1,0
0,-1.0357842692720256,0.35456134418904756,-0.7627393074227723,0,0,1,1,1,0,0,0,0,0,1,0,1,0,1,0,1,0,1,0,0,0,0,1,0,1,0
0,-1.1172721918246462,1.052548157571683,-0.8072992978505745,1,1,0,0,1,0,0,1,0,0,0,0,0,0,0,0,1,0,1,0,1,0,0,1,0,1,0
0,-0.7098325790615434,0.1551365403654374,-0.5686165768462079,1,0,0,1,1,0,0,1,0,0,0,0,0,0,0,0,0,0,0,0,0,0,0,0,0,0,0
0,-0.8728084241667845,-1.506736824831314,-0.9078901673311579,0,1,1,1,1,0,0,0,1,1,0,1,0,1,0,1,0,1,0,1,0,0,1,0,0,0,1
0,0.6347181430566958,-0.6425626749290033,-0.06080916117887709,1,0,1,0,0,1,0,0,0,0,1,0,0,0,1,0,0,0,0,0,1,0,0,1,0,0,0
1,-0.506112772679992,0.5539861480126578,-0.2699322845727214,0,0,0,0,1,0,0,1,0,0,0,0,0,0,0,0,0,0,0,0,1,0,0,1,0,1,0
0,1.6125732136881425,1.4513977652189036,2.523670283633655,0,0,1,0,1,0,1,1,0,0,0,0,1,0,1,0,1,0,1,0,1,1,0,1,0,0,0
0,-0.9950403079957154,0.6204610826205278,-0.7071496163940288,1,0,1,1,1,0,0,1,0,0,0,0,1,0,0,0,0,0,1,0,0,0,0,1,0,1,0
0,1.6125732136881425,0.6536985499244629,1.6973251146111432,0,1,1,1,1,0,1,1,0,0,0,0,0,0,0,0,0,0,0,0,1,0,1,1,1,0,0
0,-0.7098325790615434,1.1854980267874233,-0.38287641872635886,0,0,0,0,1,0,1,1,0,0,0,0,1,0,0,0,0,0,1,0,1,0,0,1,0,1,0
0,1.6125732136881425,0.7866484191402029,1.728649464317816,0,1,0,0,1,0,1,0,0,0,0,0,1,0,1,0,1,0,1,0,1,0,1,1,0,0,0
0,-1.2802480369298874,0.32132387688511255,-0.9745095589608425,1,1,0,1,1,0,1,1,0,0,0,0,0,0,0,0,0,0,0,0,0,0,0,1,0,1,0
0,1.24587756220135,1.3184478960031634,1.9033599218367243,0,1,1,1,1,0,1,1,0,0,0,0,1,0,1,0,0,0,1,0,1,0,1,1,0,0,0
0,-1.2395040756535771,-0.1772381326739129,-0.9568620379993367,0,0,0,0,1,0,0,0,0,0,0,0,1,0,0,0,0,0,1,0,0,0,0,1,0,1,0
0,-1.2395040756535771,0.32132387688511255,-0.9458323373983955,1,0,1,0,1,0,0,1,0,0,1,0,0,0,0,0,0,0,0,0,0,0,0,1,0,1,0
1,1.1643896396487294,-0.011050796154237758,0.7143581970552674,0,1,1,0,1,0,1,0,0,0,0,0,1,0,0,0,0,0,0,0,1,1,0,0,0,0,0
0,-1.2802480369298874,-1.4734993575273791,-0.9983337122588753,0,1,0,0,1,0,0,0,1,1,0,1,0,1,0,1,0,1,0,1,0,0,0,0,0,0,1
0,-0.42462485012737144,-0.7090376095368733,-0.6087646870336337,1,1,0,0,0,1,0,0,0,0,0,0,1,0,1,0,0,0,0,0,1,1,0,1,0,0,0
0,-0.18016108246950976,-0.14400066536997788,-0.21963684983242973,0,1,1,0,1,0,0,0,0,0,1,0,1,0,0,0,1,0,0,0,0,0,0,0,0,0,1
0,1.5310852911355222,-1.506736824831314,-0.39081780315903647,0,0,1,0,1,0,0,0,1,1,0,1,0,1,0,1,0,1,0,1,0,0,1,0,0,0,0
1,-1.1172721918246462,-1.2075996190958989,-0.9493618415906967,1,0,0,0,0,1,0,0,0,0,0,0,1,0,0,0,0,0,0,0,0,0,0,0,0,1,0
0,-0.8320644628904743,1.1522605594834883,-0.4609666989810222,1,0,0,0,1,0,1,1,0,0,1,0,1,0,1,0,0,0,0,0,1,0,0,1,0,0,0
0,0.06430268518835193,1.7172975036503837,0.7130346329831545,0,1,0,0,1,0,1,1,0,0,1,0,1,0,1,0,1,0,1,0,1,1,0,0,1,0,0
1,1.5718292524118322,0.5207486807087227,1.4970257516980519,0,0,1,0,1,0,1,1,0,0,1,0,0,0,0,0,0,0,0,0,0,0,1,1,1,0,0
0,1.5310852911355222,0.022186671149697273,0.9971597204633986,0,0,1,1,1,0,1,0,0,0,1,0,0,0,0,0,0,0,0,0,1,1,0,0,0,0,0
0,0.797693988161937,0.6536985499244629,0.9014219192472294,0,0,1,1,1,0,0,1,0,0,1,0,0,0,1,0,1,0,0,0,0,0,0,1,0,0,0
0,1.4903413298592119,0.4875112134047877,1.4202590355155014,0,1,0,1,1,0,1,0,0,0,1,0,1,0,1,0,1,0,1,0,0,0,1,1,1,0,0
1,-0.506112772679992,0.9860732229638132,-0.22096041390454269,1,0,0,0,1,0,1,1,0,0,0,0,1,0,1,0,0,0,0,0,1,0,0,1,0,1,0
0,-0.8728084241667845,0.45427374610085264,-0.6317064642835913,0,1,0,1,1,0,1,1,0,0,0,0,0,0,1,0,0,0,0,0,0,0,0,1,0,0,1
0,-1.2395040756535771,0.9860732229638132,-0.9334790727253414,1,1,1,0,1,0,0,1,0,0,0,0,0,0,0,0,1,0,1,0,1,0,0,1,0,1,0
0,-1.076528230548336,0.5207486807087227,-0.7856810846727299,1,0,1,1,1,0,1,1,0,0,0,0,0,0,0,0,1,0,0,0,0,0,0,1,0,1,0
0,-1.2802480369298874,-1.506736824831314,-0.998774900282913,0,0,0,0,1,0,0,0,1,1,0,1,0,1,0,1,0,1,0,1,0,0,0,0,0,0,1
1,-0.506112772679992,0.9860732229638132,-0.2050776450391874,0,1,1,1,1,0,0,1,0,0,1,0,0,0,1,0,1,0,0,0,1,1,0,0,1,0,0
0,1.1643896396487294,1.3849228306110335,1.7723270786975431,0,1,0,0,1,0,1,1,0,0,1,0,0,0,1,0,0,0,1,0,1,0,0,1,0,1,0
1,-1.1172721918246462,0.32132387688511255,-0.8598006727110544,1,0,1,0,1,0,1,1,0,0,0,0,0,0,0,0,0,0,0,0,0,0,0,1,0,1,0
0,0.9606698332671781,1.3516853633070984,1.602910877467087,0,0,0,0,1,0,1,1,0,0,0,0,1,0,0,0,1,0,1,0,1,0,0,1,0,0,0
0,-0.09867315991688919,1.0193106902677482,0.2511107718157388,0,1,0,0,1,0,1,1,0,0,1,0,1,0,1,0,1,0,0,0,0,0,0,1,1,0,0
0,0.3087664528462136,1.3184478960031634,0.8153902545598883,1,1,0,0,1,0,1,1,0,0,0,0,0,0,1,0,1,0,1,0,1,0,0,0,0,0,0
0,-0.18016108246950976,-0.3434254691935881,-0.3250807875774272,0,0,0,0,1,0,0,0,0,0,1,0,0,0,0,0,1,0,0,0,0,1,0,0,0,0,1
1,-1.1172721918246462,0.18837400766937243,-0.8739186894802592,0,0,1,0,1,0,0,1,0,0,0,0,0,0,0,0,0,0,0,0,0,0,0,0,0,1,0
1,-0.22090504374582004,0.35456134418904756,-0.15610577437100867,1,0,1,0,1,0,0,1,0,0,1,0,0,0,0,0,0,0,0,0,0,0,0,1,0,0,0
0,-0.8320644628904743,-1.4734993575273791,-0.890242646369652,0,1,0,0,1,0,0,0,1,1,0,1,0,1,0,1,0,1,0,1,0,0,0,0,1,0,0
0,1.4088534073065913,1.3516853633070984,2.0763056272594818,0,1,1,1,1,0,1,1,0,0,0,0,1,0,1,0,0,0,1,0,1,1,0,1,0,1,0
1,-0.13941712119319946,-0.44313787110539316,-0.3709643420773424,0,1,1,0,1,0,1,0,0,0,0,0,0,0,0,0,0,0,0,0,0,0,0,1,0,1,0
0,0.9199258719908678,0.6869360172283978,1.0721616845497985,0,1,1,1,1,0,1,1,0,0,0,0,0,0,0,0,0,0,0,0,1,0,0,0,0,0,0
0,-0.38388088885106114,0.35456134418904756,-0.23154892648144618,1,0,0,0,1,0,1,1,0,0,0,0,0,0,0,0,0,0,0,0,0,0,0,0,0,0,0
0,0.06430268518835193,1.1854980267874233,0.5281768509113807,1,1,1,0,1,0,1,1,0,0,0,0,0,0,1,0,0,0,1,0,1,0,0,1,0,1,0
0,0.797693988161937,0.8863608210520081,1.0831913851507398,0,1,0,0,1,0,0,1,0,0,1,0,0,0,1,0,0,0,1,0,0,1,0,0,0,1,0
1,1.6125732136881425,1.6840600363464486,2.6983807411525627,0,1,1,1,1,0,1,1,0,0,1,0,1,0,1,0,1,0,1,0,1,0,1,1,1,0,0
0,1.0421577558197987,0.9860732229638132,1.388493497784791,0,1,1,1,1,0,1,1,0,0,0,0,1,0,0,0,1,0,1,0,0,1,0,1,1,0,0
0,0.10504664646466222,-1.506736824831314,-0.704502488249803,0,1,1,1,1,0,0,0,1,1,0,1,0,1,0,1,0,1,0,1,0,0,1,0,0,0,1
1,0.9606698332671781,1.1522605594834883,1.5102613924191812,0,0,0,0,1,0,1,1,0,0,0,0,1,0,1,0,1,0,1,0,0,0,1,1,0,0,0
0,-0.3431369275747509,-1.440261890223444,-0.7909753409611816,0,0,1,1,1,0,0,0,1,1,0,1,0,1,0,1,0,1,0,1,0,0,1,1,1,0,0
0,1.5310852911355222,-1.4734993575273791,-0.4071417600484294,0,1,1,1,1,0,0,0,1,1,0,1,0,1,0,1,0,1,0,1,0,0,1,0,1,0,0
0,-1.2395040756535771,0.4875112134047877,-0.9303907565570778,0,1,0,0,1,0,0,1,0,0,0,0,0,0,0,0,0,0,1,0,0,0,0,1,0,1,0
1,1.4495973685829016,1.4181602979149686,2.2483689566341636,0,1,1,1,1,0,1,1,0,0,0,0,0,0,1,0,1,0,1,0,1,1,0,1,1,0,0
0,-1.2802480369298874,0.6869360172283978,-0.9696564906964283,1,0,0,0,1,0,1,1,0,0,0,0,0,0,0,0,0,0,0,0,1,0,0,1,0,1,0
0,-0.8320644628904743,0.819885886444138,-0.5567045001971915,0,1,0,0,1,0,1,1,0,0,0,0,0,0,1,0,0,0,1,0,0,0,0,1,0,1,0
0,1.24587756220135,0.5539861480126578,1.2115771001456948,0,0,1,0,1,0,1,1,0,0,0,0,1,0,0,0,0,0,0,0,0,0,0,1,0,0,0
0,0.02355872391204165,-0.21047559997784793,-0.14463488574602987,0,0,1,1,1,0,0,0,0,0,1,0,1,0,1,0,0,0,0,0,0,1,0,1,0,0,1
0,1.4903413298592119,1.0193106902677482,1.9682145613702582,0,0,1,0,1,0,0,1,0,0,0,0,1,0,0,0,0,0,1,0,1,1,0,1,1,0,0
0,1.1236456783724194,0.5207486807087227,1.1749584941505702,0,0,1,1,1,0,0,0,0,0,0,0,1,0,1,0,1,0,1,0,1,0,1,1,0,0,0
0,1.6125732136881425,1.6175851017385787,2.631761349522878,0,0,1,1,1,0,1,1,0,0,1,0,1,0,1,0,1,0,1,0,1,0,1,1,0,0,0
0,-0.8728084241667845,-0.21047559997784793,-0.742003470293003,0,0,0,0,1,0,1,0,0,0,0,0,0,0,0,0,0,0,0,0,1,0,0,1,0,0,1
0,-1.2802480369298874,-1.506736824831314,-0.998774900282913,0,0,0,0,1,0,0,0,1,1,0,1,0,1,0,1,0,1,0,1,0,0,0,0,0,0,1
0,-0.9135523854430948,0.7201734845323329,-0.6392066606922313,1,1,0,0,1,0,1,1,0,0,0,0,0,0,0,0,0,0,1,0,0,0,0,1,0,0,0
0,-0.791320501614164,-0.6425626749290033,-0.7437682223891535,1,1,0,0,0,1,0,0,0,0,1,0,0,0,0,0,1,0,1,0,0,0,0,1,1,0,0
0,0.06430268518835193,0.45427374610085264,0.16066722688802135,0,1,1,1,1,0,0,1,0,0,0,0,0,0,0,0,0,0,0,0,1,1,0,1,0,0,0
0,0.2680224915699033,0.7201734845323329,0.4337626137673244,1,1,1,1,1,0,0,1,0,0,0,0,1,0,0,0,0,0,1,0,0,0,0,1,0,0,1
0,1.3273654847539706,1.3516853633070984,1.9682145613702582,0,0,0,0,1,0,1,1,0,0,0,0,1,0,0,0,1,0,1,0,1,1,0,1,0,0,0
1,0.7162060656093164,1.2187354940913584,1.3156974738185792,0,1,1,0,1,0,1,1,0,0,1,0,1,0,1,0,0,0,1,0,0,1,0,1,0,0,0
0,-0.7098325790615434,-1.506736824831314,-0.8699479972639204,0,1,0,0,1,0,0,0,1,1,0,1,0,1,0,1,0,1,0,1,0,0,0,0,0,0,1
0,1.6125732136881425,1.5178726998267735,2.507346326744262,0,1,1,1,1,0,1,1,0,0,1,0,1,0,1,0,0,0,1,0,1,0,1,1,0,0,0
0,1.6125732136881425,1.6840600363464486,2.619408084849824,0,0,1,1,1,0,1,1,0,0,1,0,1,0,1,0,1,0,1,0,1,0,1,1,0,0,0
0,0.9199258719908678,-1.506736824831314,-0.4984676810242222,0,1,1,1,1,0,0,0,1,1,0,1,0,1,0,1,0,1,0,1,0,0,1,0,0,0,0
0,-0.38388088885106114,-1.3073120210077038,-0.7803868283842781,0,0,1,1,1,0,1,0,1,1,0,1,0,1,0,1,0,1,0,1,0,0,1,1,1,0,0
0,-0.01718523736426863,0.5207486807087227,0.13816663766210138,1,1,0,0,1,0,1,1,0,0,0,0,1,0,0,0,0,0,0,0,0,0,0,1,0,0,0
0,0.9606698332671781,0.12189907306150236,0.6728865227957287,0,0,1,1,1,0,1,0,0,0,1,0,0,0,1,0,0,0,0,0,1,1,0,1,0,0,0
0,-1.2802480369298874,-1.506736824831314,-0.998774900282913,0,0,0,0,1,0,0,0,1,1,0,1,0,1,0,1,0,1,0,1,0,0,0,0,0,0,0
0,0.22727853029359305,0.18837400766937243,0.18757969635431776,0,1,0,0,1,0,0,0,0,0,1,0,1,0,0,0,1,0,1,0,0,1,0,0,0,0,1
0,-0.8728084241667845,0.18837400766937243,-0.6718545744710172,0,1,0,0,1,0,0,1,0,0,0,0,0,0,0,0,0,0,0,0,0,0,0,0,0,1,0
0,-1.2802480369298874,-0.5096128057132632,-0.9855392595617837,0,1,0,0,1,0,0,0,0,0,0,0,0,0,0,0,1,0,0,0,0,0,0,1,0,1,0
0,0.9606698332671781,1.4181602979149686,1.6545298762794916,0,1,1,0,1,0,1,1,0,0,0,0,1,0,0,0,1,0,1,0,1,1,0,1,0,1,0
0,-1.1987601143772668,-1.373786955615574,-0.9678917386002778,0,1,1,0,1,0,1,0,1,1,0,1,0,1,0,1,0,1,0,1,0,0,0,1,0,0,1
0,-1.0357842692720256,0.1551365403654374,-0.7795044523362028,0,1,1,1,1,0,0,0,0,0,1,0,0,0,0,0,0,0,1,0,1,0,0,0,1,0,0
0,1.082901717096109,1.1522605594834883,1.5786455361450165,0,1,1,1,1,0,1,1,0,0,0,0,0,0,1,0,0,0,1,0,1,0,1,1,1,0,0
0,-1.0357842692720256,-0.011050796154237758,-0.8108288020428758,0,1,0,0,1,0,0,0,0,0,0,0,0,0,1,0,1,0,1,0,0,0,0,0,0,0,0
0,1.5718292524118322,0.18837400766937243,1.1868705707995866,0,1,1,1,1,0,0,0,0,0,1,0,0,0,1,0,1,0,0,0,1,0,1,1,1,0,0
0,-0.7098325790615434,1.2187354940913584,-0.271697036668872,0,1,1,1,1,0,0,1,0,0,1,0,0,0,0,0,1,0,1,0,1,1,0,0,0,1,0
0,1.5718292524118322,0.2880864095811775,1.3562867720300427,0,1,1,0,1,0,1,0,0,0,1,0,1,0,0,0,1,0,1,0,0,0,1,0,1,0,0
0,0.10504664646466222,1.1854980267874233,0.54891268804115,1,0,0,0,1,0,1,1,0,0,0,0,0,0,1,0,0,0,1,0,1,0,0,1,0,1,0
0,-0.8728084241667845,-0.8087500114486784,-0.8209761265957416,0,0,0,0,0,1,0,0,0,0,0,0,1,0,1,0,1,0,0,0,0,1,0,1,1,0,0
0,1.1236456783724194,-1.506736824831314,-0.5205270822261044,0,0,1,1,1,0,0,0,1,1,0,1,0,1,0,1,0,1,0,1,0,0,1,1,1,0,0
1,0.5939741817803856,-0.1772381326739129,0.2078743454600495,0,1,0,0,1,0,1,0,0,0,0,0,1,0,0,0,1,0,0,0,0,0,1,0,0,0,0
0,-0.8728084241667845,-0.011050796154237758,-0.6996494199853889,0,0,0,0,1,0,0,0,0,0,0,0,0,0,1,0,1,0,0,0,1,1,0,0,1,0,0
0,0.9606698332671781,1.1854980267874233,1.4696720942077177,1,1,1,0,1,0,1,1,0,0,0,0,1,0,0,0,0,0,1,0,1,1,0,0,1,0,0
1,-0.18016108246950976,1.5178726998267735,0.4064089562769903,0,0,1,0,1,0,1,1,0,0,0,0,1,0,1,0,1,0,1,0,1,0,0,1,0,1,0
0,1.1643896396487294,0.5539861480126578,1.0871620773670785,0,1,1,0,1,0,0,0,0,0,1,0,1,0,0,0,1,0,1,0,1,0,1,1,0,0,1
0,-0.05792919864057891,1.1190230921795532,0.3525840173443975,0,1,1,1,1,0,1,1,0,0,1,0,0,0,1,0,0,0,1,0,0,1,0,0,0,0,0
0,-0.9542963467194051,0.18837400766937243,-0.7437682223891535,0,1,0,0,1,0,0,1,0,0,0,0,0,0,0,0,0,0,0,0,0,0,0,1,0,1,0
1,0.10504664646466222,0.9860732229638132,0.47744022814705134,0,1,1,0,1,0,1,1,0,0,1,0,1,0,0,0,0,0,0,0,1,0,0,1,0,1,0
0,-1.2395040756535771,-1.506736824831314,-0.9903923278261978,0,1,0,0,1,0,0,0,1,1,0,1,0,1,0,1,0,1,0,1,0,0,0,1,0,0,1
0,-0.8320644628904743,-1.506736824831314,-0.9043606631388568,1,0,1,1,1,0,0,0,1,1,0,1,0,1,0,1,0,1,0,1,0,0,0,0,0,0,1
0,-1.2802480369298874,0.35456134418904756,-0.9740683709368049,1,0,0,0,1,0,0,1,0,0,1,0,0,0,0,0,0,0,0,0,0,0,0,0,0,0,1
1,-1.1580161531009565,0.819885886444138,-0.8545064164226027,1,0,0,0,1,0,1,1,0,0,0,0,0,0,1,0,0,0,1,0,0,0,0,1,0,1,0
0,-1.2802480369298874,-1.506736824831314,-0.998774900282913,0,0,1,1,1,0,0,0,1,1,0,1,0,1,0,1,0,1,0,1,0,0,0,1,0,0,1
0,-1.1987601143772668,-1.4734993575273791,-0.9802450032733319,0,0,0,0,1,0,0,0,1,1,0,1,0,1,0,1,0,1,0,1,0,0,0,1,0,0,1
1,-1.2802480369298874,0.6869360172283978,-0.9696564906964283,1,0,0,0,1,0,1,1,0,0,0,0,0,0,0,0,0,0,1,0,0,0,0,1,0,1,0
0,0.797693988161937,-0.044288263458172786,0.46729290359418546,0,1,0,0,1,0,0,0,0,0,1,0,1,0,0,0,0,0,1,0,0,0,1,1,1,0,0
0,-1.1172721918246462,-1.4734993575273791,-0.9696564906964283,0,1,1,1,1,0,0,0,1,1,0,1,0,1,0,1,0,1,0,1,0,1,0,0,0,0,1
0,1.6125732136881425,1.1522605594834883,2.2673400416677825,0,1,1,0,1,0,1,1,0,0,1,0,1,0,1,0,0,0,0,0,1,0,1,1,0,1,0
0,1.5718292524118322,0.853123353748073,1.9346842715433972,0,1,1,1,1,0,1,0,0,0,1,0,1,0,1,0,1,0,1,0,1,0,1,0,0,1,0
0,1.6125732136881425,1.5511101671307086,2.5536710692682147,0,1,1,0,1,0,1,1,0,0,1,0,0,0,1,0,1,0,1,0,1,0,1,1,1,0,0
0,0.5532302205040753,-1.340549488311639,-0.4892027325194316,0,1,1,1,1,0,1,0,1,1,0,1,0,1,0,1,0,1,0,1,0,1,0,0,0,1,0
0,1.24587756220135,0.6204610826205278,1.390699437904979,0,1,1,1,1,0,1,0,0,0,1,0,1,0,1,0,0,0,1,0,1,0,1,0,1,0,0
0,-0.09867315991688919,0.6536985499244629,0.06845892986415326,0,1,0,0,1,0,0,1,0,0,1,0,1,0,1,0,0,0,0,0,0,0,0,1,1,0,0
0,-1.2802480369298874,-0.6425626749290033,-0.9873040116579342,0,1,0,0,1,0,0,0,0,0,0,0,0,0,0,0,0,0,0,0,0,0,0,0,0,0,1
0,-0.8320644628904743,-0.11076319806604285,-0.6925904116007865,1,0,0,0,1,0,1,0,0,0,1,0,0,0,1,0,1,0,0,0,0,0,0,1,0,0,1
0,-0.6690886177852331,-0.3434254691935881,-0.6030292427211443,0,1,0,0,0,1,0,0,0,0,1,0,1,0,1,0,1,0,1,0,0,0,1,0,0,0,1
0,-1.1580161531009565,0.022186671149697273,-0.9025959110427062,0,1,0,0,1,0,1,0,0,0,0,0,0,0,0,0,1,0,0,0,1,0,0,0,0,0,1
0,0.7569500268856267,0.853123353748073,1.0284840701700715,0,1,1,0,1,0,1,1,0,0,0,0,1,0,0,0,0,0,0,0,1,1,0,1,1,0,0
0,1.3273654847539706,-1.4734993575273791,-0.3833176067503965,0,1,1,0,1,0,0,0,1,1,0,1,0,1,0,1,0,1,0,1,0,0,1,1,1,0,0
0,-0.6690886177852331,0.32132387688511255,-0.4909674846155822,0,1,0,0,1,0,0,1,0,0,0,0,0,0,0,0,1,0,0,0,0,0,0,1,1,0,0
0,-1.2395040756535771,-1.506736824831314,-0.986421635609859,0,1,0,0,1,0,0,0,1,1,0,1,0,1,0,1,0,1,0,1,0,1,0,0,0,0,1
0,1.368109446030281,0.32132387688511255,1.1365751360592948,0,0,1,1,1,0,1,1,0,0,0,0,0,0,0,0,0,0,0,0,0,1,0,1,0,0,0
0,0.5532302205040753,1.4513977652189036,1.1559874091169513,0,1,0,0,1,0,1,1,0,0,0,0,1,0,1,0,1,0,1,0,1,0,1,0,0,1,0
0,-0.01718523736426863,1.4846352325228385,0.5846489179881994,0,0,0,0,1,0,1,1,0,0,1,0,0,0,1,0,1,0,1,0,1,1,0,1,0,0,0
0,1.6125732136881425,0.7201734845323329,1.6814423457457879,0,1,1,0,1,0,1,0,0,0,1,0,0,0,1,0,1,0,1,0,1,0,1,0,1,0,0
0,0.22727853029359305,0.5539861480126578,0.35346639339247277,0,1,1,1,1,0,0,0,0,0,1,0,0,0,1,0,1,0,1,0,1,0,1,0,1,0,0
0,0.7569500268856267,-0.5760877403211333,0.03228151189306627,0,1,0,1,1,0,0,0,0,0,0,0,0,0,0,0,1,0,0,0,0,1,0,0,1,0,0
0,1.6125732136881425,1.6508225690425138,2.657350254917062,0,1,1,1,1,0,1,1,0,0,1,0,1,0,1,0,1,0,1,0,1,0,1,0,0,0,0
1,1.3273654847539706,1.3516853633070984,1.9867444583798395,1,0,1,0,1,0,1,1,0,0,1,0,0,0,1,0,0,0,1,0,1,0,0,0,0,0,0
0,-0.9542963467194051,-1.1743621517919638,-0.8977428427782921,1,1,1,1,0,1,0,0,0,0,0,0,1,0,0,0,0,0,0,0,0,0,0,1,0,1,0
0,-0.9542963467194051,0.022186671149697273,-0.7146498128026688,1,0,1,1,1,0,0,0,0,0,1,0,1,0,1,0,1,0,0,0,0,0,0,0,0,0,1
0,1.368109446030281,-1.4734993575273791,-0.4084653241205423,0,1,0,1,1,0,0,0,1,1,0,1,0,1,0,1,0,1,0,1,0,0,1,0,0,0,1
1,0.4717422979514547,1.4846352325228385,1.1370163240833324,0,0,0,0,1,0,1,1,0,0,1,0,1,0,1,0,0,0,1,0,1,1,0,1,1,0,0
0,0.7162060656093164,0.1551365403654374,0.5008231934210466,0,1,0,0,1,0,1,0,0,0,0,0,0,0,1,0,1,0,0,0,1,0,1,0,0,0,0
0,-0.7098325790615434,-0.5428502730171982,-0.7287678295718735,0,0,0,0,1,0,1,0,0,0,0,0,0,0,0,0,0,0,0,0,0,0,0,0,0,0,1
0,-0.9950403079957154,-1.3073120210077038,-0.9250965002686261,0,1,0,0,0,1,0,0,0,0,0,0,0,0,0,0,0,0,0,0,0,0,0,1,1,0,0
1,1.368109446030281,1.2519729613952935,2.0705701829469922,0,0,0,0,1,0,1,1,0,0,0,0,0,0,1,0,1,0,1,0,1,1,0,1,1,0,0
0,1.0014137945434884,0.7534109518362679,1.147604836660236,0,0,0,0,1,0,1,1,0,0,1,0,1,0,0,0,1,0,0,0,0,0,0,1,0,0,0
0,-1.0357842692720256,0.45427374610085264,-0.776857324191977,0,0,0,0,1,0,1,1,0,0,0,0,1,0,0,0,0,0,0,0,0,0,0,1,0,0,0
1,-0.9135523854430948,-1.0081748152722887,-0.8474474080380003,0,1,1,1,0,1,0,0,0,0,0,0,0,0,0,0,0,0,0,0,1,0,0,1,0,0,0
0,1.2051336009250397,0.919598288355943,1.5318796055970259,0,0,0,0,1,0,1,1,0,0,1,0,1,0,1,0,0,0,0,0,0,1,0,1,0,1,0
0,0.3087664528462136,0.6869360172283978,0.47302834790667486,0,1,1,1,1,0,0,1,0,0,0,0,0,0,1,0,0,0,1,0,0,1,0,1,0,1,0
0,-0.506112772679992,-1.506736824831314,-0.828035134980344,0,0,0,0,1,0,0,0,1,1,0,1,0,1,0,1,0,1,0,1,0,0,1,0,0,0,1
0,-1.0357842692720256,-1.4734993575273791,-0.9467147134464707,1,0,0,0,1,0,0,0,1,1,0,1,0,1,0,1,0,1,0,1,0,0,0,0,0,0,0
0,-0.3023929662984406,1.0193106902677482,0.04948784483053448,0,0,1,0,1,0,0,1,0,0,0,0,0,0,0,0,1,0,1,0,1,0,0,1,0,1,0
0,-0.38388088885106114,0.6536985499244629,-0.13889944143354047,0,1,1,0,1,0,1,1,0,0,0,0,1,0,1,0,0,0,0,0,0,0,0,0,0,1,0
1,1.368109446030281,1.3184478960031634,2.001303663173082,0,0,1,0,1,0,1,1,0,0,0,0,1,0,1,0,0,0,1,0,1,1,0,0,1,0,0
1,1.6125732136881425,1.5511101671307086,2.497199002191396,0,0,0,0,1,0,1,1,0,0,0,0,1,0,1,0,1,0,1,0,1,0,1,0,0,1,0
1,0.6754621043330061,0.853123353748073,0.9989244725595492,1,1,1,0,1,0,1,1,0,0,0,0,1,0,0,0,0,0,0,0,1,0,0,0,1,0,0
1,0.4309983366751445,1.5178726998267735,1.0606907959248197,1,1,1,1,1,0,1,1,0,0,0,0,1,0,1,0,1,0,1,0,1,0,0,1,0,0,0
0,0.5532302205040753,-0.310188001889653,0.08390051070547089,0,0,1,0,1,0,1,0,0,0,1,0,0,0,0,0,0,0,0,0,0,0,0,0,0,0,0
0,1.6125732136881425,0.819885886444138,1.8879183409954066,0,1,1,1,1,0,1,0,0,0,1,0,1,0,1,0,1,0,1,0,1,0,1,0,1,0,0
0,-0.9135523854430948,-1.4734993575273791,-0.9295083805090025,0,1,0,0,1,0,0,0,1,1,0,1,0,1,0,1,0,1,0,1,0,1,0,0,0,0,1
0,0.3087664528462136,-0.3434254691935881,-0.020661050991451275,0,0,0,0,0,1,0,0,0,0,1,0,0,0,0,0,1,0,1,0,1,1,0,1,0,0,0
0,1.3273654847539706,1.3516853633070984,2.074540875163331,1,0,1,1,1,0,1,1,0,0,0,0,1,0,1,0,0,0,1,0,1,0,0,1,0,1,0
0,-0.05792919864057891,1.1522605594834883,0.3644960939934139,0,1,0,0,1,0,0,1,0,0,0,0,0,0,1,0,1,0,1,0,1,0,1,0,0,0,0
0,1.4495973685829016,0.18837400766937243,1.1595169133092524,0,0,1,0,1,0,1,0,0,0,1,0,1,0,1,0,1,0,0,0,0,0,1,0,1,0,0
1,0.9606698332671781,1.3184478960031634,1.5490859385344942,1,1,1,1,1,0,1,1,0,0,1,0,0,0,1,0,0,0,1,0,1,1,0,1,0,0,0
0,-0.9135523854430948,0.6869360172283978,-0.6299417121874408,1,1,1,0,1,0,1,1,0,0,0,0,0,0,0,0,0,0,0,0,1,0,0,1,0,1,0
0,1.4495973685829016,-1.3073120210077038,-0.29243287379864136,0,1,1,1,1,0,1,0,1,1,0,1,0,1,0,1,0,1,0,1,0,0,1,0,0,0,0
0,0.4309983366751445,-0.276950534585718,0.09537139933044969,1,0,1,1,1,0,0,0,0,0,0,0,0,0,0,0,0,0,1,0,0,0,0,0,0,1,0
0,-1.2802480369298874,0.819885886444138,-0.9678917386002778,1,1,0,0,1,0,0,1,0,0,0,0,0,0,0,0,0,0,1,0,1,0,0,1,0,1,0
1,0.6754621043330061,0.819885886444138,0.8842155863097612,0,0,0,0,1,0,0,1,0,0,0,0,1,0,1,0,0,0,0,0,1,1,0,1,0,0,0
0,-0.7098325790615434,-1.3073120210077038,-0.8333293912687957,0,0,1,1,1,0,1,0,1,1,0,1,0,1,0,1,0,1,0,1,0,0,0,1,0,1,0
1,-0.506112772679992,0.9860732229638132,-0.16934141509213807,1,1,1,0,1,0,1,1,0,0,0,0,0,0,0,0,0,0,1,0,1,0,0,1,0,1,0
0,-1.2802480369298874,-0.6425626749290033,-0.9873040116579342,1,1,0,0,1,0,0,0,0,0,0,0,0,0,0,0,0,0,0,0,0,0,0,1,0,0,1
0,0.7162060656093164,0.1551365403654374,0.5114117059979502,0,1,1,1,1,0,1,0,0,0,0,0,0,0,1,0,1,0,1,0,0,1,0,1,0,1,0
1,-1.2395040756535771,0.819885886444138,-0.9361262008695672,1,0,0,0,1,0,1,1,0,0,0,0,1,0,0,0,0,0,0,0,1,0,0,0,0,1,0
1,-0.3431369275747509,0.18837400766937243,-0.24301981510642498,0,1,0,0,1,0,0,1,0,0,0,0,0,0,0,0,0,0,0,0,0,0,0,0,1,0,0
0,-1.1987601143772668,0.1551365403654374,-0.9092137314032709,1,0,0,0,1,0,0,1,0,0,0,0,0,0,0,0,0,0,0,0,0,0,0,1,0,0,0
0,-1.2802480369298874,0.32132387688511255,-0.9745095589608425,1,0,0,0,1,0,0,1,0,0,0,0,0,0,1,0,0,0,0,0,0,0,0,1,0,0,1
0,0.10504664646466222,-1.4734993575273791,-0.7181793169949701,0,1,1,1,1,0,0,0,1,1,0,1,0,1,0,1,0,1,0,1,0,0,1,0,0,0,1
0,-0.6283446565089229,-1.340549488311639,-0.7975931613217463,0,0,0,0,1,0,1,0,1,1,0,1,0,1,0,1,0,1,0,1,0,0,0,0,0,0,1
1,-0.9950403079957154,-1.506736824831314,-0.9348026367974543,1,0,0,0,1,0,0,0,1,1,0,1,0,1,0,1,0,1,0,1,0,0,0,0,0,1,0
0,-0.9135523854430948,1.0193106902677482,-0.6255298319470642,0,1,0,0,1,0,0,1,0,0,0,0,0,0,0,0,1,0,1,0,1,0,0,1,1,0,0
0,1.4495973685829016,0.7866484191402029,1.6982074906592186,0,1,1,1,1,0,1,0,0,0,1,0,1,0,1,0,1,0,1,0,1,0,1,1,1,0,0
0,0.512486259227765,0.45427374610085264,0.5797958497237853,0,1,1,0,1,0,0,0,0,0,1,0,1,0,1,0,0,0,1,0,1,1,0,0,0,0,0
0,-1.2395040756535771,-1.506736824831314,-0.9917158918983107,1,1,1,1,1,0,0,0,1,1,0,1,0,1,0,1,0,1,0,1,0,1,0,0,0,0,1
0,0.18653456901728277,-1.4734993575273791,-0.6996494199853889,0,1,1,0,1,0,0,0,1,1,0,1,0,1,0,1,0,1,0,1,0,0,0,0,0,0,0
0,-1.1580161531009565,-1.340549488311639,-0.9648034224320142,1,0,0,0,0,1,0,0,0,0,0,0,0,0,0,0,0,0,0,0,0,0,0,1,0,0,1
0,-0.9135523854430948,-0.6425626749290033,-0.8183289984515157,0,0,0,0,1,0,0,0,0,0,0,0,0,0,0,0,0,0,0,0,0,0,0,0,0,0,1
0,-1.2802480369298874,-1.4734993575273791,-0.9983337122588753,0,1,0,0,1,0,0,0,1,1,0,1,0,1,0,1,0,1,0,1,0,0,0,0,0,0,1
0,1.3273654847539706,0.1551365403654374,0.9600999264442364,0,1,1,1,1,0,1,0,0,0,1,0,1,0,0,0,0,0,0,0,1,0,1,1,0,0,1
0,1.0014137945434884,-1.506736824831314,-0.49229104868769513,0,0,1,1,1,0,0,0,1,1,0,1,0,1,0,1,0,1,0,1,0,0,1,0,0,0,0
0,-1.1987601143772668,0.32132387688511255,-0.9021547230186685,0,0,0,0,1,0,0,1,0,0,0,0,0,0,1,0,0,0,0,0,0,0,0,1,0,0,1
0,-1.2395040756535771,0.1551365403654374,-0.9431852092541696,1,0,0,0,1,0,0,1,0,0,0,0,0,0,0,0,0,0,0,0,0,0,0,0,0,1,0
0,0.6754621043330061,-1.1411246844880287,-0.3661112738129283,0,1,0,0,0,1,0,0,0,0,0,0,0,0,1,0,0,0,0,0,0,0,0,1,0,0,0
0,-1.1580161531009565,-0.6425626749290033,-0.9228905601484378,1,0,0,0,1,0,0,0,0,0,0,0,0,0,0,0,0,0,0,0,0,0,0,0,0,0,1
0,1.5310852911355222,-0.24371306728178296,0.7748009563484249,0,0,1,0,0,1,0,0,0,0,0,0,1,0,1,0,1,0,1,0,1,0,1,0,0,0,0
0,0.8384379494382472,-1.506736824831314,-0.5487631157645139,0,0,1,1,1,0,0,0,1,1,0,1,0,1,0,1,0,1,0,1,0,1,0,1,0,0,0
0,0.8384379494382472,-1.3073120210077038,-0.4177302726253329,0,1,1,1,1,0,1,0,1,1,0,1,0,1,0,1,0,1,0,1,0,0,1,0,1,0,0
0,-1.2802480369298874,0.35456134418904756,-0.9740683709368049,1,0,0,0,1,0,1,1,0,0,0,0,0,0,0,0,0,0,0,0,0,0,0,1,0,0,1
0,-0.42462485012737144,-1.340549488311639,-0.7896517768890687,0,1,0,0,1,0,1,0,1,1,0,1,0,1,0,1,0,1,0,1,0,0,0,1,1,0,0
1,0.797693988161937,-0.5096128057132632,0.11787198855636964,1,1,0,0,0,1,0,0,0,0,0,0,1,0,0,0,0,0,1,0,1,0,0,1,0,1,0
1,1.3273654847539706,1.5178726998267735,2.1896909494371566,0,1,0,0,1,0,1,1,0,0,1,0,0,0,1,0,1,0,1,0,1,0,1,1,0,1,0
0,0.6347181430566958,-1.340549488311639,-0.47640827982233985,0,0,0,0,1,0,1,0,1,1,0,1,0,1,0,1,0,1,0,1,0,1,0,0,0,0,0
0,-1.2395040756535771,-1.0081748152722887,-0.9798038152492943,1,0,0,0,0,1,0,0,0,0,0,0,0,0,0,0,0,0,0,0,1,0,0,1,0,1,0
0,-1.1987601143772668,1.4181602979149686,-0.8690656212158451,0,1,0,0,1,0,1,1,0,0,0,0,1,0,1,0,0,0,1,0,1,0,0,0,0,0,1
0,0.512486259227765,0.5539861480126578,0.6583273180024863,0,1,1,0,1,0,1,1,0,0,0,0,1,0,0,0,0,0,0,0,0,0,0,0,0,0,0
0,-1.2802480369298874,0.5207486807087227,-0.9718624308166166,1,1,1,1,1,0,0,1,0,0,0,0,0,0,0,0,0,0,0,0,1,0,0,0,0,1,0
0,1.1643896396487294,0.2880864095811775,1.0293664462181469,0,0,1,1,1,0,0,0,0,0,0,0,0,0,1,0,1,0,1,0,1,0,1,1,0,0,0
0,-1.1987601143772668,-0.011050796154237758,-0.9211258080522873,0,1,0,0,1,0,0,0,0,0,1,0,0,0,0,0,1,0,1,0,0,0,0,1,1,0,0
1,0.3087664528462136,1.2852104286992283,0.8405379719300342,0,0,0,0,1,0,1,1,0,0,0,0,0,0,1,0,1,0,1,0,1,1,0,1,1,0,0
0,-1.2802480369298874,0.22161147497330744,-0.9758331230329554,0,0,0,0,1,0,0,1,0,0,0,0,0,0,0,0,0,0,0,0,0,0,0,0,0,0,1
0,-1.2802480369298874,-0.5096128057132632,-0.9855392595617837,0,0,0,0,1,0,0,0,0,0,0,0,0,0,0,0,1,0,0,0,0,0,0,1,0,1,0
0,0.7569500268856267,-1.340549488311639,-0.44861343430796813,0,1,0,0,1,0,1,0,1,1,0,1,0,1,0,1,0,1,0,1,0,1,0,1,0,0,0
1,-1.2395040756535771,-0.5096128057132632,-0.9670093625522025,1,1,0,0,1,0,0,0,0,0,1,0,0,0,0,0,0,0,0,0,0,0,0,1,0,1,0
0,0.797693988161937,-1.1411246844880287,-0.29110930972652843,0,1,0,0,0,1,0,0,0,0,0,0,1,0,0,0,0,0,0,0,0,1,0,0,0,0,1
0,0.7569500268856267,0.6204610826205278,0.823331638992566,0,1,0,0,1,0,1,1,0,0,0,0,0,0,0,0,0,0,0,0,1,0,0,0,0,0,0
0,-1.2802480369298874,-1.4734993575273791,-0.9983337122588753,0,1,0,0,1,0,0,0,1,1,0,1,0,1,0,1,0,1,0,1,0,0,0,1,0,0,1
0,-0.05792919864057891,0.35456134418904756,0.02698725560461452,0,1,1,1,1,0,1,0,0,0,1,0,1,0,0,0,1,0,0,0,1,1,0,1,0,0,0
0,0.5939741817803856,-1.4734993575273791,-0.5602340043894927,0,1,0,1,1,0,0,0,1,1,0,1,0,1,0,1,0,1,0,1,0,1,0,0,1,0,0
0,-1.1987601143772668,0.35456134418904756,-0.8880367062494638,1,0,0,0,1,0,1,1,0,0,0,0,0,0,0,0,0,0,0,0,0,0,0,1,1,0,0
1,-0.42462485012737144,-1.4734993575273791,-0.8231820667159299,0,0,0,0,1,0,0,0,1,1,0,1,0,1,0,1,0,1,0,1,0,1,0,1,0,0,1
0,-1.2802480369298874,-1.4734993575273791,-0.9983337122588753,0,0,1,0,1,0,0,0,1,1,0,1,0,1,0,1,0,1,0,1,0,0,0,1,0,0,1
0,1.6125732136881425,0.6869360172283978,1.7793860870821454,0,1,1,0,1,0,1,0,0,0,0,0,1,0,1,0,1,0,1,0,1,0,1,1,0,0,0
0,-1.1987601143772668,-0.47637533840932816,-0.9330378847013038,1,1,1,1,1,0,0,0,0,0,0,0,0,0,1,0,0,0,0,0,0,0,0,1,0,1,0
1,0.5939741817803856,0.6536985499244629,0.7655360078436344,0,1,1,1,1,0,0,1,0,0,0,0,1,0,0,0,0,0,1,0,0,1,0,1,0,0,0
0,1.6125732136881425,0.0554241384536323,1.1153981109054878,0,1,1,1,1,0,1,0,0,0,1,0,0,0,1,0,1,0,0,0,0,0,1,1,1,0,0
0,1.368109446030281,-0.044288263458172786,0.8409791599540719,0,1,1,1,1,0,1,0,0,0,0,0,0,0,1,0,0,0,1,0,0,0,1,1,0,0,0
0,0.10504664646466222,0.6204610826205278,0.24934601971958822,0,1,0,0,1,0,1,1,0,0,0,0,0,0,0,0,0,0,1,0,0,0,0,0,0,1,0
0,-0.13941712119319946,0.6536985499244629,0.10287159573908967,0,1,0,0,1,0,1,1,0,0,0,0,0,0,0,0,0,0,0,0,1,0,0,1,0,1,0
0,-1.2395040756535771,-1.4734993575273791,-0.992598267946386,0,0,0,0,1,0,0,0,1,1,0,1,0,1,0,1,0,1,0,1,0,0,0,1,0,0,1
0,-1.1580161531009565,-0.5096128057132632,-0.9153903637397979,0,1,0,0,1,0,0,0,0,0,0,0,1,0,0,0,0,0,0,0,0,0,0,0,0,0,1
0,-0.3023929662984406,0.4875112134047877,-0.1181636043037711,1,0,0,0,1,0,0,1,0,0,1,0,1,0,0,0,0,0,0,0,0,0,0,1,0,0,0
0,1.3273654847539706,-0.1772381326739129,0.642444549137131,0,0,0,0,1,0,0,0,0,0,1,0,1,0,0,0,1,0,0,0,0,0,1,1,0,0,1
1,-0.22090504374582004,1.3184478960031634,0.3005238305079552,0,1,0,0,1,0,1,1,0,0,0,0,1,0,0,0,1,0,1,0,1,1,0,1,0,0,0
0,-0.13941712119319946,0.35456134418904756,-0.008748974342434827,0,1,1,0,1,0,0,1,0,0,0,0,0,0,1,0,0,0,0,0,0,0,0,1,1,0,0
0,-0.13941712119319946,0.5207486807087227,-0.03169075159239243,0,1,1,1,1,0,1,0,0,0,0,0,1,0,1,0,0,0,1,0,1,0,0,0,1,0,0
0,-1.2802480369298874,-1.506736824831314,-0.998774900282913,1,1,0,0,1,0,0,0,1,1,0,1,0,1,0,1,0,1,0,1,0,0,0,0,0,0,1
0,-0.506112772679992,0.5539861480126578,-0.26463802828426963,0,0,1,0,1,0,0,1,0,0,0,0,0,0,1,0,1,0,0,0,0,0,0,1,0,0,1
0,1.0421577558197987,-1.340549488311639,-0.33699286422644364,0,0,0,0,1,0,1,0,1,1,0,1,0,1,0,1,0,1,0,1,0,0,1,1,1,0,0
0,-0.7505765403378537,0.7201734845323329,-0.49361461275980806,0,0,0,1,1,0,1,1,0,0,1,0,0,0,0,0,1,0,0,0,0,0,0,1,0,0,1
0,1.6125732136881425,-1.3073120210077038,-0.2527259516352532,0,1,1,0,1,0,1,0,1,1,0,1,0,1,0,1,0,1,0,1,0,0,1,0,0,0,1
0,0.5532302205040753,0.819885886444138,0.8656856893001801,0,1,0,0,1,0,1,1,0,0,1,0,0,0,0,0,0,0,1,0,0,0,0,1,1,0,0
0,1.5718292524118322,-0.21047559997784793,0.8215668868964154,0,0,1,0,0,1,0,0,0,0,0,0,1,0,1,0,1,0,1,0,1,0,1,0,0,0,0
0,-0.01718523736426863,0.6869360172283978,0.16816742329666132,0,1,0,0,1,0,1,1,0,0,0,0,0,0,0,0,0,0,0,0,1,0,0,1,0,0,0
0,-0.26164900502213034,-0.47637533840932816,-0.443760366043554,0,0,0,0,0,1,0,0,0,0,0,0,0,0,1,0,0,0,1,0,1,0,0,1,1,0,0
1,1.4495973685829016,0.5207486807087227,1.4586423936067767,0,1,1,0,1,0,1,1,0,0,0,0,0,0,1,0,0,0,0,0,0,0,0,1,1,0,0
0,-1.2395040756535771,-1.4734993575273791,-0.9921570799223484,0,1,1,1,1,0,0,0,1,1,0,1,0,1,0,1,0,1,0,1,0,1,0,0,0,0,1
0,1.1643896396487294,-1.4734993575273791,-0.4314071013704999,0,1,1,1,1,0,0,0,1,1,0,1,0,1,0,1,0,1,0,1,0,0,1,0,1,0,0
0,-1.1580161531009565,0.6869360172283978,-0.8390648355812851,1,0,1,1,1,0,1,1,0,0,0,0,0,0,0,0,0,0,0,0,1,0,0,1,0,1,0
0,-1.1987601143772668,-0.6425626749290033,-0.9449499613503202,1,1,0,0,1,0,0,0,0,0,0,0,0,0,0,0,0,0,0,0,0,0,0,1,0,1,0
1,0.02355872391204165,0.9860732229638132,0.3627313418972633,1,1,1,0,1,0,1,1,0,0,0,0,0,0,0,0,0,0,1,0,1,0,0,1,0,1,0
1,-0.9542963467194051,-1.440261890223444,-0.9171551158359484,0,1,1,0,1,0,0,0,1,1,0,1,0,1,0,1,0,1,0,1,0,0,0,1,0,0,1
0,-0.42462485012737144,-1.2740745537037688,-0.7402387181968523,0,0,0,0,1,0,1,0,1,1,0,1,0,1,0,1,0,1,0,1,0,0,1,0,0,0,1
0,-1.1172721918246462,0.5207486807087227,-0.8500945361822262,0,0,1,1,1,0,0,1,0,0,0,0,0,0,0,0,0,0,1,0,0,0,0,1,0,1,0
1,-0.09867315991688919,0.8863608210520081,0.20963909755620008,1,0,0,0,1,0,1,1,0,0,1,0,1,0,1,0,0,0,0,0,0,0,0,0,1,0,0
0,1.3273654847539706,0.32132387688511255,1.112750982761262,0,1,0,0,1,0,1,0,0,0,0,0,1,0,1,0,1,0,0,0,1,0,1,1,1,0,0
0,0.512486259227765,0.7534109518362679,0.7315645299927356,1,0,0,0,1,0,1,1,0,0,0,0,0,0,1,0,1,0,0,0,0,0,0,1,0,1,0
0,-1.1172721918246462,-1.4734993575273791,-0.9665681745281649,0,1,0,0,1,0,0,0,1,1,0,1,0,1,0,1,0,1,0,1,0,0,0,0,0,0,1
0,-0.3023929662984406,0.35456134418904756,-0.16845903904406279,0,1,1,1,1,0,0,1,0,0,0,0,1,0,0,0,0,0,0,0,0,0,0,1,0,1,0
0,1.6125732136881425,0.4875112134047877,1.5208499049960849,0,0,1,1,1,0,1,1,0,0,1,0,0,0,0,0,0,0,0,0,0,0,1,0,0,0,0
0,-0.22090504374582004,0.853123353748073,0.06184110950358857,0,0,1,0,1,0,1,1,0,0,0,0,0,0,1,0,0,0,0,0,1,0,0,0,0,0,0
0,-0.01718523736426863,-0.47637533840932816,-0.27787366900539906,0,1,1,1,0,1,0,0,0,0,0,0,0,0,1,0,0,0,1,0,1,0,0,0,1,0,0
0,-0.09867315991688919,1.5178726998267735,0.4606750832336208,0,0,0,0,1,0,1,1,0,0,0,0,1,0,1,0,1,0,1,0,1,1,0,0,1,0,0
0,1.5310852911355222,1.2187354940913584,2.118659677567096,0,1,1,0,1,0,0,1,0,0,1,0,1,0,1,0,1,0,0,0,1,0,1,0,1,0,0
1,0.3902543753988342,0.4875112134047877,0.4681752796422608,0,1,0,0,1,0,1,1,0,0,0,0,1,0,0,0,0,0,0,0,0,0,0,1,0,0,0
1,1.6125732136881425,0.819885886444138,1.947478724240489,0,0,1,0,1,0,1,0,0,0,1,0,1,0,1,0,1,0,1,0,1,0,1,1,0,0,0
0,0.5939741817803856,0.022186671149697273,0.26302284846475527,0,0,0,0,1,0,1,0,0,0,1,0,0,0,1,0,1,0,0,0,0,0,1,1,0,0,1
0,-1.2395040756535771,0.5207486807087227,-0.9467147134464707,0,0,0,0,1,0,0,1,0,0,1,0,0,0,1,0,0,0,0,0,0,0,0,1,0,1,0
0,-0.9135523854430948,1.1190230921795532,-0.5624399445096809,1,1,0,0,1,0,1,1,0,0,1,0,0,0,0,0,0,0,1,0,1,0,0,0,0,1,0
0,1.1643896396487294,-1.340549488311639,-0.322874847457239,0,0,1,1,1,0,1,0,1,1,0,1,0,1,0,1,0,1,0,1,0,0,1,1,0,0,1
0,-1.1172721918246462,-0.6758001422329384,-0.9180374918840237,0,0,0,0,1,0,0,0,0,0,0,0,0,0,0,0,0,0,0,0,0,0,0,1,1,0,0
1,1.6125732136881425,1.5178726998267735,2.4702865327251,0,0,1,0,1,0,1,1,0,0,0,0,1,0,1,0,1,0,1,0,1,0,1,1,1,0,0
1,1.6125732136881425,1.6508225690425138,2.6088195722729206,0,1,1,1,1,0,1,1,0,0,1,0,1,0,1,0,1,0,1,0,1,0,1,1,0,0,0
1,-1.1987601143772668,0.35456134418904756,-0.9180374918840237,0,0,0,0,1,0,0,1,0,0,0,0,0,0,1,0,0,0,0,0,0,0,0,0,0,0,1
0,0.6347181430566958,-1.506736824831314,-0.6299417121874408,0,1,1,0,1,0,0,0,1,1,0,1,0,1,0,1,0,1,0,1,0,0,1,0,0,0,1
0,1.24587756220135,0.853123353748073,1.55923326308736,0,0,0,0,1,0,0,1,0,0,0,0,0,0,1,0,1,0,1,0,0,1,0,1,1,0,0
0,-0.22090504374582004,-0.276950534585718,-0.2783148570294367,0,0,0,0,1,0,0,0,0,0,1,0,1,0,0,0,0,0,0,0,0,0,0,1,0,0,1
0,1.5310852911355222,0.5207486807087227,1.4634954618711908,0,1,1,1,1,0,0,0,0,0,1,0,1,0,1,0,0,0,1,0,1,0,1,1,1,0,0
0,-1.0357842692720256,0.22161147497330744,-0.7799456403602405,0,1,1,1,1,0,0,0,0,0,1,0,0,0,1,0,1,0,0,0,1,0,0,1,1,0,0
0,-1.2395040756535771,0.853123353748073,-0.9233317481724755,0,0,1,0,1,0,0,1,0,0,1,0,1,0,0,0,0,0,1,0,0,0,0,0,0,1,0
1,-0.506112772679992,1.1190230921795532,-0.19448913246228391,1,1,0,0,1,0,1,1,0,0,0,0,0,0,1,0,0,0,1,0,1,0,0,1,0,1,0
0,1.368109446030281,-1.506736824831314,-0.45434887862045753,0,1,0,0,1,0,0,0,1,1,0,1,0,1,0,1,0,1,0,1,0,0,1,0,0,0,0
0,-1.1987601143772668,-1.506736824831314,-0.9820097553694824,0,0,0,0,1,0,0,0,1,1,0,1,0,1,0,1,0,1,0,1,0,0,0,0,0,0,1
0,-0.7098325790615434,0.6869360172283978,-0.4472898702358552,1,0,0,1,1,0,0,1,0,0,0,0,1,0,0,0,0,0,0,0,1,0,0,1,0,0,0
0,1.6125732136881425,0.853123353748073,1.8883595290194444,0,0,1,1,1,0,1,1,0,0,1,0,1,0,0,0,1,0,0,0,0,0,1,1,0,0,0
0,-1.2802480369298874,-1.4734993575273791,-0.9983337122588753,0,1,0,0,1,0,0,0,1,1,0,1,0,1,0,1,0,1,0,1,0,0,0,0,0,0,1
0,-0.42462485012737144,0.819885886444138,-0.1658119108998369,1,0,0,0,1,0,0,1,0,0,0,0,0,0,0,0,0,0,1,0,1,0,0,0,0,1,0
0,-1.1987601143772668,0.18837400766937243,-0.9153903637397979,1,1,1,0,1,0,0,1,0,0,0,0,0,0,0,0,0,0,0,0,0,0,0,1,0,1,0
0,1.6125732136881425,0.0554241384536323,1.0920151456314926,0,0,1,1,1,0,1,0,0,0,1,0,0,0,1,0,1,0,0,0,0,0,1,0,0,0,0
0,1.3273654847539706,-1.506736824831314,-0.4371425456829893,0,1,1,1,1,0,0,0,1,1,0,1,0,1,0,1,0,1,0,1,0,0,1,0,0,0,1
0,-0.8728084241667845,-0.9749373479683536,-0.8470062200139628,0,0,0,0,0,1,0,0,0,0,0,0,0,0,0,0,0,0,1,0,0,0,0,1,0,0,1
0,-0.42462485012737144,0.45427374610085264,-0.3012566342793943,0,1,0,0,1,0,1,1,0,0,0,0,1,0,0,0,0,0,0,0,0,0,0,1,0,0,1
0,-0.7505765403378537,-1.4734993575273791,-0.8858307661292756,0,1,0,0,1,0,0,0,1,1,0,1,0,1,0,1,0,1,0,1,0,1,0,0,0,0,0
0,0.3495104141225239,0.32132387688511255,0.355672333512661,0,1,0,0,1,0,0,1,0,0,0,0,0,0,0,0,1,0,0,0,0,0,0,1,0,1,0
0,-0.6283446565089229,-0.011050796154237758,-0.48876154449539394,0,1,1,0,1,0,0,0,0,0,1,0,1,0,0,0,0,0,0,0,1,1,0,0,0,0,1
0,-0.8728084241667845,-1.4734993575273791,-0.9025959110427062,0,1,0,0,1,0,0,0,1,1,0,1,0,1,0,1,0,1,0,1,0,0,0,1,1,0,0
0,-0.7098325790615434,0.9528357556598781,-0.37008196602926713,1,1,0,0,1,0,1,1,0,0,0,0,0,0,0,0,0,0,1,0,1,0,0,1,0,1,0
0,-1.2802480369298874,-1.506736824831314,-0.998774900282913,1,0,0,0,1,0,0,0,1,1,0,1,0,1,0,1,0,1,0,1,0,0,0,0,0,0,1
0,-1.1172721918246462,0.7866484191402029,-0.8068581098265369,1,0,1,0,1,0,0,1,0,0,1,0,0,0,1,0,0,0,0,0,1,0,0,1,0,0,1
0,0.02355872391204165,1.0193106902677482,0.3322893682386657,1,1,1,0,1,0,0,1,0,0,0,0,0,0,1,0,0,0,1,0,1,1,0,1,0,1,0
0,1.6125732136881425,1.5178726998267735,2.551023941123989,0,0,1,0,1,0,1,1,0,0,1,0,1,0,1,0,0,0,1,0,1,0,1,1,1,0,0
0,-1.1987601143772668,-0.8087500114486784,-0.9665681745281649,0,0,1,1,0,1,0,0,0,0,0,0,1,0,0,0,0,0,0,0,1,0,0,0,0,0,1
0,-1.2395040756535771,0.5872236153165927,-0.9259788763167014,1,1,0,0,1,0,1,1,0,0,0,0,1,0,0,0,0,0,0,0,0,0,0,1,0,1,0
0,1.082901717096109,1.4181602979149686,1.7070312511399715,0,0,1,0,1,0,1,1,0,0,1,0,1,0,1,0,1,0,0,0,1,1,0,1,1,0,0
0,-1.2395040756535771,-0.6425626749290033,-0.9678917386002778,1,1,0,0,1,0,0,0,0,0,0,0,0,0,0,0,0,0,0,0,0,0,0,0,0,1,0
0,1.5718292524118322,0.2880864095811775,1.2667256031504006,0,1,1,1,1,0,0,0,0,0,0,0,1,0,0,0,1,0,1,0,1,0,1,1,1,0,0
0,-1.1172721918246462,-0.6758001422329384,-0.9100961074513462,0,0,1,1,1,0,0,0,0,0,0,0,0,0,0,0,0,0,0,0,0,0,0,0,0,0,1
0,-0.22090504374582004,-0.3434254691935881,-0.3409635564427825,0,1,1,1,1,0,0,0,0,0,1,0,1,0,0,0,0,0,0,0,0,0,0,1,1,0,0
0,-1.2802480369298874,-0.4099004038014581,-0.9842156954896707,1,0,0,0,1,0,0,0,0,0,0,0,0,0,0,0,1,0,0,0,0,0,0,1,0,1,0
0,1.24587756220135,-0.8087500114486784,0.13463713346980022,0,1,0,1,0,1,0,0,0,0,1,0,1,0,0,0,1,0,0,0,0,1,0,1,0,0,0
1,0.5532302205040753,1.5178726998267735,1.1431929564198595,1,0,0,0,1,0,1,1,0,0,1,0,1,0,1,0,0,0,1,0,1,1,0,1,0,1,0
0,1.6125732136881425,-0.310188001889653,0.7500944270023168,0,1,1,1,1,0,1,0,0,0,1,0,0,0,0,0,0,0,0,0,0,0,1,0,0,0,0
0,0.06430268518835193,-0.14400066536997788,-0.12345786059222286,0,0,1,0,1,0,1,0,0,0,1,0,0,0,0,0,1,0,0,0,0,0,0,1,0,0,0
0,-0.3431369275747509,0.45427374610085264,-0.19890101270266036,0,0,1,1,1,0,1,0,0,0,1,0,1,0,0,0,0,0,1,0,1,1,0,0,0,1,0
0,1.6125732136881425,0.1551365403654374,1.1581933492371395,0,1,0,0,1,0,1,0,0,0,1,0,1,0,1,0,1,0,0,0,0,0,1,0,0,0,0
0,1.1236456783724194,-0.1772381326739129,0.5767075335555217,0,0,1,1,0,1,0,0,0,0,1,0,0,0,1,0,1,0,1,0,1,0,1,0,1,0,0
0,1.4495973685829016,0.3877988114929826,1.2089299720014688,0,1,0,0,1,0,1,0,0,0,1,0,1,0,1,0,0,0,0,0,1,1,0,1,1,0,0
0,-0.9950403079957154,-1.506736824831314,-0.9427440212301319,0,0,1,1,1,0,0,0,1,1,0,1,0,1,0,1,0,1,0,1,0,0,1,1,0,0,1
0,0.06430268518835193,0.08866160575756733,0.02478131548442629,0,0,0,1,1,0,0,0,0,0,1,0,0,0,1,0,1,0,1,0,0,0,1,0,1,0,0
0,-1.076528230548336,-0.6425626749290033,-0.8756834415764098,0,0,0,0,0,1,0,0,0,0,0,0,0,0,0,0,0,0,1,0,1,0,0,0,1,0,0
0,-1.2395040756535771,-0.011050796154237758,-0.9440675853022449,0,1,1,0,1,0,0,0,0,0,0,0,1,0,0,0,1,0,0,0,1,0,0,1,0,0,1
0,-0.05792919864057891,0.5539861480126578,0.11698961250829436,0,1,0,0,1,0,1,1,0,0,0,0,0,0,0,0,1,0,0,0,0,1,0,0,1,0,0
0,-0.506112772679992,-1.3073120210077038,-0.7834751445525416,0,0,1,1,1,0,1,0,1,1,0,1,0,1,0,1,0,1,0,1,0,0,0,1,0,0,0
0,-1.2802480369298874,-1.4734993575273791,-0.9983337122588753,0,0,1,1,1,0,0,0,1,1,0,1,0,1,0,1,0,1,0,1,0,0,0,0,0,1,0
0,1.2051336009250397,1.052548157571683,1.695119174490955,1,1,0,0,1,0,1,1,0,0,0,0,0,0,1,0,0,0,1,0,1,1,0,1,0,1,0
1,1.5310852911355222,0.35456134418904756,1.3801109253280757,0,0,1,0,1,0,1,1,0,0,0,0,0,0,0,0,0,0,0,0,0,0,1,1,1,0,0
0,-0.9135523854430948,1.1190230921795532,-0.5403805433077986,1,0,0,0,1,0,1,1,0,0,0,0,0,0,0,0,1,0,1,0,1,0,0,1,0,1,0
0,0.2680224915699033,-1.373786955615574,-0.6087646870336337,0,1,1,1,1,0,1,0,1,1,0,1,0,1,0,1,0,1,0,1,0,0,1,1,0,0,1
0,0.5532302205040753,-0.011050796154237758,0.3203772915896493,0,0,1,0,1,0,0,0,0,0,0,0,1,0,0,0,1,0,1,0,0,0,1,1,1,0,0
0,-1.076528230548336,0.6869360172283978,-0.7914165289852193,1,1,0,0,1,0,0,1,0,0,0,0,1,0,0,0,0,0,1,0,0,0,0,1,0,1,0
0,1.6125732136881425,0.3877988114929826,1.4052586426982214,0,0,1,1,1,0,1,0,0,0,0,0,0,0,1,0,0,0,1,0,1,0,1,1,0,0,0
0,-0.5876006952326126,-0.310188001889653,-0.5403805433077986,0,1,0,0,1,0,0,0,0,0,0,0,0,0,1,0,1,0,0,0,0,0,0,0,1,0,0
0,1.5718292524118322,1.4513977652189036,2.352930518331086,0,1,1,0,1,0,1,1,0,0,1,0,0,0,1,0,1,0,1,0,1,0,1,1,1,0,0
0,0.3087664528462136,1.2187354940913584,0.8074488701272108,1,1,1,0,1,0,1,1,0,0,0,0,1,0,0,0,0,0,1,0,1,0,0,1,0,1,0
0,-1.2802480369298874,0.1551365403654374,-0.9767154990810307,1,1,0,0,1,0,0,1,0,0,0,0,0,0,0,0,0,0,0,0,0,0,0,1,0,1,0
0,1.0421577558197987,1.2852104286992283,1.6474708678948893,1,1,0,0,1,0,1,1,0,0,0,0,1,0,1,0,0,0,1,0,1,1,0,1,0,0,0
0,1.5310852911355222,1.3184478960031634,2.1914557015333074,1,1,0,0,1,0,1,1,0,0,1,0,0,0,0,0,1,0,1,0,1,0,1,1,1,0,0
0,0.3902543753988342,-1.3073120210077038,-0.5183211421059163,0,0,1,0,1,0,1,0,1,1,0,1,0,1,0,1,0,1,0,1,0,0,1,0,0,1,0
0,0.06430268518835193,-1.1411246844880287,-0.5933231061923161,0,1,1,1,0,1,0,0,0,0,1,0,0,0,0,0,0,0,0,0,0,1,0,0,0,0,0
1,-1.1172721918246462,-1.4734993575273791,-0.9656857984800895,0,1,0,0,1,0,0,0,1,1,0,1,0,1,0,1,0,1,0,1,0,0,0,0,0,0,0
0,-0.3023929662984406,0.6536985499244629,-0.08595687854902292,0,0,0,0,1,0,1,1,0,0,0,0,0,0,0,0,0,0,1,0,0,0,0,1,0,0,1
0,-1.2395040756535771,0.7201734845323329,-0.9286260044609272,1,0,0,0,1,0,0,1,0,0,0,0,0,0,1,0,0,0,0,0,1,0,0,1,0,0,1
0,0.9199258719908678,1.2852104286992283,1.488201991217299,0,0,1,1,1,0,0,1,0,0,0,0,1,0,1,0,1,0,1,0,1,1,0,1,0,0,0
0,-0.46536881140368175,1.5511101671307086,0.015075178955598071,1,1,1,0,1,0,1,1,0,0,0,0,1,0,1,0,1,0,1,0,1,0,0,1,0,1,0
0,1.5310852911355222,0.7866484191402029,1.633794039149722,0,1,1,0,1,0,1,1,0,0,1,0,1,0,0,0,1,0,0,0,0,0,1,1,1,0,0
0,1.1643896396487294,1.3849228306110335,1.9713028775385217,0,0,1,0,1,0,1,1,0,0,0,0,0,0,1,0,1,0,1,0,1,0,0,1,0,1,0
0,0.4309983366751445,0.4875112134047877,0.5661190209786182,0,1,1,1,1,0,0,0,0,0,1,0,0,0,1,0,1,0,1,0,1,0,1,1,1,0,0
0,0.5939741817803856,1.2852104286992283,1.1498107767804242,0,1,0,0,1,0,1,1,0,0,0,0,1,0,1,0,0,0,1,0,1,1,0,1,0,1,0
0,-1.1172721918246462,-0.044288263458172786,-0.8668596810956568,0,1,0,0,1,0,0,0,0,0,0,0,0,0,1,0,1,0,1,0,0,0,0,1,1,0,0
0,1.2051336009250397,-1.3073120210077038,-0.31758059116878723,0,0,0,0,1,0,1,0,1,1,0,1,0,1,0,1,0,1,0,1,0,0,1,1,1,0,0
0,-0.6690886177852331,0.819885886444138,-0.3762585983657942,1,0,1,1,1,0,0,1,0,0,0,0,1,0,1,0,0,0,1,0,0,0,0,1,1,0,0
1,-1.0357842692720256,1.0193106902677482,-0.7230323852593841,1,1,1,0,1,0,1,1,0,0,0,0,0,0,0,0,0,0,1,0,1,0,0,1,0,0,0
0,-0.7505765403378537,-1.3073120210077038,-0.8430355277976239,0,0,1,1,1,0,1,0,1,1,0,1,0,1,0,1,0,1,0,1,0,0,0,0,0,0,1
0,1.1236456783724194,0.853123353748073,1.3986408223376567,1,1,1,1,1,0,0,1,0,0,0,0,1,0,1,0,0,0,1,0,0,1,0,0,0,1,0
0,0.06430268518835193,-0.6758001422329384,-0.3709643420773424,0,1,1,1,0,1,0,0,0,0,0,0,0,0,1,0,1,0,1,0,0,0,0,1,0,1,0
0,0.7162060656093164,1.4513977652189036,1.4679073421115671,1,0,1,0,1,0,1,1,0,0,1,0,1,0,0,0,1,0,1,0,1,1,0,0,0,1,0
0,0.22727853029359305,-1.3073120210077038,-0.582293405591375,0,1,1,1,1,0,1,0,1,1,0,1,0,1,0,1,0,1,0,1,0,0,1,0,1,0,0
0,1.5310852911355222,0.32132387688511255,1.2967263887849605,0,0,1,1,1,0,0,0,0,0,1,0,1,0,1,0,1,0,0,0,1,1,0,0,1,0,0
0,0.18653456901728277,0.7866484191402029,0.4664105275461102,0,0,1,1,1,0,1,1,0,0,0,0,1,0,0,0,0,0,1,0,0,0,0,1,0,1,0
1,-1.1580161531009565,0.45427374610085264,-0.8783305697206356,1,0,0,0,1,0,0,1,0,0,0,0,0,0,0,0,0,0,1,0,0,0,0,1,0,1,0
1,1.1236456783724194,0.9528357556598781,1.540262178053741,0,1,1,1,1,0,1,1,0,0,1,0,1,0,0,0,0,0,0,0,1,0,0,1,0,1,0
0,1.2051336009250397,0.22161147497330744,0.9724531911172904,0,1,1,1,1,0,0,0,0,0,1,0,0,0,1,0,1,0,0,0,1,1,0,0,1,0,0
0,-1.2802480369298874,-0.6758001422329384,-0.9877451996819718,1,1,0,0,1,0,0,0,0,0,0,0,0,0,0,0,0,0,0,0,0,0,0,0,0,0,1
0,0.1457906077409725,0.4875112134047877,0.2519931478638141,0,1,0,0,1,0,0,0,0,0,1,0,0,0,1,0,1,0,1,0,1,0,0,1,1,0,0
0,0.4717422979514547,-1.4734993575273791,-0.6078823109855584,0,1,0,0,1,0,0,0,1,1,0,1,0,1,0,1,0,1,0,1,0,0,1,0,1,0,0
1,0.9199258719908678,1.1854980267874233,1.423347351683765,1,0,0,0,1,0,1,1,0,0,0,0,0,0,1,0,0,0,1,0,1,1,0,1,0,1,0
0,1.6125732136881425,1.3516853633070984,2.341018441682069,0,0,1,0,1,0,1,1,0,0,1,0,0,0,1,0,0,0,1,0,1,0,1,1,1,0,0
0,-0.8320644628904743,-1.506736824831314,-0.9061254152350073,1,0,1,1,1,0,0,0,1,1,0,1,0,1,0,1,0,1,0,1,0,1,0,0,0,0,0
0,-0.791320501614164,-1.1411246844880287,-0.8333293912687957,0,0,0,0,0,1,0,0,0,0,1,0,0,0,0,0,0,0,0,0,0,0,0,1,0,0,0
0,-1.2802480369298874,0.819885886444138,-0.9678917386002778,1,1,0,0,1,0,0,1,0,0,0,0,0,0,0,0,0,0,1,0,1,0,0,1,0,1,0
0,-0.7098325790615434,-1.4734993575273791,-0.8770070056485226,0,0,1,1,1,0,0,0,1,1,0,1,0,1,0,1,0,1,0,1,0,1,0,0,0,0,1
0,1.3273654847539706,0.6536985499244629,1.4012879504818827,0,0,0,0,1,0,0,0,0,0,1,0,1,0,1,0,1,0,1,0,1,0,1,1,0,0,0
0,-0.8320644628904743,-1.0414122825762238,-0.8112699900669134,0,0,1,1,0,1,0,0,0,0,1,0,0,0,0,0,1,0,0,0,0,1,0,0,1,0,0
0,1.6125732136881425,0.919598288355943,1.984979706283689,0,1,1,0,1,0,1,0,0,0,1,0,1,0,1,0,1,0,1,0,1,0,1,1,1,0,0
0,1.6125732136881425,0.819885886444138,1.864976563745449,0,0,1,1,1,0,1,0,0,0,1,0,1,0,1,0,1,0,1,0,1,0,1,0,1,0,0
0,1.6125732136881425,1.6840600363464486,2.7323522190034617,0,0,1,1,1,0,1,1,0,0,1,0,1,0,1,0,1,0,1,0,1,0,1,1,0,0,0
0,0.797693988161937,0.6869360172283978,0.9609823024923116,0,1,0,1,1,0,1,0,0,0,1,0,1,0,0,0,1,0,1,0,1,0,1,1,0,0,1
0,-1.2395040756535771,-1.340549488311639,-0.9798038152492943,0,1,0,0,1,0,1,0,1,1,0,1,0,1,0,1,0,1,0,1,0,0,0,0,0,0,1
0,-1.1172721918246462,-0.011050796154237758,-0.8518592882783769,0,0,0,0,1,0,0,0,0,0,1,0,0,0,0,0,1,0,1,0,0,0,0,1,0,1,0
0,1.4495973685829016,-1.4734993575273791,-0.37890572651002,0,0,0,0,1,0,0,0,1,1,0,1,0,1,0,1,0,1,0,1,0,0,1,0,1,0,0
0,1.2051336009250397,1.1854980267874233,1.8221813254137973,1,0,0,1,1,0,1,1,0,0,0,0,0,0,1,0,0,0,1,0,1,1,0,1,0,1,0
0,1.6125732136881425,0.7201734845323329,1.7762977709138819,0,1,0,0,1,0,1,0,0,0,1,0,1,0,0,0,1,0,1,0,1,0,1,0,1,0,0
0,-1.2802480369298874,-0.47637533840932816,-0.985098071537746,1,1,0,0,1,0,0,0,0,0,0,0,1,0,0,0,0,0,0,0,0,0,0,0,0,1,0
0,1.368109446030281,0.819885886444138,1.5949694930344094,0,0,1,0,1,0,1,1,0,0,1,0,1,0,0,0,1,0,0,0,0,1,0,0,0,1,0
0,1.6125732136881425,-0.011050796154237758,1.0748088126940243,0,1,1,1,0,1,0,0,0,0,1,0,1,0,1,0,1,0,1,0,1,0,1,1,1,0,0
0,-0.26164900502213034,-1.506736824831314,-0.805534545754424,0,1,0,0,1,0,0,0,1,1,0,1,0,1,0,1,0,1,0,1,0,1,0,0,1,0,0
0,1.2866215234776603,0.9528357556598781,1.5614392032075481,0,1,1,1,1,0,1,1,0,0,1,0,0,0,1,0,0,0,0,0,1,0,1,0,0,0,0
1,-0.506112772679992,0.2880864095811775,-0.3616993935725518,1,1,1,0,1,0,0,1,0,0,0,0,1,0,0,0,0,0,0,0,0,0,0,1,0,1,0
0,-1.1987601143772668,1.0193106902677482,-0.8717127493600709,1,0,0,0,1,0,0,1,0,0,0,0,1,0,0,0,0,0,1,0,1,0,0,1,0,1,0
0,-0.42462485012737144,0.9860732229638132,-0.07889787016442058,1,1,0,0,1,0,1,1,0,0,0,0,0,0,0,0,0,0,1,0,1,0,0,1,1,0,0
0,-1.1580161531009565,0.5207486807087227,-0.8664184930716191,1,1,1,0,1,0,0,1,0,0,0,0,0,0,1,0,1,0,0,0,0,0,0,1,0,0,1
0,1.2051336009250397,-0.8419874787526135,0.023898939436350995,0,1,1,0,0,1,0,0,0,0,0,0,0,0,0,0,1,0,1,0,0,0,1,1,0,0,0
0,-1.1172721918246462,-1.4734993575273791,-0.9612739182397131,0,0,0,0,1,0,0,0,1,1,0,1,0,1,0,1,0,1,0,1,0,0,0,1,0,0,1
0,1.082901717096109,0.6869360172283978,1.2358424414677653,1,1,1,0,1,0,1,1,0,0,0,0,0,0,0,0,0,0,0,0,1,1,0,0,0,1,0
0,-1.1987601143772668,-1.2740745537037688,-0.9537737218310731,0,1,0,1,1,0,1,0,1,1,0,1,0,1,0,1,0,1,0,1,0,0,1,1,0,0,1
0,1.6125732136881425,1.1190230921795532,2.0877765158844603,0,0,1,0,1,0,1,1,0,0,1,0,0,0,1,0,1,0,1,0,0,0,1,1,0,0,0
0,1.0014137945434884,1.0857856248756181,1.4626130858231154,0,1,1,1,1,0,0,1,0,0,0,0,1,0,1,0,0,0,1,0,1,1,0,1,1,0,0
0,1.368109446030281,-1.506736824831314,-0.4472898702358552,0,1,0,1,1,0,0,0,1,1,0,1,0,1,0,1,0,1,0,1,0,0,1,0,1,0,0
0,1.1236456783724194,-0.47637533840932816,0.3283186760223269,1,0,0,0,0,1,0,0,0,0,0,0,1,0,0,0,0,0,1,0,1,0,0,1,0,1,0
0,0.512486259227765,1.1522605594834883,1.0373078306508245,0,1,0,1,1,0,1,1,0,0,0,0,0,0,1,0,0,0,1,0,1,0,1,0,0,0,0
0,-1.1987601143772668,-1.0081748152722887,-0.9573032260233743,0,0,0,0,0,1,0,0,0,0,0,0,0,0,0,0,0,0,1,0,0,0,0,1,1,0,0
0,-0.7098325790615434,1.3516853633070984,-0.3091980187120719,1,0,0,0,1,0,0,1,0,0,1,0,0,0,1,0,1,0,1,0,1,0,0,0,0,1,0
0,0.7569500268856267,-0.14400066536997788,0.3503780772242092,0,0,0,1,0,1,0,0,0,0,1,0,0,0,1,0,1,0,1,0,1,1,0,0,0,0,0
0,1.1236456783724194,-0.011050796154237758,0.7748009563484249,0,0,0,0,1,0,1,0,0,0,1,0,0,0,1,0,1,0,0,0,0,1,0,0,0,1,0
0,0.02355872391204165,-0.3434254691935881,-0.2725794127169473,0,1,0,0,1,0,1,0,0,0,0,0,1,0,0,0,0,0,0,0,0,0,0,1,0,0,0
0,-0.9135523854430948,1.5178726998267735,-0.5469983636683633,1,1,0,0,1,0,0,1,0,0,1,0,1,0,1,0,1,0,1,0,1,0,0,1,0,1,0
1,-0.26164900502213034,-1.506736824831314,-0.7847987086246546,0,1,0,0,1,0,0,0,1,1,0,1,0,1,0,1,0,1,0,1,0,1,0,0,1,0,0
0,-1.076528230548336,0.6204610826205278,-0.7878870247929182,1,0,0,0,1,0,0,1,0,0,0,0,0,0,1,0,0,0,0,0,1,0,0,0,0,1,0
0,1.4088534073065913,1.5511101671307086,2.306605775807133,0,0,1,0,1,0,1,1,0,0,1,0,0,0,1,0,1,0,1,0,1,1,0,1,0,1,0
0,0.6754621043330061,-0.9749373479683536,-0.22096041390454269,0,0,1,1,0,1,0,0,0,0,1,0,0,0,0,0,1,0,0,0,0,1,0,1,1,0,0
0,-1.2802480369298874,-1.4734993575273791,-0.9983337122588753,0,1,0,0,1,0,0,0,1,1,0,1,0,1,0,1,0,1,0,1,0,0,0,1,0,0,1
1,-1.0357842692720256,0.6536985499244629,-0.7384739661007017,0,0,0,0,1,0,0,1,0,0,0,0,0,0,1,0,0,0,1,0,0,0,0,1,0,1,0
1,-0.22090504374582004,1.5178726998267735,0.25331671193592703,0,0,0,0,1,0,1,1,0,0,1,0,1,0,1,0,0,0,1,0,1,1,0,1,0,0,0
0,0.18653456901728277,0.8863608210520081,0.4253800413106091,0,1,1,1,1,0,0,1,0,0,0,0,0,0,0,0,0,0,1,0,1,1,0,0,1,0,0
0,1.24587756220135,1.1854980267874233,1.7348260966543432,1,0,1,1,1,0,1,1,0,0,1,0,1,0,1,0,0,0,1,0,0,0,0,1,0,1,0
0,-0.05792919864057891,0.819885886444138,0.2383163191186471,0,1,1,1,1,0,1,1,0,0,1,0,0,0,1,0,1,0,0,0,0,0,0,0,0,1,0
0,0.7162060656093164,1.2852104286992283,1.206282843857243,1,1,1,1,1,0,1,1,0,0,0,0,1,0,1,0,0,0,1,0,1,0,0,1,0,0,0
1,-0.01718523736426863,0.5539861480126578,0.14831396221496723,0,1,0,0,1,0,1,1,0,0,0,0,0,0,1,0,0,0,0,0,0,0,0,1,1,0,0
0,-1.2802480369298874,-1.340549488311639,-0.9965689601627248,1,0,0,0,0,1,0,0,0,0,0,0,0,0,0,0,0,0,0,0,0,0,0,0,0,1,0
0,1.24587756220135,0.5539861480126578,1.1833410666072854,0,0,1,0,1,0,1,1,0,0,0,0,0,0,0,0,1,0,0,0,0,1,0,1,1,0,0
0,-0.09867315991688919,0.9860732229638132,0.174785243657226,0,1,0,0,1,0,1,1,0,0,1,0,1,0,0,0,0,0,0,0,1,0,0,1,1,0,0
0,1.5718292524118322,1.7172975036503837,2.659115007013212,0,1,1,0,1,0,1,1,0,0,1,0,1,0,1,0,1,0,1,0,1,0,1,1,0,0,0
0,0.8384379494382472,1.3516853633070984,1.4996728798422778,0,0,0,0,1,0,1,1,0,0,0,0,1,0,1,0,0,0,1,0,1,0,1,0,0,1,0
0,-0.8320644628904743,1.1190230921795532,-0.5130268858174645,1,0,0,0,1,0,0,1,0,0,1,0,0,0,0,0,1,0,1,0,1,0,0,1,0,0,0
0,0.7162060656093164,0.9860732229638132,1.1608404773813654,0,1,1,0,1,0,1,1,0,0,1,0,1,0,0,0,0,0,0,0,1,0,0,1,1,0,0
0,-1.2395040756535771,-1.506736824831314,-0.9952453960906119,0,0,0,0,1,0,0,0,1,1,0,1,0,1,0,1,0,1,0,1,0,0,0,0,0,0,1
0,-0.9542963467194051,1.1190230921795532,-0.5999409265528808,1,0,0,0,1,0,1,1,0,0,0,0,0,0,1,0,0,0,1,0,1,0,0,0,1,0,0
0,-0.6283446565089229,0.9528357556598781,-0.29022693367845315,1,1,0,0,1,0,0,1,0,0,1,0,0,0,0,0,0,0,1,0,1,0,0,0,0,1,0
0,0.9606698332671781,1.3516853633070984,1.669971457120809,0,0,1,0,1,0,0,1,0,0,1,0,1,0,1,0,0,0,1,0,1,1,0,1,1,0,0
0,1.4088534073065913,0.5539861480126578,1.3743754810155862,0,1,1,1,1,0,0,0,0,0,1,0,1,0,1,0,0,0,1,0,1,0,1,0,1,0,0
1,-0.9542963467194051,1.1854980267874233,-0.602146866673069,1,1,0,0,1,0,1,1,0,0,0,0,0,0,1,0,0,0,1,0,1,0,0,1,0,1,0
0,-1.1580161531009565,-0.276950534585718,-0.9039194751148191,0,1,0,0,1,0,0,0,0,0,0,0,0,0,0,0,0,0,1,0,0,0,0,1,0,1,0
0,-0.5468567339563023,0.022186671149697273,-0.46405501514928577,0,1,0,0,1,0,0,0,0,0,0,0,1,0,0,0,1,0,0,0,1,1,0,1,0,0,0
0,-0.9950403079957154,-1.506736824831314,-0.9321555086532285,0,0,0,1,1,0,0,0,1,1,0,1,0,1,0,1,0,1,0,1,0,0,0,0,0,0,1
0,1.5718292524118322,1.5511101671307086,2.51528771117694,0,0,0,0,1,0,1,1,0,0,0,0,1,0,1,0,1,0,1,0,1,0,1,1,0,1,0
1,-0.9135523854430948,0.2548489422772425,-0.7036201122017277,1,1,0,0,1,0,0,1,0,0,0,0,1,0,0,0,0,0,0,0,0,0,0,1,0,1,0
1,-0.7098325790615434,0.819885886444138,-0.43890729777913995,0,0,0,0,1,0,1,1,0,0,0,0,1,0,0,0,0,0,1,0,0,0,0,0,1,0,0
0,1.6125732136881425,1.3849228306110335,2.4552861399078196,0,1,1,1,1,0,1,1,0,0,1,0,0,0,1,0,0,0,1,0,1,1,0,1,0,0,0
0,-0.8320644628904743,-1.4734993575273791,-0.8893602703215767,0,1,0,0,1,0,0,0,1,1,0,1,0,1,0,1,0,1,0,1,0,1,0,0,1,0,0
0,1.6125732136881425,-1.3073120210077038,-0.21390140551994033,0,1,1,1,1,0,1,0,1,1,0,1,0,1,0,1,0,1,0,1,0,0,1,1,0,0,0
1,-1.2802480369298874,0.2880864095811775,-0.9749507469848802,1,1,1,0,1,0,1,1,0,0,0,0,0,0,0,0,0,0,0,0,0,0,0,1,0,1,0
1,-0.38388088885106114,0.35456134418904756,-0.2822855492457755,0,0,0,0,1,0,0,1,0,0,1,0,0,0,0,0,0,0,0,0,0,0,0,1,0,0,0
0,1.6125732136881425,0.022186671149697273,1.1136333588093372,0,1,0,0,0,1,0,0,0,0,1,0,1,0,1,0,1,0,1,0,1,0,1,1,0,0,0
0,-0.26164900502213034,0.5207486807087227,-0.03963213602507006,0,0,0,0,1,0,1,1,0,0,0,0,0,0,1,0,0,0,0,0,0,0,0,1,0,1,0
0,-0.46536881140368175,1.3184478960031634,-0.01933748691933834,0,0,0,0,1,0,0,1,0,0,0,0,1,0,1,0,1,0,1,0,1,1,0,1,0,0,1
0,1.1236456783724194,-1.340549488311639,-0.3431694965629707,0,1,1,0,1,0,1,0,1,1,0,1,0,1,0,1,0,1,0,1,0,1,0,0,0,0,0
0,-0.8320644628904743,-1.4734993575273791,-0.8946545266100285,0,1,0,0,1,0,0,0,1,1,0,1,0,1,0,1,0,1,0,1,0,0,0,0,0,0,1
0,-0.6690886177852331,0.35456134418904756,-0.4825849121588669,0,1,1,0,1,0,1,1,0,0,0,0,0,0,0,0,0,0,0,0,0,0,0,1,0,1,0
0,1.24587756220135,0.4875112134047877,1.1043684103045466,0,0,1,0,1,0,1,0,0,0,1,0,1,0,0,0,0,0,1,0,1,1,0,1,1,0,0
1,-0.42462485012737144,0.5539861480126578,-0.20419526899111212,0,0,0,0,1,0,0,1,0,0,1,0,1,0,0,0,0,0,0,0,0,0,0,0,0,1,0
0,-0.01718523736426863,0.3877988114929826,0.0534585370468733,0,0,1,1,1,0,0,0,0,0,1,0,1,0,1,0,1,0,0,0,1,0,0,0,0,0,0
1,-1.1987601143772668,0.4875112134047877,-0.9167139278119109,1,0,0,0,1,0,1,1,0,0,0,0,1,0,0,0,0,0,0,0,0,0,0,1,0,1,0
0,-0.791320501614164,0.5539861480126578,-0.5871464738557891,1,0,0,0,1,0,0,1,0,0,0,0,1,0,1,0,0,0,0,0,0,0,0,1,0,1,0
0,1.4495973685829016,1.2852104286992283,2.0983650284613637,0,0,1,1,1,0,1,1,0,0,0,0,1,0,0,0,1,0,1,0,1,0,1,1,1,0,0
0,-0.09867315991688919,0.7201734845323329,0.1125777322679179,0,0,1,1,1,0,0,1,0,0,0,0,0,0,1,0,0,0,0,0,1,1,0,0,0,1,0
0,-0.6690886177852331,0.35456134418904756,-0.472437587606001,0,0,0,0,1,0,0,1,0,0,0,0,1,0,0,0,0,0,0,0,0,0,0,0,0,0,0
0,0.02355872391204165,0.5207486807087227,0.16243197898417192,0,1,0,0,1,0,0,1,0,0,0,0,1,0,0,0,1,0,0,0,0,0,1,0,0,0,0
0,1.6125732136881425,-1.506736824831314,-0.43184828939453757,0,1,1,0,1,0,0,0,1,1,0,1,0,1,0,1,0,1,0,1,0,0,1,0,1,0,0
1,-1.1580161531009565,0.6536985499244629,-0.8483297840860756,1,0,0,0,1,0,1,1,0,0,0,0,0,0,0,0,0,0,0,0,1,0,0,1,0,1,0
0,-0.8320644628904743,-1.0414122825762238,-0.8152406822832522,0,0,0,0,0,1,0,0,0,0,1,0,0,0,0,0,1,0,0,0,0,1,0,1,0,0,1
1,-1.1580161531009565,0.6204610826205278,-0.8712715613360332,0,0,1,0,1,0,1,1,0,0,0,0,0,0,0,0,0,0,1,0,0,0,0,1,0,1,0
0,-1.076528230548336,0.4875112134047877,-0.8156818703072898,1,0,0,0,1,0,1,1,0,0,1,0,0,0,0,0,0,0,0,0,0,0,0,1,0,1,0
0,1.3273654847539706,1.4513977652189036,2.133218882360338,0,0,1,0,1,0,1,1,0,0,0,0,1,0,1,0,1,0,1,0,1,1,0,1,1,0,0
0,-0.7098325790615434,-1.506736824831314,-0.8659773050475815,0,0,0,0,1,0,0,0,1,1,0,1,0,1,0,1,0,1,0,1,0,0,0,0,0,0,1
0,-0.3431369275747509,-1.440261890223444,-0.7728866319756381,0,0,0,1,1,0,0,0,1,1,0,1,0,1,0,1,0,1,0,1,0,1,0,0,0,0,0
0,-0.791320501614164,-1.1411246844880287,-0.8386236475572474,0,0,0,1,0,1,0,0,0,0,0,0,1,0,0,0,0,0,0,0,0,0,0,0,0,1,0
0,-0.3431369275747509,0.4875112134047877,-0.12434023664029814,0,1,0,0,1,0,0,1,0,0,0,0,0,0,0,0,0,0,0,0,1,0,0,1,1,0,0
0,1.6125732136881425,0.022186671149697273,1.1630464175015536,0,0,1,0,0,1,0,0,0,0,1,0,1,0,1,0,1,0,1,0,1,0,1,0,0,0,0
0,0.8791819107145575,1.3184478960031634,1.483348922952885,0,0,1,1,1,0,1,1,0,0,1,0,1,0,0,0,0,0,1,0,1,0,0,1,0,0,0
0,-1.1987601143772668,0.32132387688511255,-0.9123020475715343,1,0,0,0,1,0,1,1,0,0,0,0,0,0,0,0,0,0,0,0,0,0,0,0,0,0,0
0,-1.1580161531009565,-1.4734993575273791,-0.9731859948887296,0,1,1,1,1,0,0,0,1,1,0,1,0,1,0,1,0,1,0,1,0,0,0,1,0,0,1
1,-0.01718523736426863,0.8863608210520081,0.27052304487339524,0,0,1,1,1,0,1,1,0,0,0,0,0,0,1,0,0,0,1,0,0,0,0,1,0,0,1
1,0.10504664646466222,1.1522605594834883,0.4906758688681807,1,1,0,0,1,0,1,1,0,0,0,0,0,0,1,0,0,0,1,0,1,0,0,1,0,1,0
0,0.10504664646466222,-1.4734993575273791,-0.6722957624950548,0,1,1,1,1,0,0,0,1,1,0,1,0,1,0,1,0,1,0,1,0,0,1,0,0,0,0
1,-1.2395040756535771,-0.6758001422329384,-0.9696564906964283,1,1,0,0,1,0,0,0,0,0,0,0,0,0,0,0,0,0,0,0,0,0,0,0,0,0,1
0,-0.9950403079957154,0.35456134418904756,-0.7711218798794875,0,0,0,0,1,0,0,1,0,0,0,0,1,0,0,0,0,0,0,0,0,0,0,0,0,1,0
0,-0.42462485012737144,-0.310188001889653,-0.45434887862045753,0,1,0,0,1,0,0,0,0,0,1,0,0,0,0,0,1,0,0,0,0,0,0,0,0,0,1
0,-0.7098325790615434,-0.21047559997784793,-0.5858229097836761,0,0,0,0,1,0,0,0,0,0,1,0,0,0,1,0,1,0,0,0,0,0,0,0,0,1,0
0,-0.42462485012737144,1.0193106902677482,-0.0533089647702371,0,1,0,0,1,0,1,1,0,0,0,0,0,0,0,0,0,0,1,0,1,0,0,1,0,1,0
0,-1.2802480369298874,-0.6758001422329384,-0.9877451996819718,1,1,1,0,1,0,0,0,0,0,0,0,0,0,0,0,0,0,0,0,0,0,0,0,1,0,0
0,1.5718292524118322,-1.3073120210077038,-0.20728358515937564,0,0,1,1,1,0,1,0,1,1,0,1,0,1,0,1,0,1,0,1,0,0,1,0,0,0,0
0,-1.1580161531009565,-0.276950534585718,-0.899066406850405,0,1,0,0,1,0,0,0,0,0,1,0,0,0,1,0,0,0,0,0,0,0,0,0,0,1,0
0,-0.3023929662984406,0.5539861480126578,-0.1124281599912817,0,1,0,0,1,0,1,0,0,0,1,0,1,0,1,0,1,0,0,0,1,0,0,0,0,0,0
0,-0.01718523736426863,0.7201734845323329,0.19419751671488245,0,0,1,1,1,0,0,1,0,0,0,0,1,0,0,0,0,0,1,0,0,0,0,1,0,1,0
1,-1.0357842692720256,-1.1743621517919638,-0.9100961074513462,0,1,1,0,0,1,0,0,0,0,1,0,0,0,0,0,0,0,0,0,0,0,0,0,0,0,0
0,-0.6283446565089229,-1.4734993575273791,-0.8461238439658875,0,1,0,0,1,0,0,0,1,1,0,1,0,1,0,1,0,1,0,1,0,1,0,1,0,0,1
1,-0.9950403079957154,-0.14400066536997788,-0.7640628714948853,0,1,1,0,1,0,0,0,0,0,1,0,0,0,0,0,0,0,1,0,0,0,0,0,0,0,0
1,0.9606698332671781,0.2880864095811775,0.7814187767089896,0,0,0,0,1,0,1,0,0,0,1,0,0,0,1,0,1,0,0,0,1,0,1,0,0,0,0
0,-1.2802480369298874,-0.6425626749290033,-0.9873040116579342,1,1,0,0,1,0,0,0,0,0,0,0,0,0,0,0,0,0,0,0,0,0,0,1,0,0,1
1,-0.9950403079957154,1.1854980267874233,-0.6400890367403066,1,1,0,0,1,0,0,1,0,0,1,0,0,0,0,0,1,0,1,0,1,0,0,0,1,0,0
0,-1.0357842692720256,-1.506736824831314,-0.957744414047412,1,1,0,0,1,0,0,0,1,1,0,1,0,1,0,1,0,1,0,1,0,0,0,0,0,1,0
0,-1.1987601143772668,-1.4734993575273791,-0.9806861912973696,0,1,0,1,1,0,0,0,1,1,0,1,0,1,0,1,0,1,0,1,0,0,0,0,0,0,1
0,1.5718292524118322,0.42103627879691763,1.4414360606693084,0,0,0,0,1,0,0,0,0,0,1,0,1,0,1,0,1,0,1,0,0,0,1,0,1,0,0
0,-1.2395040756535771,1.052548157571683,-0.9303907565570778,1,0,0,0,1,0,1,1,0,0,0,0,0,0,0,0,0,0,1,0,1,0,0,1,0,1,0
0,-1.2802480369298874,0.853123353748073,-0.9674505505762402,1,0,0,0,1,0,0,1,0,0,0,0,0,0,0,0,0,0,1,0,1,0,0,0,0,1,0
0,0.6754621043330061,0.9528357556598781,1.0809854450305514,0,1,1,0,1,0,1,1,0,0,1,0,1,0,0,0,0,0,1,0,0,0,0,1,0,0,0
0,1.0421577558197987,0.18837400766937243,0.7787716485647638,0,1,0,0,1,0,0,0,0,0,0,0,1,0,1,0,1,0,1,0,0,0,1,0,0,0,0
1,0.4717422979514547,-1.1411246844880287,-0.40758294807246703,1,1,1,0,0,1,0,0,0,0,0,0,1,0,0,0,0,0,0,0,0,0,0,1,0,1,0
0,1.082901717096109,0.35456134418904756,0.996718532439361,0,0,1,1,1,0,0,0,0,0,0,0,1,0,0,0,1,0,1,0,1,0,1,1,1,0,0
0,1.5718292524118322,1.4513977652189036,2.3158707243119236,1,1,0,0,1,0,1,1,0,0,1,0,0,0,1,0,1,0,1,0,1,0,1,1,0,1,0
0,-1.2802480369298874,0.1551365403654374,-0.9767154990810307,1,1,0,0,1,0,0,1,0,0,0,0,0,0,0,0,0,0,0,0,0,0,0,1,0,1,0
0,-0.8728084241667845,0.35456134418904756,-0.6153825073941984,0,0,0,0,1,0,1,1,0,0,0,0,0,0,0,0,0,0,0,0,0,0,0,0,0,1,0
1,1.2051336009250397,1.2852104286992283,1.808945684692668,1,1,1,0,1,0,1,1,0,0,0,0,1,0,1,0,0,0,1,0,1,1,0,1,0,1,0
0,0.10504664646466222,-0.3434254691935881,-0.16184121868349807,0,0,1,1,1,0,0,0,0,0,1,0,0,0,0,0,1,0,0,0,0,1,0,1,0,0,0
0,-0.506112772679992,-1.506736824831314,-0.8249468188120804,0,0,0,0,1,0,0,0,1,1,0,1,0,1,0,1,0,1,0,1,0,0,0,1,0,0,0
0,0.3087664528462136,-1.506736824831314,-0.6506775493172101,0,1,1,1,1,0,0,0,1,1,0,1,0,1,0,1,0,1,0,1,0,0,1,0,0,0,1
0,0.2680224915699033,-0.5760877403211333,-0.17507685940462747,0,0,0,0,1,0,0,0,0,0,1,0,0,0,0,0,0,0,0,0,0,1,0,1,0,1,0
0,-1.2802480369298874,0.7201734845323329,-0.9692153026723908,1,1,0,0,1,0,1,1,0,0,0,0,0,0,0,0,0,0,0,0,1,0,0,1,0,1,0
0,1.6125732136881425,-1.373786955615574,-0.26640278038042026,0,0,1,1,1,0,1,0,1,1,0,1,0,1,0,1,0,1,0,1,0,0,1,0,0,0,0
1,0.02355872391204165,0.5207486807087227,0.16463791910436015,1,0,1,0,1,0,1,1,0,0,0,0,1,0,0,0,0,0,0,0,0,0,0,1,0,0,0
0,-0.8320644628904743,-0.7090376095368733,-0.7689159397592993,0,0,0,0,1,0,0,0,0,0,0,0,0,0,0,0,0,0,0,0,0,0,0,0,0,0,0
0,-1.2802480369298874,-1.506736824831314,-0.998774900282913,0,1,0,0,1,0,0,0,1,1,0,1,0,1,0,1,0,1,0,1,0,0,0,0,0,0,0
0,-0.22090504374582004,-1.506736824831314,-0.7702395038314123,0,1,0,1,1,0,0,0,1,1,0,1,0,1,0,1,0,1,0,1,0,0,0,0,0,0,1
0,0.06430268518835193,-1.506736824831314,-0.7080319924421041,0,1,1,1,1,0,0,0,1,1,0,1,0,1,0,1,0,1,0,1,0,1,0,0,1,0,0
0,0.9606698332671781,0.5207486807087227,0.9839240797422693,0,0,1,0,1,0,0,1,0,0,1,0,0,0,1,0,0,0,0,0,0,0,1,0,0,0,0
0,1.0421577558197987,-1.340549488311639,-0.37934691453405767,0,0,0,0,1,0,1,0,1,1,0,1,0,1,0,1,0,1,0,1,0,0,1,0,1,0,0
0,-0.42462485012737144,-1.3073120210077038,-0.7622981193987346,0,0,1,1,1,0,1,0,1,1,0,1,0,1,0,1,0,1,0,1,0,0,1,0,1,0,0
0,-0.9135523854430948,-1.2740745537037688,-0.9078901673311579,0,0,1,1,1,0,1,0,1,1,0,1,0,1,0,1,0,1,0,1,0,0,1,0,1,0,0
0,-0.791320501614164,-1.4734993575273791,-0.8889190822975391,0,1,0,0,1,0,0,0,1,1,0,1,0,1,0,1,0,1,0,1,0,0,1,0,1,0,0
0,0.10504664646466222,0.6869360172283978,0.27978799337818583,1,0,0,0,1,0,1,1,0,0,0,0,1,0,0,0,1,0,0,0,0,0,0,0,1,0,0
0,0.06430268518835193,0.18837400766937243,0.05875279333532505,1,0,0,0,1,0,0,1,0,0,0,0,0,0,0,0,0,0,0,0,0,0,0,1,1,0,0
1,-1.1580161531009565,0.9860732229638132,-0.8200937505476663,1,0,0,0,1,0,1,1,0,0,0,0,0,0,0,0,0,0,1,0,1,0,0,1,0,1,0
0,1.6125732136881425,-1.4734993575273791,-0.3489049408754601,0,1,1,0,1,0,0,0,1,1,0,1,0,1,0,1,0,1,0,1,0,0,1,0,0,0,0
0,-1.2395040756535771,0.18837400766937243,-0.948920653566659,0,1,0,0,1,0,0,0,0,0,0,0,0,0,0,0,1,0,1,0,1,0,0,0,0,1,0
0,-1.0357842692720256,1.0193106902677482,-0.7159733768747818,1,0,0,0,1,0,0,1,0,0,0,0,0,0,1,0,0,0,1,0,1,0,0,1,0,1,0
1,-0.22090504374582004,0.35456134418904756,-0.17198854323636395,1,1,1,0,1,0,1,1,0,0,0,0,0,0,0,0,0,0,0,0,0,0,0,1,0,1,0
0,-1.1580161531009565,0.1551365403654374,-0.8818600739129367,0,1,1,1,1,0,0,1,0,0,0,0,0,0,0,0,0,0,0,0,0,0,0,1,0,0,1
0,0.18653456901728277,-1.506736824831314,-0.6612660618941136,0,0,0,0,1,0,0,0,1,1,0,1,0,1,0,1,0,1,0,1,0,0,1,0,0,0,1
0,-0.46536881140368175,-1.4734993575273791,-0.8231820667159299,0,1,0,0,1,0,0,0,1,1,0,1,0,1,0,1,0,1,0,1,0,0,0,0,0,0,1
1,0.8384379494382472,1.0193106902677482,1.2058416558332052,0,0,1,0,1,0,1,1,0,0,0,0,0,0,0,0,0,0,1,0,1,1,0,1,1,0,0
0,-0.5876006952326126,0.853123353748073,-0.29596237799094255,1,0,0,0,1,0,1,1,0,0,0,0,0,0,0,0,1,0,0,0,1,0,0,1,0,1,0
0,-1.2395040756535771,0.12189907306150236,-0.9546560978791484,1,0,0,0,1,0,0,1,0,0,0,0,0,0,0,0,0,0,0,0,0,0,0,0,0,1,0
0,-0.01718523736426863,1.1522605594834883,0.4064089562769903,1,1,1,1,1,0,1,1,0,0,1,0,0,0,0,0,0,0,1,0,1,0,0,1,1,0,0
1,-0.38388088885106114,-1.4734993575273791,-0.7931812810813699,0,1,1,0,1,0,0,0,1,1,0,1,0,1,0,1,0,1,0,1,0,1,0,1,0,1,0
0,-1.1987601143772668,-0.47637533840932816,-0.9365673888936049,0,1,0,0,1,0,0,0,0,0,1,0,0,0,0,0,0,0,0,0,0,0,0,1,0,0,1
0,1.5718292524118322,-0.21047559997784793,0.8215668868964154,0,0,1,1,0,1,0,0,0,0,1,0,1,0,0,0,1,0,1,0,1,0,1,0,0,0,1
0,-0.9542963467194051,1.0193106902677482,-0.6422949768604949,0,1,0,0,1,0,0,1,0,0,0,0,0,0,0,0,1,0,1,0,1,0,0,1,0,0,0
0,-1.2802480369298874,-0.5096128057132632,-0.9855392595617837,0,0,0,0,1,0,0,0,0,0,0,0,1,0,0,0,0,0,0,0,0,0,0,0,0,1,0
0,-0.5876006952326126,-0.24371306728178296,-0.5703813289423585,1,1,1,1,1,0,0,0,0,0,0,0,0,0,1,0,0,0,0,0,1,0,0,0,0,1,0
0,-0.8320644628904743,-0.3766629364975231,-0.7000906080094265,1,1,1,1,1,0,0,0,0,0,0,0,0,0,0,0,0,0,0,0,1,1,0,0,1,0,0
0,1.5718292524118322,0.5207486807087227,1.456877641510626,0,1,1,0,1,0,1,0,0,0,1,0,1,0,1,0,1,0,0,0,1,0,1,1,0,0,1
0,1.2866215234776603,-1.340549488311639,-0.30081544625535667,0,0,0,0,1,0,1,0,1,1,0,1,0,1,0,1,0,1,0,1,0,1,0,1,0,0,0
0,-1.1580161531009565,-0.8087500114486784,-0.9356850128455296,0,1,0,0,0,1,0,0,0,0,0,0,0,0,0,0,1,0,0,0,1,0,0,1,0,1,0
0,-0.38388088885106114,-1.506736824831314,-0.7997991014419346,0,0,0,0,1,0,0,0,1,1,0,1,0,1,0,1,0,1,0,1,0,0,0,1,0,0,1
0,0.2680224915699033,-0.44313787110539316,-0.09566301507785115,0,0,1,1,1,0,0,0,0,0,1,0,0,0,0,0,0,0,0,0,0,0,0,0,1,0,0
0,-0.18016108246950976,-0.3434254691935881,-0.37802335046194474,0,1,1,0,1,0,0,0,0,0,1,0,0,0,0,0,1,0,0,0,0,1,0,0,0,0,1
1,-1.1172721918246462,0.6536985499244629,-0.834211767316871,0,0,0,0,1,0,0,1,0,0,0,0,1,0,0,0,0,0,1,0,0,0,0,1,0,1,0
1,0.512486259227765,0.7201734845323329,0.6962694880697239,0,0,1,0,1,0,0,1,0,0,0,0,0,0,1,0,0,0,0,0,1,0,0,1,0,1,0
0,0.18653456901728277,0.18837400766937243,0.11875436460444494,0,1,0,0,1,0,0,1,0,0,0,0,0,0,0,0,0,0,0,0,0,0,0,1,0,0,1
1,1.1236456783724194,1.5178726998267735,1.9346842715433972,0,0,1,0,1,0,0,1,0,0,1,0,1,0,1,0,1,0,1,0,1,0,1,1,0,0,0
1,-0.9950403079957154,1.1854980267874233,-0.645824481052796,1,1,0,0,1,0,1,1,0,0,0,0,0,0,1,0,0,0,1,0,1,0,0,1,0,1,0
0,0.5939741817803856,0.9860732229638132,1.028925258194109,0,0,0,0,1,0,1,1,0,0,1,0,0,0,1,0,0,0,1,0,0,1,0,0,1,0,0
0,-0.26164900502213034,0.6204610826205278,-0.09389826298170055,1,1,1,1,1,0,1,1,0,0,0,0,0,0,0,0,0,0,1,0,0,0,0,1,0,1,0
1,-1.1987601143772668,0.7866484191402029,-0.8867131421773509,1,0,1,1,1,0,0,1,0,0,1,0,0,0,0,0,1,0,1,0,0,0,0,1,0,0,1
0,0.7162060656093164,0.1551365403654374,0.5621483287622794,0,0,1,1,1,0,0,1,0,0,0,0,0,0,0,0,0,0,0,0,0,0,0,1,0,0,0
0,-0.22090504374582004,0.22161147497330744,-0.14375250969795458,0,1,1,1,1,0,1,0,0,0,0,0,0,0,0,0,1,0,1,0,1,0,0,0,0,0,0
1,-0.9950403079957154,0.919598288355943,-0.6855314032161842,1,0,0,0,1,0,0,1,0,0,0,0,0,0,1,0,0,0,1,0,1,0,0,1,0,1,0
0,1.2051336009250397,-1.373786955615574,-0.3824352307023212,0,0,1,0,1,0,1,0,1,1,0,1,0,1,0,1,0,1,0,1,0,0,1,0,0,0,0
0,1.5718292524118322,0.5539861480126578,1.6064403816593882,0,0,1,0,1,0,0,0,0,0,1,0,0,0,1,0,1,0,1,0,1,0,1,0,0,0,0
0,1.368109446030281,-1.3073120210077038,-0.2584613959477426,0,1,0,0,1,0,1,0,1,1,0,1,0,1,0,1,0,1,0,1,0,0,1,0,0,0,1
0,1.4495973685829016,1.6508225690425138,2.455727327931857,0,1,1,1,1,0,1,1,0,0,1,0,1,0,1,0,1,0,1,0,1,0,1,1,0,0,0
0,-0.791320501614164,-0.5096128057132632,-0.7208264451391959,0,0,0,0,0,1,0,0,0,0,0,0,0,0,1,0,0,0,1,0,1,0,0,0,0,1,0
0,0.9606698332671781,0.5207486807087227,1.0033363527999257,0,1,1,0,1,0,0,1,0,0,0,0,0,0,0,0,0,0,0,0,1,1,0,1,0,1,0
0,0.22727853029359305,0.4875112134047877,0.32214204368579985,1,1,1,0,1,0,0,1,0,0,1,0,1,0,0,0,0,0,0,0,0,0,0,1,0,1,0
1,-0.7505765403378537,0.853123353748073,-0.44861343430796813,1,1,0,0,1,0,0,1,0,0,0,0,0,0,0,0,0,0,1,0,1,0,0,0,1,0,0
0,-0.6690886177852331,-1.506736824831314,-0.8483297840860756,0,0,0,1,1,0,0,0,1,1,0,1,0,1,0,1,0,1,0,1,0,1,0,1,0,0,0
0,-0.7505765403378537,0.18837400766937243,-0.5456747995962503,0,0,1,1,1,0,0,1,0,0,0,0,0,0,0,0,0,0,0,0,0,0,0,0,0,1,0
0,-0.01718523736426863,0.1551365403654374,0.02831081967672746,1,1,1,1,1,0,0,1,0,0,0,0,0,0,0,0,0,0,0,0,0,0,0,1,0,0,0
0,-0.9950403079957154,-0.3434254691935881,-0.8099464259948004,0,0,0,0,1,0,0,0,0,0,1,0,0,0,0,0,1,0,0,0,0,1,0,0,0,0,0
0,0.4309983366751445,1.1522605594834883,0.8498029204348247,0,0,1,1,1,0,1,1,0,0,0,0,0,0,1,0,0,0,1,0,1,0,0,1,0,0,0
0,0.797693988161937,0.32132387688511255,0.7033284964543263,0,0,0,0,1,0,1,0,0,0,1,0,0,0,1,0,1,0,1,0,0,1,0,0,1,0,0
0,-1.1987601143772668,-0.47637533840932816,-0.940096893085906,0,1,0,0,1,0,0,0,0,0,0,0,0,0,0,0,1,0,0,0,0,0,0,1,0,0,1
0,-0.13941712119319946,-1.506736824831314,-0.7547979229900946,0,1,0,0,1,0,0,0,1,1,0,1,0,1,0,1,0,1,0,1,0,1,0,1,0,0,1
0,-1.2802480369298874,-1.506736824831314,-0.998774900282913,1,0,0,0,1,0,0,0,1,1,0,1,0,1,0,1,0,1,0,1,0,0,0,0,0,0,1
1,-0.8320644628904743,-0.7090376095368733,-0.7750925720958264,1,1,0,0,0,1,0,0,0,0,0,0,0,0,1,0,1,0,0,0,1,0,0,1,0,1,0
0,-0.6690886177852331,-0.9749373479683536,-0.7636216834708476,0,0,1,1,0,1,0,0,0,0,0,0,0,0,0,0,0,0,0,0,1,0,0,1,1,0,0
0,0.3087664528462136,0.5207486807087227,0.4081737083731409,0,0,0,0,1,0,1,0,0,0,0,0,0,0,1,0,1,0,1,0,1,1,0,1,0,0,1
0,-1.1172721918246462,-0.8419874787526135,-0.9145079876917226,1,0,0,0,0,1,0,0,0,0,0,0,0,0,1,0,0,0,0,0,1,0,0,0,0,1,0
0,0.3087664528462136,1.0857856248756181,0.6278853443438888,1,1,1,0,1,0,1,1,0,0,0,0,0,0,0,0,0,0,1,0,1,0,0,1,0,0,0
0,0.1457906077409725,-1.506736824831314,-0.7336208978362876,0,0,0,0,1,0,0,0,1,1,0,1,0,1,0,1,0,1,0,1,0,1,0,0,0,0,1
0,-1.1172721918246462,0.5207486807087227,-0.825388006836118,1,0,0,0,1,0,0,1,0,0,0,0,0,0,0,0,0,0,0,0,1,0,0,1,0,1,0
0,-0.9135523854430948,0.6536985499244629,-0.6400890367403066,1,0,0,0,1,0,0,1,0,0,1,0,0,0,0,0,0,0,1,0,0,0,0,1,0,0,1
0,-1.2395040756535771,0.819885886444138,-0.9255376882926637,1,1,1,1,1,0,0,1,0,0,0,0,0,0,0,0,0,0,1,0,1,0,0,1,0,0,0
0,-0.38388088885106114,0.853123353748073,-0.14992914203448163,1,1,0,0,1,0,1,1,0,0,0,0,0,0,0,0,1,0,1,0,0,0,0,1,0,1,0
0,-0.26164900502213034,-1.4734993575273791,-0.7843575206006169,0,1,1,1,1,0,0,0,1,1,0,1,0,1,0,1,0,1,0,1,0,1,0,1,0,0,0
1,1.6125732136881425,1.5843476344346437,2.5426413686672737,0,0,1,0,1,0,1,1,0,0,1,0,1,0,1,0,0,0,1,0,1,0,1,1,0,1,0
0,0.06430268518835193,-0.47637533840932816,-0.20640120911130036,0,0,1,0,1,0,0,0,0,0,0,0,0,0,0,0,1,0,0,0,0,0,0,0,0,0,0
0,-0.9135523854430948,-0.07752573076210782,-0.7371504020285888,0,1,0,0,1,0,0,0,0,0,1,0,0,0,0,0,1,0,1,0,0,0,0,0,0,0,0
0,-0.7505765403378537,-0.310188001889653,-0.6564129936296995,0,0,0,0,1,0,0,0,0,0,1,0,0,0,0,0,1,0,0,0,0,1,0,0,0,0,1
0,-0.38388088885106114,0.853123353748073,-0.050220648601973575,1,0,0,0,1,0,1,1,0,0,1,0,0,0,0,0,0,0,1,0,0,0,0,1,0,0,0
0,0.5939741817803856,-1.506736824831314,-0.5778815253509985,0,1,1,0,1,0,0,0,1,1,0,1,0,1,0,1,0,1,0,1,0,0,1,0,0,0,1
0,-0.3431369275747509,0.819885886444138,-0.03213193961643008,0,1,1,0,1,0,0,1,0,0,1,0,0,0,0,0,1,0,0,0,1,0,0,1,0,1,0
0,0.6754621043330061,1.1522605594834883,1.133928007915069,1,1,1,0,1,0,1,1,0,0,0,0,1,0,0,0,0,0,1,0,1,0,0,1,0,0,0
1,-0.506112772679992,-0.3434254691935881,-0.5417041073799115,0,1,0,0,1,0,0,0,0,0,1,0,0,0,0,0,1,0,0,0,0,1,0,0,0,0,1
0,-1.2395040756535771,0.1551365403654374,-0.9436263972782073,1,0,0,0,1,0,0,1,0,0,0,0,0,0,0,0,0,0,0,0,0,0,0,0,0,0,0
0,-1.2395040756535771,-0.5096128057132632,-0.9670093625522025,1,0,0,0,1,0,0,0,0,0,0,0,1,0,0,0,0,0,0,0,0,0,0,1,1,0,0
0,-0.42462485012737144,-0.276950534585718,-0.43184828939453757,0,1,0,0,0,1,0,0,0,0,0,0,0,0,1,0,1,0,1,0,1,0,1,0,0,0,0
0,-1.0357842692720256,1.1190230921795532,-0.6925904116007865,1,1,0,0,1,0,1,1,0,0,0,0,0,0,1,0,0,0,1,0,1,0,0,1,0,0,0
0,-1.2802480369298874,-1.440261890223444,-0.9978925242348378,0,1,0,0,1,0,0,0,1,1,0,1,0,1,0,1,0,1,0,1,0,0,0,0,0,0,1
0,1.082901717096109,1.052548157571683,1.4546717013904378,0,0,1,1,1,0,1,1,0,0,0,0,1,0,0,0,1,0,0,0,1,0,0,1,0,0,0
0,1.0421577558197987,-1.340549488311639,-0.3466990007552719,0,0,1,1,1,0,1,0,1,1,0,1,0,1,0,1,0,1,0,1,0,1,0,1,1,0,0
0,0.3495104141225239,1.6508225690425138,0.9901007120787964,1,0,0,0,1,0,1,1,0,0,1,0,1,0,1,0,1,0,1,0,1,0,0,1,0,0,0
1,1.082901717096109,0.4875112134047877,1.017895557593168,0,0,0,0,1,0,1,1,0,0,0,0,1,0,0,0,0,0,0,0,0,0,1,1,1,0,0
0,-1.1987601143772668,0.1551365403654374,-0.918919867932099,0,0,1,1,1,0,0,1,0,0,0,0,0,0,0,0,0,0,0,0,0,0,0,1,0,1,0
0,-0.01718523736426863,-1.4734993575273791,-0.7362680259805136,0,1,0,0,1,0,0,0,1,1,0,1,0,1,0,1,0,1,0,1,0,0,1,1,0,0,0
1,0.5532302205040753,1.1190230921795532,1.0064246689681893,0,1,1,0,1,0,1,1,0,0,0,0,0,0,1,0,0,0,1,0,1,0,0,1,0,1,0
0,-1.2395040756535771,0.5207486807087227,-0.9317143206291908,1,1,0,0,1,0,0,1,0,0,0,0,0,0,0,0,0,0,0,0,1,0,0,1,0,1,0
0,0.797693988161937,-1.506736824831314,-0.5606751924135303,0,0,1,1,1,0,0,0,1,1,0,1,0,1,0,1,0,1,0,1,0,1,0,0,1,0,0
1,-0.791320501614164,0.32132387688511255,-0.5924407301442408,1,0,0,0,1,0,0,1,0,0,0,0,0,0,1,0,0,0,0,0,0,0,0,1,0,1,0
1,-0.8728084241667845,0.819885886444138,-0.5452336115722127,1,0,0,0,1,0,0,1,0,0,0,0,0,0,0,0,0,0,1,0,1,0,0,0,0,0,0
0,-0.01718523736426863,0.7534109518362679,0.21316860174850125,0,1,0,0,1,0,1,1,0,0,1,0,0,0,0,0,1,0,0,0,0,0,0,0,0,0,0
1,-0.6283446565089229,1.1854980267874233,-0.2915504977505661,1,1,1,0,1,0,1,1,0,0,0,0,0,0,1,0,0,0,1,0,1,0,0,1,1,0,0
0,-0.6690886177852331,0.32132387688511255,-0.5090561936011256,0,0,0,0,1,0,1,1,0,0,0,0,0,0,0,0,0,0,0,0,0,0,0,1,1,0,0
0,0.7569500268856267,1.4181602979149686,1.4987905037942024,0,0,0,0,1,0,1,1,0,0,1,0,1,0,1,0,0,0,1,0,1,1,0,0,0,0,0
0,-0.13941712119319946,0.35456134418904756,-0.017572734823187754,0,1,0,0,1,0,0,0,0,0,0,0,0,0,1,0,1,0,1,0,1,1,0,1,0,0,0
0,1.5310852911355222,-0.011050796154237758,0.9883359599826457,0,1,1,0,1,0,0,0,0,0,1,0,1,0,1,0,1,0,0,0,0,0,1,0,1,0,0
0,1.5718292524118322,1.1854980267874233,2.1513075913458812,0,0,1,1,1,0,1,1,0,0,1,0,0,0,1,0,1,0,0,0,1,0,1,0,0,1,0
0,0.3495104141225239,0.12189907306150236,0.24537532750324942,0,1,1,1,1,0,1,0,0,0,0,0,1,0,1,0,0,0,1,0,0,1,0,0,0,0,0
0,-1.2802480369298874,0.5207486807087227,-0.9718624308166166,0,1,0,0,1,0,0,1,0,0,0,0,0,0,0,0,0,0,1,0,0,0,0,1,0,1,0
0,-1.0357842692720256,0.5539861480126578,-0.7512684187977935,0,0,1,0,1,0,0,0,0,0,1,0,0,0,1,0,1,0,1,0,1,0,0,0,0,0,0
0,-0.3023929662984406,0.853123353748073,-0.04624995638563476,1,1,1,1,1,0,0,1,0,0,0,0,0,0,0,0,0,0,1,0,1,1,0,1,0,1,0
0,1.4088534073065913,0.819885886444138,1.6567358163996797,0,1,1,1,1,0,1,1,0,0,1,0,1,0,0,0,1,0,0,0,0,1,0,0,0,1,0
0,-1.1172721918246462,-0.310188001889653,-0.892889774513878,0,1,1,1,1,0,1,0,0,0,0,0,0,0,0,0,1,0,0,0,0,0,0,1,0,0,1
0,-0.7098325790615434,-1.340549488311639,-0.864212552951431,0,1,0,1,1,0,1,0,1,1,0,1,0,1,0,1,0,1,0,1,0,0,0,1,0,1,0
0,-0.506112772679992,-1.4734993575273791,-0.8231820667159299,0,0,1,1,1,0,0,0,1,1,0,1,0,1,0,1,0,1,0,1,0,0,0,0,0,1,0
0,-1.1987601143772668,-0.276950534585718,-0.9330378847013038,1,1,1,1,1,0,0,0,0,0,0,0,1,0,1,0,0,0,0,0,0,0,0,1,0,0,1
0,0.8791819107145575,1.3516853633070984,1.4798194187605835,0,1,1,1,1,0,1,1,0,0,0,0,1,0,0,0,1,0,1,0,1,1,0,1,0,1,0
0,0.3902543753988342,-1.506736824831314,-0.637000720572043,0,1,0,0,1,0,0,0,1,1,0,1,0,1,0,1,0,1,0,1,0,1,0,1,0,0,1
0,-0.9542963467194051,0.4875112134047877,-0.6678838822546783,0,0,1,0,1,0,0,1,0,0,0,0,0,0,0,0,0,0,0,0,1,0,0,1,0,1,0
0,1.24587756220135,1.0857856248756181,1.7515912415677737,0,0,0,0,1,0,1,1,0,0,0,0,1,0,0,0,0,0,1,0,1,0,1,0,0,0,0
0,1.4903413298592119,-1.340549488311639,-0.2831679252938508,0,0,1,0,1,0,1,0,1,1,0,1,0,1,0,1,0,1,0,1,0,0,1,0,0,0,0
0,1.4903413298592119,-1.340549488311639,-0.2668439684044579,0,0,0,0,1,0,1,0,1,1,0,1,0,1,0,1,0,1,0,1,0,0,1,0,1,0,0
0,0.3087664528462136,-0.47637533840932816,-0.09919251927015231,0,1,1,0,1,0,0,0,0,0,0,0,1,0,0,0,0,0,0,0,0,0,0,1,0,0,1
0,1.1236456783724194,-0.8419874787526135,0.06228229752762622,0,1,0,0,0,1,0,0,0,0,1,0,1,0,1,0,0,0,0,0,0,0,1,0,0,0,0
0,-1.1580161531009565,0.9860732229638132,-0.8364177074370592,1,0,0,0,1,0,0,1,0,0,1,0,0,0,1,0,1,0,0,0,1,0,0,1,0,0,0
1,1.5718292524118322,0.819885886444138,1.7692387625292796,0,0,0,0,1,0,1,0,0,0,1,0,1,0,1,0,1,0,1,0,1,0,1,0,0,0,1
0,0.18653456901728277,0.45427374610085264,0.24537532750324942,1,0,1,0,1,0,1,1,0,0,0,0,0,0,1,0,0,0,0,0,0,0,0,1,1,0,0
0,-0.01718523736426863,1.1190230921795532,0.38037886285876915,0,1,1,0,1,0,1,1,0,0,0,0,1,0,0,0,0,0,1,0,1,0,0,1,1,0,0
0,0.2680224915699033,-0.3766629364975231,-0.03654381985680654,0,1,0,0,1,0,1,0,0,0,0,0,0,0,0,0,1,0,0,0,0,0,1,1,1,0,0
0,0.22727853029359305,-1.340549488311639,-0.6039116187692196,0,0,0,0,1,0,1,0,1,1,0,1,0,1,0,1,0,1,0,1,0,1,0,1,0,1,0
0,0.797693988161937,0.819885886444138,1.0121601132806786,0,1,0,0,1,0,1,1,0,0,0,0,0,0,1,0,0,0,0,0,1,0,1,1,1,0,0
0,0.6347181430566958,1.3516853633070984,1.19745908337649,0,0,1,1,1,0,1,1,0,0,1,0,1,0,0,0,0,0,1,0,1,0,0,1,1,0,0
0,1.5310852911355222,-0.1772381326739129,0.8211256988723777,0,1,1,1,0,1,0,0,0,0,1,0,0,0,1,0,1,0,1,0,1,0,1,0,0,0,0
0,-0.506112772679992,0.18837400766937243,-0.34846375285142245,0,1,0,0,1,0,0,1,0,0,0,0,0,0,0,0,0,0,0,0,0,0,0,0,1,0,0
0,0.7162060656093164,0.5872236153165927,0.8365672797136954,0,0,0,0,1,0,1,0,0,0,1,0,0,0,1,0,1,0,1,0,1,1,0,1,1,0,0
0,-0.5468567339563023,-0.6758001422329384,-0.6131765672740102,1,0,0,0,0,1,0,0,0,0,0,0,0,0,0,0,0,0,1,0,1,1,0,1,1,0,0
0,-0.3023929662984406,-0.11076319806604285,-0.2964035660149802,0,1,1,1,1,0,0,0,0,0,1,0,1,0,1,0,0,0,0,0,0,1,0,1,0,0,0
0,-0.8320644628904743,-0.5096128057132632,-0.7455329744853041,0,1,0,0,1,0,0,0,0,0,0,0,1,0,0,0,0,0,0,0,0,0,0,1,0,0,0
1,0.2680224915699033,1.3516853633070984,0.8828920222376483,1,1,1,0,1,0,1,1,0,0,0,0,1,0,1,0,0,0,1,0,1,0,0,1,0,1,0
0,-1.0357842692720256,0.32132387688511255,-0.7671511876631487,1,1,0,0,1,0,0,1,0,0,0,0,0,0,1,0,0,0,0,0,0,0,0,0,0,0,1
0,-0.38388088885106114,0.0554241384536323,-0.3308162318899166,0,0,1,1,1,0,0,0,0,0,1,0,1,0,1,0,1,0,0,0,0,1,0,1,0,0,1
0,-0.22090504374582004,-1.506736824831314,-0.7737690080237134,0,1,0,0,1,0,0,0,1,1,0,1,0,1,0,1,0,1,0,1,0,0,0,1,0,1,0
1,0.5939741817803856,0.7201734845323329,0.6980342401658745,0,1,0,0,1,0,1,1,0,0,0,0,0,0,0,0,0,0,1,0,0,0,0,1,1,0,0
0,-0.26164900502213034,-1.506736824831314,-0.7799456403602405,0,1,1,1,1,0,0,0,1,1,0,1,0,1,0,1,0,1,0,1,0,0,1,1,1,0,0
0,-0.7505765403378537,-0.011050796154237758,-0.5919995421202032,1,0,1,0,1,0,1,0,0,0,1,0,0,0,0,0,0,0,1,0,0,0,0,1,0,0,0
1,-0.8728084241667845,1.3184478960031634,-0.5072914415049751,1,0,1,0,1,0,1,1,0,0,0,0,0,0,1,0,1,0,1,0,1,0,0,1,0,0,0
0,-1.2395040756535771,-1.506736824831314,-0.9859804475858213,0,1,0,1,1,0,0,0,1,1,0,1,0,1,0,1,0,1,0,1,0,0,0,0,0,0,1
0,-0.26164900502213034,0.5539861480126578,-0.09389826298170055,0,0,1,1,1,0,0,1,0,0,1,0,1,0,0,0,0,0,0,0,0,0,0,0,0,1,0
1,1.6125732136881425,1.6508225690425138,2.669262331566078,0,0,1,0,1,0,1,1,0,0,1,0,1,0,1,0,1,0,1,0,1,0,1,1,0,0,0
0,1.24587756220135,-1.4734993575273791,-0.473761151678114,0,0,1,1,1,0,0,0,1,1,0,1,0,1,0,1,0,1,0,1,0,0,1,0,1,0,0
0,1.5718292524118322,-1.506736824831314,-0.3912589911830741,0,1,1,1,1,0,0,0,1,1,0,1,0,1,0,1,0,1,0,1,0,0,1,0,0,0,1
0,-0.8728084241667845,0.022186671149697273,-0.6881785313604101,0,1,1,1,1,0,1,0,0,0,1,0,0,0,0,0,0,0,1,0,0,0,0,1,0,0,0
1,-0.7505765403378537,-1.506736824831314,-0.9065666032590449,0,1,1,0,1,0,0,0,1,1,0,1,0,1,0,1,0,1,0,1,0,1,0,0,0,0,1
0,-0.791320501614164,0.7866484191402029,-0.494938176831921,0,0,0,1,1,0,1,0,0,0,1,0,1,0,1,0,1,0,1,0,1,0,1,0,1,0,0
0,-1.076528230548336,-1.4734993575273791,-0.9639210463839389,0,1,0,1,1,0,0,0,1,1,0,1,0,1,0,1,0,1,0,1,0,0,0,1,0,0,1
1,-0.8728084241667845,0.35456134418904756,-0.6652367541104525,0,1,1,1,1,0,1,1,0,0,0,0,0,0,0,0,0,0,0,0,0,0,0,1,1,0,0
0,-0.5876006952326126,-0.276950534585718,-0.5333215349231962,0,1,1,0,1,0,1,0,0,0,0,0,1,0,0,0,0,0,0,0,0,0,0,0,1,0,0
0,-1.2802480369298874,-0.9749373479683536,-0.9917158918983107,1,1,0,0,0,1,0,0,0,0,0,0,0,0,0,0,0,0,0,0,1,0,0,1,0,1,0
0,-0.01718523736426863,0.35456134418904756,0.018163495123861593,0,0,1,0,1,0,0,1,0,0,1,0,0,0,0,0,0,0,0,0,0,0,0,1,0,0,0
0,-0.13941712119319946,-0.9749373479683536,-0.5342039109712715,0,1,0,0,0,1,0,0,0,0,1,0,0,0,0,0,1,0,0,0,0,1,0,0,0,0,1
0,-1.1987601143772668,-0.14400066536997788,-0.9321555086532285,0,0,0,0,1,0,1,0,0,0,0,0,0,0,0,0,0,0,1,0,0,0,0,1,0,1,0
0,-1.2395040756535771,1.0193106902677482,-0.9206846200282497,1,0,0,0,1,0,1,1,0,0,0,0,0,0,0,0,0,0,1,0,1,0,0,1,0,1,0
0,-0.791320501614164,1.052548157571683,-0.49449698880788334,1,1,1,1,1,0,0,1,0,0,0,0,0,0,1,0,0,0,1,0,1,0,0,1,0,0,1
0,0.3495104141225239,-0.8087500114486784,-0.26728515642849554,0,0,0,0,0,1,0,0,0,0,0,0,1,0,0,0,0,0,0,0,1,0,0,1,0,1,0
0,-1.2802480369298874,-1.539974292135249,-0.9992160883069506,0,0,0,0,1,0,0,0,1,1,0,1,0,1,0,1,0,1,0,1,0,0,0,0,0,1,0
0,-1.0357842692720256,-0.3434254691935881,-0.8439179038456992,0,1,0,0,1,0,0,0,0,0,0,0,0,0,0,0,0,0,1,0,0,0,0,0,0,0,1
0,0.797693988161937,-0.011050796154237758,0.49729368922874545,0,0,1,0,1,0,0,0,0,0,1,0,0,0,1,0,0,0,1,0,0,1,0,1,0,0,1
0,0.512486259227765,-1.340549488311639,-0.5050855013847869,0,0,1,1,1,0,1,0,1,1,0,1,0,1,0,1,0,1,0,1,0,0,1,1,0,0,0
0,1.5310852911355222,0.3877988114929826,1.3152562857945416,0,1,1,0,1,0,1,0,0,0,0,0,1,0,1,0,1,0,1,0,0,0,1,0,1,0,0
0,0.8384379494382472,-1.539974292135249,-0.5637635085817938,0,0,0,0,1,0,0,0,1,1,0,1,0,1,0,1,0,1,0,1,0,0,1,0,0,0,1
1,1.2051336009250397,1.0857856248756181,1.6117346379478399,0,0,1,0,1,0,1,1,0,0,0,0,1,0,1,0,0,0,1,0,0,1,0,1,1,0,0
0,1.1236456783724194,0.9860732229638132,1.408346958866485,0,0,1,0,1,0,1,1,0,0,1,0,1,0,0,0,0,0,0,0,1,0,0,1,1,0,0
1,-1.1987601143772668,0.5207486807087227,-0.9083313553551956,1,0,1,0,1,0,0,1,0,0,0,0,0,0,0,0,0,0,1,0,0,0,0,1,0,1,0
1,-0.38388088885106114,1.0193106902677482,0.019045871171936887,0,0,1,0,1,0,0,1,0,0,1,0,0,0,0,0,0,0,1,0,1,0,0,1,0,1,0
0,-1.2802480369298874,-1.1078872171840937,-0.9934806439944612,1,1,0,1,0,1,0,0,0,0,0,0,1,0,0,0,0,0,0,0,0,0,0,1,0,0,1
0,1.4088534073065913,0.2548489422772425,1.1948119552322642,0,0,0,0,1,0,0,0,0,0,1,0,0,0,1,0,1,0,0,0,1,1,0,1,0,0,0
0,-0.8320644628904743,0.819885886444138,-0.5430276714520245,1,0,0,0,1,0,1,1,0,0,0,0,1,0,0,0,0,0,1,0,0,0,0,1,0,0,0
1,1.5718292524118322,0.5872236153165927,1.565409895423887,0,0,1,0,1,0,1,0,0,0,1,0,1,0,1,0,1,0,0,0,1,0,1,1,0,0,0
0,-0.3023929662984406,-1.506736824831314,-0.7821515804804288,0,1,0,0,1,0,0,0,1,1,0,1,0,1,0,1,0,1,0,1,0,1,0,0,1,0,0
0,-1.1172721918246462,-0.3766629364975231,-0.8823012619369744,0,0,0,0,1,0,1,0,0,0,1,0,0,0,0,0,0,0,0,0,0,0,0,1,0,1,0
0,-0.26164900502213034,-0.44313787110539316,-0.4358189816108764,0,1,0,0,1,0,1,0,0,0,0,0,0,0,0,0,0,0,0,0,0,1,0,1,1,0,0
0,-1.2802480369298874,-1.506736824831314,-0.998774900282913,0,1,1,1,1,0,0,0,1,1,0,1,0,1,0,1,0,1,0,1,0,1,0,0,0,0,1
1,1.5310852911355222,-0.6758001422329384,0.32125966763772457,0,1,0,0,0,1,0,0,0,0,0,0,1,0,1,0,0,0,1,0,0,1,0,1,1,0,0
0,1.6125732136881425,1.6508225690425138,2.563377205797043,0,1,1,1,1,0,1,1,0,0,1,0,1,0,1,0,1,0,1,0,1,0,1,1,0,1,0
0,1.1236456783724194,0.9860732229638132,1.4679073421115671,1,1,1,0,1,0,0,1,0,0,0,0,1,0,0,0,0,0,1,0,1,1,0,1,0,1,0
1,-0.01718523736426863,1.1854980267874233,0.4121444005894797,0,0,1,1,1,0,1,1,0,0,0,0,1,0,0,0,0,0,1,0,1,0,0,1,0,1,0
0,-1.2802480369298874,-1.506736824831314,-0.998774900282913,1,1,0,0,1,0,0,0,1,1,0,1,0,1,0,1,0,1,0,1,0,0,0,1,0,1,0
0,-0.7505765403378537,-0.3434254691935881,-0.6661191301585278,0,0,0,0,1,0,1,0,0,0,0,0,1,0,0,0,0,0,0,0,0,1,0,1,0,0,1
0,-0.791320501614164,0.5207486807087227,-0.5531749960048903,0,0,0,0,1,0,1,1,0,0,1,0,0,0,0,0,0,0,0,0,0,0,0,1,1,0,0
0,-1.076528230548336,1.4846352325228385,-0.712002684658443,1,0,0,0,1,0,1,1,0,0,0,0,1,0,1,0,1,0,1,0,1,0,0,1,1,0,0
0,0.5532302205040753,0.4875112134047877,0.5780310976276347,0,0,0,0,1,0,1,0,0,0,1,0,0,0,1,0,0,0,1,0,1,0,1,0,0,0,1
0,-0.7098325790615434,1.2187354940913584,-0.32199247140916365,1,1,0,0,1,0,0,1,0,0,0,0,0,0,1,0,1,0,1,0,1,0,0,1,0,1,0
1,0.4309983366751445,0.9860732229638132,0.7368587862811874,0,1,1,0,1,0,1,1,0,0,0,0,1,0,0,0,1,0,1,0,0,0,0,1,0,1,0
0,0.2680224915699033,-0.5096128057132632,-0.13757587736142754,0,1,0,0,1,0,0,0,0,0,0,0,0,0,0,0,1,0,0,0,0,0,1,1,0,0,0
1,-0.46536881140368175,-0.14400066536997788,-0.46184907502909756,1,1,0,0,1,0,0,0,0,0,0,0,0,0,1,0,0,0,1,0,0,0,0,1,0,0,0
0,1.0014137945434884,-0.3766629364975231,0.4028794520846891,0,1,0,0,0,1,0,0,0,0,1,0,0,0,1,0,0,0,1,0,1,0,0,1,0,1,0
0,0.8384379494382472,0.9528357556598781,1.1423105803717843,0,0,1,0,1,0,0,1,0,0,0,0,0,0,0,0,1,0,1,0,1,1,0,1,0,1,0
0,-0.5876006952326126,0.7534109518362679,-0.3453754366831589,0,1,1,1,1,0,0,1,0,0,1,0,0,0,1,0,0,0,1,0,0,0,0,1,0,0,1
0,-1.2802480369298874,-0.14400066536997788,-0.9806861912973696,1,0,0,0,1,0,1,0,0,0,0,0,0,0,0,0,0,0,0,0,1,0,0,1,0,1,0
0,1.0421577558197987,-0.11076319806604285,0.5272944748633054,0,0,1,0,1,0,1,0,0,0,1,0,0,0,0,0,1,0,0,0,0,1,0,1,0,0,0
1,1.5718292524118322,1.3184478960031634,2.2633693494514437,0,0,0,0,1,0,1,1,0,0,0,0,0,0,1,0,0,0,1,0,1,0,1,0,0,0,0
0,0.10504664646466222,1.1522605594834883,0.5511186281613383,0,0,0,0,1,0,0,1,0,0,0,0,0,0,1,0,1,0,1,0,1,1,0,1,0,1,0
0,-1.1987601143772668,0.6869360172283978,-0.8942133385859908,0,1,0,0,1,0,0,1,0,0,0,0,0,0,1,0,0,0,0,0,1,0,0,0,1,0,0
0,0.22727853029359305,1.3184478960031634,0.7077403766947027,0,1,0,0,1,0,1,1,0,0,1,0,1,0,0,0,0,0,1,0,1,1,0,1,0,1,0
0,0.10504664646466222,0.1551365403654374,0.09140070711411087,0,1,1,1,1,0,1,0,0,0,1,0,1,0,1,0,1,0,0,0,0,0,1,1,1,0,0
0,-1.0357842692720256,0.853123353748073,-0.7455329744853041,1,1,0,0,1,0,1,1,0,0,0,0,0,0,1,0,0,0,1,0,0,0,0,1,0,1,0
0,0.5939741817803856,0.32132387688511255,0.54141249163251,0,0,0,0,1,0,0,0,0,0,0,0,0,0,1,0,1,0,1,0,1,0,1,0,0,0,1
0,-0.7505765403378537,-0.47637533840932816,-0.6696486343508289,0,0,0,0,1,0,0,0,0,0,0,0,1,0,0,0,0,0,0,0,0,0,0,0,0,1,0
1,-0.506112772679992,-0.14400066536997788,-0.4517017504762317,0,0,1,0,1,0,0,0,0,0,0,0,1,0,0,0,0,0,0,0,1,0,0,1,0,1,0
0,1.368109446030281,0.6869360172283978,1.4361418043808567,0,1,1,0,1,0,1,0,0,0,1,0,1,0,0,0,1,0,1,0,1,0,1,0,0,1,0
0,-0.7098325790615434,-1.506736824831314,-0.8571535445668286,0,1,1,0,1,0,0,0,1,1,0,1,0,1,0,1,0,1,0,1,0,0,0,1,1,0,0
0,0.3902543753988342,-1.4734993575273791,-0.6347947804518549,0,0,0,0,1,0,0,0,1,1,0,1,0,1,0,1,0,1,0,1,0,0,1,1,0,0,0
0,-0.6283446565089229,0.45427374610085264,-0.41243601633688115,0,0,1,0,1,0,1,1,0,0,1,0,0,0,0,0,0,0,0,0,0,0,0,0,0,1,0
0,0.18653456901728277,1.3184478960031634,0.6596508820745992,0,1,0,0,1,0,1,1,0,0,0,0,1,0,0,0,1,0,1,0,1,1,0,1,1,0,0
0,-0.8320644628904743,-0.5096128057132632,-0.7375915900526264,0,0,0,0,1,0,0,0,0,0,0,0,1,0,0,0,0,0,0,0,0,0,0,1,0,1,0
0,0.8384379494382472,0.9860732229638132,1.140104640251596,1,1,1,0,1,0,0,1,0,0,0,0,1,0,0,0,0,0,1,0,1,1,0,1,0,0,0
0,1.1236456783724194,-1.3073120210077038,-0.3431694965629707,0,0,0,0,1,0,1,0,1,1,0,1,0,1,0,1,0,1,0,1,0,0,1,0,0,0,1
0,-0.5876006952326126,-1.3073120210077038,-0.8011226655140475,0,1,1,1,0,1,0,0,0,0,0,0,0,0,0,0,0,0,0,0,0,0,0,0,1,0,0
0,-1.2802480369298874,0.32132387688511255,-0.9745095589608425,1,1,0,0,1,0,1,1,0,0,0,0,0,0,0,0,0,0,0,0,0,0,0,1,0,1,0
0,-1.1987601143772668,0.18837400766937243,-0.921566996076325,0,0,0,0,1,0,0,1,0,0,0,0,0,0,0,0,0,0,0,0,0,0,0,1,0,1,0
0,-0.9542963467194051,0.1551365403654374,-0.7552391110141323,0,0,0,1,1,0,0,0,0,0,0,0,0,0,0,0,1,0,1,0,1,0,0,1,1,0,0
0,-1.2802480369298874,0.5207486807087227,-0.9718624308166166,1,0,0,0,1,0,0,1,0,0,0,0,0,0,0,0,0,0,1,0,0,0,0,1,0,1,0
0,0.9606698332671781,0.9528357556598781,1.3104032175301275,0,1,1,0,1,0,1,1,0,0,1,0,1,0,1,0,0,0,0,0,0,1,0,1,0,1,0
0,-0.6283446565089229,0.1551365403654374,-0.5002324331203728,1,1,1,1,1,0,0,1,0,0,0,0,0,0,0,0,0,0,0,0,0,0,0,1,0,1,0
0,-0.8728084241667845,0.0554241384536323,-0.6806783349517701,1,0,1,1,1,0,1,0,0,0,0,0,0,0,0,0,1,0,0,0,1,0,0,1,0,1,0
0,-1.0357842692720256,0.1551365403654374,-0.7772985122160146,0,1,0,0,1,0,0,1,0,0,0,0,0,0,0,0,0,0,0,0,0,0,0,1,0,1,0
0,1.4903413298592119,-1.4734993575273791,-0.3841999827984718,0,0,1,1,1,0,0,0,1,1,0,1,0,1,0,1,0,1,0,1,0,0,1,0,0,0,0
0,-0.5468567339563023,0.7201734845323329,-0.33125741991395424,1,1,0,0,1,0,1,1,0,0,0,0,0,0,0,0,0,0,0,0,1,0,0,1,0,0,0
0,-1.1987601143772668,0.5207486807087227,-0.8968604667302168,1,0,1,1,1,0,0,1,0,0,0,0,0,0,0,0,0,0,0,0,1,0,0,1,0,1,0
0,0.8791819107145575,-1.4734993575273791,-0.5262625265385938,0,1,1,1,1,0,0,0,1,1,0,1,0,1,0,1,0,1,0,1,0,0,1,0,1,0,0
0,1.2051336009250397,-1.373786955615574,-0.36919958998119184,0,1,1,0,1,0,1,0,1,1,0,1,0,1,0,1,0,1,0,1,0,1,0,1,1,0,0
0,-0.3431369275747509,0.853123353748073,-0.00036640188571954857,1,1,0,0,1,0,1,1,0,0,0,0,1,0,0,0,0,0,1,0,0,0,0,1,1,0,0
0,1.2051336009250397,0.18837400766937243,0.8899510306222506,0,0,1,1,1,0,1,0,0,0,0,0,0,0,0,0,0,0,1,0,1,0,0,1,1,0,0
0,-0.6283446565089229,0.022186671149697273,-0.5169975780338033,0,1,0,0,1,0,1,0,0,0,1,0,0,0,0,0,0,0,0,0,1,0,0,0,0,0,0
0,-0.9542963467194051,-1.340549488311639,-0.9233317481724755,0,1,0,0,0,1,0,0,0,0,0,0,0,0,0,0,0,0,0,0,0,0,0,1,0,0,1
0,1.2866215234776603,0.1551365403654374,0.9548056701557845,0,1,1,1,1,0,0,0,0,0,1,0,0,0,1,0,1,0,1,0,0,0,1,0,0,0,1
0,-1.2395040756535771,0.35456134418904756,-0.9440675853022449,1,0,0,0,1,0,1,1,0,0,0,0,0,0,0,0,0,0,0,0,0,0,0,1,0,1,0
0,-1.2802480369298874,-0.6425626749290033,-0.9873040116579342,1,1,1,1,1,0,0,0,0,0,0,0,0,0,0,0,0,0,0,0,0,0,0,1,0,0,1
0,-0.6690886177852331,-0.5096128057132632,-0.6497951732691348,1,0,1,0,0,1,0,0,0,0,0,0,0,0,0,0,1,0,1,0,1,0,0,1,0,1,0
0,1.6125732136881425,-1.340549488311639,-0.19978338875073565,0,0,1,0,1,0,1,0,1,1,0,1,0,1,0,1,0,1,0,1,0,0,1,0,0,0,0
0,-0.09867315991688919,0.853123353748073,0.23699275504653414,0,1,0,0,1,0,1,1,0,0,1,0,1,0,1,0,0,0,0,0,0,1,0,0,0,0,0
0,0.6754621043330061,1.1854980267874233,1.1312808797708431,0,0,1,0,1,0,1,1,0,0,1,0,0,0,0,0,0,0,1,0,1,0,0,1,0,0,1
0,1.1643896396487294,0.35456134418904756,1.0792206929344008,0,1,1,0,1,0,1,0,0,0,1,0,0,0,1,0,1,0,0,0,1,0,1,0,1,0,0
0,0.5939741817803856,0.7534109518362679,0.7650948198195967,0,1,1,1,1,0,1,1,0,0,0,0,1,0,0,0,0,0,1,0,0,0,0,0,0,1,0
0,-0.506112772679992,-0.011050796154237758,-0.39037661513499883,0,1,0,0,1,0,0,0,0,0,1,0,0,0,1,0,0,0,0,0,1,0,0,0,1,0,0
0,0.06430268518835193,0.45427374610085264,0.1240486208928967,1,1,1,1,1,0,0,1,0,0,0,0,0,0,0,0,0,0,1,0,0,0,0,0,0,1,0
0,1.5310852911355222,-1.340549488311639,-0.26375565223619435,0,0,1,1,1,0,1,0,1,1,0,1,0,1,0,1,0,1,0,1,0,0,1,0,0,0,0
0,0.8791819107145575,1.3516853633070984,1.5632039553036987,0,1,0,1,1,0,0,1,0,0,1,0,1,0,0,0,1,0,1,0,1,1,0,1,0,1,0
1,1.1643896396487294,1.1190230921795532,1.669089081072734,0,1,1,0,1,0,1,1,0,0,0,0,1,0,1,0,1,0,1,0,0,1,0,1,0,0,1
0,-1.1987601143772668,0.3877988114929826,-0.9065666032590449,1,1,0,0,1,0,1,1,0,0,0,0,0,0,0,0,0,0,0,0,0,0,0,1,0,1,0
0,-0.791320501614164,-1.506736824831314,-0.8880367062494638,0,1,0,0,1,0,0,0,1,1,0,1,0,1,0,1,0,1,0,1,0,1,0,0,0,0,1
1,-0.6690886177852331,1.052548157571683,-0.33258098398606717,1,0,0,0,1,0,1,1,0,0,0,0,0,0,0,0,0,0,1,0,1,0,0,1,0,1,0
0,-1.1987601143772668,-0.21047559997784793,-0.9330378847013038,0,0,1,1,1,0,0,0,0,0,0,0,1,0,0,0,0,0,1,0,0,0,0,1,1,0,0
0,-0.3023929662984406,-1.4734993575273791,-0.77068069185545,0,1,0,0,1,0,0,0,1,1,0,1,0,1,0,1,0,1,0,1,0,0,0,1,0,0,1
0,-0.09867315991688919,-0.011050796154237758,-0.1741944833565522,0,1,0,0,1,0,1,0,0,0,1,0,0,0,0,0,0,0,0,0,1,0,0,1,0,0,1
0,-0.46536881140368175,-1.2075996190958989,-0.7296502056199489,0,0,1,0,0,1,0,0,0,0,1,0,0,0,0,0,0,0,0,0,0,0,0,0,0,1,0
0,-1.2802480369298874,-0.6425626749290033,-0.9873040116579342,1,1,0,0,1,0,0,0,0,0,0,0,0,0,0,0,0,0,0,0,0,0,0,0,0,1,0
0,-0.7098325790615434,-1.506736824831314,-0.8796541337927486,1,0,0,0,1,0,0,0,1,1,0,1,0,1,0,1,0,1,0,1,0,0,0,0,0,0,0
1,-0.38388088885106114,0.853123353748073,-0.07316242585193118,0,1,1,0,1,0,0,1,0,0,0,0,0,0,0,0,0,0,1,0,1,0,0,1,0,1,0
0,0.512486259227765,1.3516853633070984,1.0796618809584384,0,0,1,1,1,0,1,1,0,0,1,0,1,0,0,0,0,0,1,0,1,0,0,1,0,1,0
0,-0.3431369275747509,0.6204610826205278,-0.11022221987109347,0,0,1,1,1,0,1,1,0,0,0,0,1,0,1,0,0,0,0,0,0,1,0,0,0,0,0
0,-0.8728084241667845,0.853123353748073,-0.5717048930144715,1,0,0,0,1,0,1,1,0,0,0,0,0,0,0,0,1,0,1,0,0,0,0,0,0,1,0
0,-1.2802480369298874,-0.6425626749290033,-0.9873040116579342,1,1,0,0,1,0,0,0,0,0,0,0,0,0,0,0,0,0,0,0,0,0,0,0,0,0,1
0,0.9606698332671781,1.2852104286992283,1.5270265373326117,0,0,1,0,1,0,1,1,0,0,0,0,0,0,1,0,1,0,1,0,1,0,1,0,0,0,0
0,-1.2802480369298874,0.35456134418904756,-0.9740683709368049,1,0,0,0,1,0,0,1,0,0,0,0,1,0,0,0,0,0,0,0,0,0,0,0,0,1,0
0,-1.2802480369298874,-1.506736824831314,-0.998774900282913,0,1,0,0,1,0,0,0,1,1,0,1,0,1,0,1,0,1,0,1,0,0,0,0,0,1,0
0,-1.0357842692720256,0.4875112134047877,-0.7764161361679394,1,0,0,0,1,0,0,1,0,0,0,0,0,0,0,0,0,0,0,0,1,0,0,1,0,1,0
1,0.9199258719908678,0.7866484191402029,1.112750982761262,0,0,1,0,1,0,0,1,0,0,0,0,0,0,1,0,1,0,1,0,0,0,1,0,1,0,0
0,-1.2395040756535771,-1.1411246844880287,-0.9811273793214071,1,0,0,0,0,1,0,0,0,0,0,0,0,0,0,0,1,0,0,0,0,0,0,1,0,1,0
0,1.6125732136881425,0.6869360172283978,1.6885013541303904,0,0,1,1,1,0,1,0,0,0,1,0,0,0,1,0,1,0,1,0,1,0,1,1,1,0,0
1,0.512486259227765,-1.0081748152722887,-0.3030213863755449,0,0,0,0,0,1,0,0,0,0,0,0,0,0,0,0,0,0,0,0,1,1,0,0,0,1,0
0,0.5939741817803856,-1.4734993575273791,-0.5456747995962503,0,0,0,0,1,0,0,0,1,1,0,1,0,1,0,1,0,1,0,1,0,0,1,0,0,0,1
1,0.5532302205040753,1.0193106902677482,0.9446583456029187,1,0,0,0,1,0,0,1,0,0,0,0,1,0,0,0,0,0,1,0,1,1,0,0,1,0,0
0,-1.2395040756535771,-0.47637533840932816,-0.9665681745281649,0,1,0,0,1,0,0,0,0,0,0,0,1,0,0,0,0,0,0,0,0,0,0,1,0,0,1
0,-1.2395040756535771,0.5207486807087227,-0.921566996076325,0,0,1,0,1,0,0,1,0,0,1,0,0,0,0,0,1,0,0,0,0,0,0,1,0,1,0
0,-0.8320644628904743,-0.44313787110539316,-0.7371504020285888,0,0,1,0,1,0,0,0,0,0,0,0,1,0,0,0,0,0,0,0,0,0,0,1,0,1,0
1,1.4495973685829016,0.819885886444138,1.6960015505390302,1,0,1,0,1,0,1,1,0,0,0,0,1,0,0,0,0,0,0,0,1,0,0,1,0,0,0
0,1.4903413298592119,1.0193106902677482,1.9360078356155102,0,1,1,1,1,0,0,1,0,0,0,0,0,0,0,0,1,0,1,0,1,0,1,1,1,0,0
1,0.9606698332671781,0.9860732229638132,1.3152562857945416,0,1,0,1,1,0,0,1,0,0,1,0,0,0,0,0,0,0,1,0,1,1,0,0,1,0,0
1,-1.1580161531009565,0.5207486807087227,-0.8734775014562215,0,0,0,0,1,0,1,1,0,0,1,0,0,0,0,0,0,0,0,0,0,0,0,1,0,1,0
0,1.2866215234776603,0.3877988114929826,1.1184864270737513,0,1,1,0,1,0,1,0,0,0,0,0,1,0,1,0,1,0,1,0,0,0,1,1,0,0,0
0,1.082901717096109,1.5178726998267735,1.837622906255115,1,1,1,0,1,0,1,1,0,0,1,0,1,0,1,0,0,0,1,0,1,1,0,1,0,1,0
0,1.2051336009250397,1.6840600363464486,2.1513075913458812,0,1,1,1,1,0,1,1,0,0,1,0,1,0,1,0,1,0,1,0,1,0,1,0,0,0,0
0,1.24587756220135,-1.340549488311639,-0.3127275229043731,0,1,1,1,1,0,1,0,1,1,0,1,0,1,0,1,0,1,0,1,0,0,1,0,1,0,0
0,0.8384379494382472,-0.3766629364975231,0.26302284846475527,0,0,0,0,0,1,0,0,0,0,1,0,1,0,1,0,1,0,1,0,0,1,0,1,0,1,0
0,-1.1172721918246462,-1.506736824831314,-0.9692153026723908,0,1,1,1,1,0,0,0,1,1,0,1,0,1,0,1,0,1,0,1,0,0,0,0,0,0,1
1,0.6754621043330061,0.7866484191402029,0.8277435192329424,0,1,1,0,1,0,1,1,0,0,1,0,1,0,1,0,0,0,0,0,0,0,0,1,0,1,0
0,1.2051336009250397,1.2187354940913584,1.9214486308222678,0,0,1,1,1,0,1,1,0,0,1,0,0,0,0,0,0,0,1,0,1,0,1,1,0,0,0
0,0.9199258719908678,-0.276950534585718,0.36581965806552685,0,0,1,0,1,0,0,0,0,0,1,0,1,0,0,0,1,0,0,0,0,0,1,0,0,0,1
1,1.5718292524118322,1.1522605594834883,2.1552782835622204,0,0,1,0,1,0,0,1,0,0,1,0,1,0,1,0,1,0,1,0,0,0,1,1,0,1,0
0,1.6125732136881425,-1.4734993575273791,-0.4221421528657094,0,0,1,1,1,0,0,0,1,1,0,1,0,1,0,1,0,1,0,1,0,0,1,1,1,0,0
0,0.1457906077409725,-0.14400066536997788,-0.02154342703952657,0,1,1,1,0,1,0,0,0,0,1,0,0,0,1,0,1,0,1,0,1,1,0,0,1,0,0
0,-0.3023929662984406,-1.4734993575273791,-0.7887694008409935,0,1,1,0,1,0,0,0,1,1,0,1,0,1,0,1,0,1,0,1,0,1,0,1,0,0,0
1,1.6125732136881425,1.6508225690425138,2.6622033231814757,0,0,1,0,1,0,1,1,0,0,1,0,1,0,1,0,1,0,1,0,1,0,1,1,0,0,0
0,0.1457906077409725,-1.506736824831314,-0.7075908044180665,0,0,0,0,1,0,0,0,1,1,0,1,0,1,0,1,0,1,0,1,0,1,0,1,0,0,0
0,-1.2802480369298874,-0.07752573076210782,-0.9798038152492943,0,1,0,0,1,0,0,0,0,0,0,0,0,0,0,0,0,0,1,0,1,0,0,1,0,0,1
0,1.6125732136881425,1.3516853633070984,2.321164980600375,0,0,1,0,1,0,1,1,0,0,1,0,0,0,1,0,0,0,1,0,1,0,1,1,0,1,0
0,1.082901717096109,-1.506736824831314,-0.48302610018290454,0,1,1,1,1,0,0,0,1,1,0,1,0,1,0,1,0,1,0,1,0,0,1,0,0,0,1
1,-1.0357842692720256,0.819885886444138,-0.7089143684901794,1,1,1,0,1,0,0,1,0,0,0,0,0,0,0,0,0,0,1,0,1,0,0,1,0,1,0
0,-1.2802480369298874,0.32132387688511255,-0.9745095589608425,0,0,0,0,1,0,0,0,0,0,0,0,0,0,1,0,1,0,1,0,1,1,0,0,1,0,0
0,-0.09867315991688919,1.4181602979149686,0.42317410119042087,0,0,1,1,1,0,1,1,0,0,0,0,1,0,1,0,1,0,1,0,1,0,0,1,0,1,0
0,1.2866215234776603,-1.506736824831314,-0.46008432293294693,0,1,0,0,1,0,0,0,1,1,0,1,0,1,0,1,0,1,0,1,0,0,1,0,0,0,1
0,1.24587756220135,0.12189907306150236,0.8065664940791355,0,1,0,0,1,0,1,0,0,0,1,0,1,0,1,0,1,0,0,0,0,1,0,0,0,0,0
1,1.6125732136881425,0.6536985499244629,1.595410681058447,0,1,1,0,1,0,1,0,0,0,1,0,1,0,1,0,0,0,1,0,1,0,1,0,1,0,0
0,-0.9950403079957154,0.35456134418904756,-0.7283266415478359,1,1,1,0,1,0,0,1,0,0,1,0,0,0,0,0,0,0,0,0,0,0,0,0,0,1,0
0,1.2051336009250397,0.6536985499244629,1.2839319360878687,0,0,0,0,1,0,1,0,0,0,0,0,1,0,1,0,1,0,1,0,1,0,1,0,0,0,0
0,1.4088534073065913,1.5511101671307086,2.314988348263848,0,1,1,1,1,0,1,1,0,0,0,0,1,0,1,0,1,0,1,0,1,0,1,1,0,0,0
0,-1.076528230548336,-0.6758001422329384,-0.8880367062494638,1,1,0,0,1,0,0,0,0,0,0,0,0,0,0,0,0,0,0,0,0,0,0,0,0,1,0
0,1.5310852911355222,0.5207486807087227,1.4017291385059203,0,0,1,1,1,0,1,0,0,0,1,0,0,0,0,0,1,0,1,0,1,0,1,1,0,0,0
1,-0.506112772679992,0.5207486807087227,-0.29508000194286726,0,0,0,0,1,0,0,1,0,0,0,0,0,0,0,0,0,0,1,0,0,0,0,0,0,0,0
0,-1.1172721918246462,0.35456134418904756,-0.8297998870764945,0,0,0,0,1,0,1,1,0,0,0,0,0,0,0,0,0,0,0,0,0,0,0,0,0,1,0
0,-0.3431369275747509,-0.24371306728178296,-0.4040534438801659,0,0,1,1,0,1,0,0,0,0,1,0,1,0,1,0,0,0,1,0,1,1,0,0,0,1,0
0,-0.8728084241667845,-0.6758001422329384,-0.7940636571294452,1,0,1,0,1,0,0,0,0,0,0,0,0,0,0,0,0,0,0,0,0,0,0,1,0,1,0
0,1.6125732136881425,1.5178726998267735,2.5055815746481116,0,1,1,0,1,0,1,1,0,0,0,0,1,0,1,0,1,0,1,0,1,0,1,1,1,0,0
0,1.368109446030281,-0.21047559997784793,0.673768898843804,0,0,1,1,1,0,0,0,0,0,1,0,1,0,0,0,1,0,0,0,0,0,1,1,1,0,0
0,0.512486259227765,0.5539861480126578,0.551559816185376,0,0,1,1,1,0,0,0,0,0,1,0,0,0,1,0,1,0,1,0,1,0,1,1,0,0,1
0,1.4903413298592119,-1.506736824831314,-0.3912589911830741,0,0,1,1,1,0,0,0,1,1,0,1,0,1,0,1,0,1,0,1,0,0,1,0,0,0,0
1,-0.7098325790615434,0.6869360172283978,-0.4137595804089941,1,1,1,0,1,0,1,1,0,0,0,0,0,0,0,0,0,0,0,0,1,0,0,1,0,0,0
0,-0.18016108246950976,-0.1772381326739129,-0.28096198517366255,0,0,0,0,1,0,0,0,0,0,0,0,0,0,1,0,0,0,1,0,0,0,0,1,0,0,0
0,1.5310852911355222,1.6840600363464486,2.578377598614323,1,0,0,0,1,0,1,1,0,0,1,0,1,0,1,0,1,0,1,0,1,1,0,0,1,0,0
0,0.1457906077409725,0.35456134418904756,0.17522643168126367,0,0,0,0,1,0,0,0,0,0,1,0,1,0,1,0,1,0,0,0,1,1,0,1,0,0,1
1,-0.6690886177852331,0.7201734845323329,-0.44199561394740344,1,1,0,0,1,0,1,1,0,0,0,0,0,0,0,0,0,0,1,0,0,0,0,1,0,1,0
0,-0.5876006952326126,0.6869360172283978,-0.32199247140916365,1,0,0,0,1,0,1,1,0,0,0,0,0,0,0,0,0,0,1,0,0,0,0,1,0,1,0
0,0.06430268518835193,1.0857856248756181,0.40773252034910323,1,0,1,0,1,0,1,1,0,0,0,0,0,0,0,0,0,0,1,0,1,0,0,1,0,1,0
0,0.3902543753988342,-0.6425626749290033,-0.10316321148649113,0,1,1,1,0,1,0,0,0,0,0,0,1,0,1,0,0,0,0,0,1,1,0,1,1,0,0
0,0.6347181430566958,0.18837400766937243,0.5939138664929899,0,1,0,0,1,0,1,0,0,0,1,0,0,0,0,0,1,0,0,0,1,1,0,1,0,0,0
0,0.5939741817803856,1.4846352325228385,1.253489962429271,1,1,1,0,1,0,1,1,0,0,0,0,1,0,1,0,1,0,1,0,1,0,0,1,0,1,0
0,0.2680224915699033,0.819885886444138,0.5255297227671548,1,0,1,1,1,0,1,1,0,0,0,0,1,0,1,0,1,0,0,0,0,1,0,1,0,1,0
0,-0.8728084241667845,-1.4734993575273791,-0.9180374918840237,0,0,1,1,1,0,0,0,1,1,0,1,0,1,0,1,0,1,0,1,0,0,1,0,1,0,0
0,-1.0357842692720256,-1.506736824831314,-0.9423028332060943,0,1,0,0,1,0,0,0,1,1,0,1,0,1,0,1,0,1,0,1,0,0,0,1,0,0,1
0,-1.1987601143772668,-1.340549488311639,-0.9692153026723908,0,0,0,0,1,0,1,0,1,1,0,1,0,1,0,1,0,1,0,1,0,0,0,0,0,0,1
0,-0.9950403079957154,0.0554241384536323,-0.7517096068218311,0,1,0,0,1,0,0,0,0,0,1,0,0,0,1,0,0,0,0,0,1,0,0,1,0,1,0
0,-1.2802480369298874,-1.506736824831314,-0.998774900282913,1,1,0,1,1,0,0,0,1,1,0,1,0,1,0,1,0,1,0,1,0,0,0,1,0,0,1
0,-0.01718523736426863,0.9860732229638132,0.3742022305222421,0,1,1,1,1,0,0,1,0,0,1,0,1,0,1,0,0,0,0,0,1,1,0,0,0,0,1
0,1.1236456783724194,0.022186671149697273,0.7258290856802462,0,1,1,1,1,0,0,0,0,0,1,0,1,0,1,0,1,0,0,0,0,1,0,1,0,0,0
0,-0.9135523854430948,-1.506736824831314,-0.9246553122445884,0,0,1,0,1,0,0,0,1,1,0,1,0,1,0,1,0,1,0,1,0,0,0,1,0,0,0
0,1.5718292524118322,-1.340549488311639,-0.2527259516352532,0,0,1,0,1,0,1,0,1,1,0,1,0,1,0,1,0,1,0,1,0,0,1,1,0,0,0
0,-1.1580161531009565,-1.4734993575273791,-0.9736271829127672,1,0,1,1,1,0,0,0,1,1,0,1,0,1,0,1,0,1,0,1,0,0,0,0,0,0,1
1,-1.2802480369298874,0.1551365403654374,-0.9767154990810307,1,0,0,0,1,0,0,1,0,0,0,0,0,0,0,0,0,0,0,0,0,0,0,1,0,1,0
0,0.4309983366751445,-0.44313787110539316,-0.05816203303465121,0,0,1,1,0,1,0,0,0,0,1,0,1,0,0,0,1,0,1,0,0,1,0,1,0,0,0
0,1.082901717096109,1.1522605594834883,1.622764338548781,1,1,1,0,1,0,1,1,0,0,0,0,0,0,1,0,0,0,1,0,1,1,0,1,0,0,0
0,-0.38388088885106114,-0.3434254691935881,-0.46846689538966224,0,0,1,0,1,0,0,0,0,0,0,0,0,0,1,0,1,0,0,0,0,0,0,0,0,1,0
0,1.6125732136881425,-1.506736824831314,-0.3471401887793095,0,0,1,0,1,0,0,0,1,1,0,1,0,1,0,1,0,1,0,1,0,0,1,0,0,0,0
0,-0.42462485012737144,-0.276950534585718,-0.4371425456829893,0,1,1,0,1,0,0,0,0,0,1,0,0,0,0,0,1,0,0,0,0,1,0,1,1,0,0
0,-1.2802480369298874,-1.3073120210077038,-0.9961277721386872,0,0,0,0,0,1,0,0,0,0,0,0,0,0,0,0,0,0,0,0,0,0,0,1,0,0,1
0,1.4903413298592119,-1.373786955615574,-0.25140238756314026,0,1,0,0,1,0,1,0,1,1,0,1,0,1,0,1,0,1,0,1,0,0,1,0,0,0,0
0,0.7162060656093164,-0.9749373479683536,-0.23596080672182265,0,1,0,0,0,1,0,0,0,0,1,0,0,0,0,0,1,0,0,0,0,1,0,1,0,0,1
1,-1.2802480369298874,-1.3073120210077038,-0.9961277721386872,1,0,0,0,0,1,0,0,0,0,0,0,0,0,0,0,0,0,0,0,0,0,0,1,0,1,0
0,-1.2395040756535771,-0.6425626749290033,-0.9648034224320142,1,1,0,0,1,0,0,0,0,0,0,0,0,0,0,0,0,0,0,0,0,0,0,1,0,0,1
0,-0.7098325790615434,0.35456134418904756,-0.5156740139616903,0,0,1,0,1,0,0,1,0,0,0,0,1,0,0,0,0,0,0,0,0,0,0,0,0,0,0
0,-0.05792919864057891,-1.4734993575273791,-0.7384739661007017,0,1,0,0,1,0,0,0,1,1,0,1,0,1,0,1,0,1,0,1,0,0,1,0,0,0,0
0,-1.2802480369298874,-1.4734993575273791,-0.9983337122588753,1,1,0,0,1,0,0,0,1,1,0,1,0,1,0,1,0,1,0,1,0,0,0,0,0,0,1
0,1.368109446030281,1.3516853633070984,2.1398367027209027,1,1,1,0,1,0,1,1,0,0,0,0,1,0,1,0,0,0,1,0,1,0,0,1,1,0,0
0,-1.1987601143772668,-0.3434254691935881,-0.9325966966772661,1,1,0,1,1,0,0,0,0,0,0,0,0,0,0,0,0,0,1,0,0,0,0,1,1,0,0
0,-0.9950403079957154,-1.4734993575273791,-0.9449499613503202,0,0,0,0,1,0,0,0,1,1,0,1,0,1,0,1,0,1,0,1,0,0,1,0,0,0,1
0,1.2866215234776603,0.2880864095811775,1.0611319839488573,0,1,1,1,1,0,0,0,0,0,1,0,0,0,1,0,0,0,1,0,1,1,0,1,1,0,0
0,-0.18016108246950976,-1.4734993575273791,-0.7587686152064335,0,0,1,0,1,0,0,0,1,1,0,1,0,1,0,1,0,1,0,1,0,0,0,0,0,0,1
0,1.0014137945434884,1.1854980267874233,1.6333528511256845,0,0,1,0,1,0,1,1,0,0,0,0,0,0,1,0,0,0,1,0,1,1,0,1,1,0,0
0,-0.7505765403378537,0.7534109518362679,-0.4521429385002693,1,0,1,1,1,0,1,1,0,0,0,0,0,0,1,0,0,0,0,0,1,0,0,1,0,1,0
0,-0.5468567339563023,-1.506736824831314,-0.8425943397735862,0,1,0,0,1,0,0,0,1,1,0,1,0,1,0,1,0,1,0,1,0,0,1,1,0,0,1
0,-0.9135523854430948,0.4875112134047877,-0.6290593361393655,1,1,1,0,1,0,0,1,0,0,0,0,0,0,0,0,0,0,1,0,0,0,0,1,0,1,0
0,0.7569500268856267,-0.5096128057132632,0.11919555262848258,0,0,1,0,0,1,0,0,0,0,0,0,1,0,0,0,0,0,1,0,1,0,0,1,0,1,0
0,1.4088534073065913,0.022186671149697273,0.8996571671510788,0,0,1,0,1,0,1,0,0,0,1,0,1,0,1,0,0,0,0,0,0,0,1,0,0,0,1
0,-0.8728084241667845,-1.4734993575273791,-0.8968604667302168,0,1,1,1,1,0,0,0,1,1,0,1,0,1,0,1,0,1,0,1,0,0,0,1,0,1,0
0,1.6125732136881425,-0.14400066536997788,0.9998068486076245,0,1,1,1,0,1,0,0,0,0,1,0,0,0,1,0,1,0,1,0,1,0,1,0,0,0,0
0,1.368109446030281,-1.4734993575273791,-0.40758294807246703,0,1,1,1,1,0,0,0,1,1,0,1,0,1,0,1,0,1,0,1,0,1,0,1,0,1,0
0,-0.5876006952326126,0.7866484191402029,-0.2840503013419261,1,0,0,0,1,0,1,1,0,0,0,0,0,0,0,0,1,0,1,0,0,0,0,1,0,1,0
0,-0.9542963467194051,-1.506736824831314,-0.9286260044609272,0,0,0,0,1,0,0,0,1,1,0,1,0,1,0,1,0,1,0,1,0,0,0,1,0,1,0
0,-0.9542963467194051,0.35456134418904756,-0.7278854535237982,0,0,0,0,1,0,1,1,0,0,0,0,0,0,0,0,0,0,0,0,0,0,0,1,1,0,0
0,0.6347181430566958,1.5511101671307086,1.3377568750204616,0,1,1,0,1,0,1,1,0,0,1,0,1,0,1,0,0,0,1,0,1,0,0,1,0,0,0
0,-0.9135523854430948,0.18837400766937243,-0.6828842750719583,0,1,0,0,1,0,0,1,0,0,0,0,0,0,0,0,0,0,0,0,0,0,0,0,0,0,1
0,-0.9542963467194051,0.9860732229638132,-0.6149413193701608,1,0,0,0,1,0,1,1,0,0,0,0,0,0,0,0,0,0,1,0,1,0,0,1,0,1,0
1,-0.791320501614164,1.0193106902677482,-0.4380249217310646,1,0,0,0,1,0,1,1,0,0,0,0,0,0,0,0,0,0,1,0,1,0,0,1,0,1,0
0,-1.1580161531009565,0.45427374610085264,-0.861565424807205,1,1,0,0,1,0,1,1,0,0,0,0,1,0,0,0,0,0,0,0,0,0,0,0,0,1,0
0,-1.1580161531009565,0.18837400766937243,-0.9025959110427062,1,1,0,0,1,0,0,1,0,0,0,0,0,0,0,0,0,0,0,0,0,0,0,1,0,1,0
0,1.6125732136881425,0.919598288355943,1.8490937948800938,0,0,1,0,1,0,1,0,0,0,1,0,1,0,1,0,1,0,1,0,1,0,1,0,0,0,0
0,0.7569500268856267,0.6869360172283978,0.9433347815308057,0,0,1,1,1,0,0,0,0,0,1,0,1,0,1,0,1,0,1,0,1,0,1,0,1,0,0
0,1.082901717096109,-0.7755125441447435,0.07463556220068032,1,1,1,0,0,1,0,0,0,0,0,0,1,0,0,0,0,0,0,0,1,0,0,1,0,0,0
0,-0.9135523854430948,0.6869360172283978,-0.6484716091970218,1,1,1,0,1,0,1,1,0,0,0,0,0,0,0,0,0,0,1,0,0,0,0,1,0,1,0
1,1.1643896396487294,0.5872236153165927,1.156428597140989,0,1,1,0,1,0,1,1,0,0,0,0,1,0,0,0,0,0,0,0,0,0,0,1,0,1,0
0,0.8791819107145575,0.6536985499244629,0.9711296270451775,0,1,0,0,1,0,0,1,0,0,1,0,0,0,1,0,1,0,0,0,0,1,0,0,0,1,0
0,0.02355872391204165,-0.14400066536997788,-0.11022221987109347,0,0,0,0,1,0,1,0,0,0,1,0,1,0,0,0,0,0,0,0,0,0,0,1,0,0,1
0,-0.22090504374582004,-1.4734993575273791,-0.7697983158073747,0,0,0,0,1,0,0,0,1,1,0,1,0,1,0,1,0,1,0,1,0,0,1,1,0,0,0
1,-1.2802480369298874,0.4875112134047877,-0.9723036188406543,1,0,0,0,1,0,0,1,0,0,0,0,0,0,0,0,0,0,1,0,0,0,0,1,0,1,0
0,-0.38388088885106114,1.0193106902677482,-0.04007332404910771,0,1,0,0,1,0,0,1,0,0,0,0,1,0,0,0,0,0,1,0,1,0,0,0,0,0,1
0,-1.2802480369298874,-1.506736824831314,-0.998774900282913,0,1,0,1,1,0,0,0,1,1,0,1,0,1,0,1,0,1,0,1,0,0,0,0,0,0,1
0,0.512486259227765,0.6536985499244629,0.6949459239976109,0,1,1,1,1,0,0,0,0,0,1,0,1,0,1,0,1,0,1,0,1,0,1,1,0,0,1
0,0.2680224915699033,-1.506736824831314,-0.6303829002114784,0,0,1,1,1,0,0,0,1,1,0,1,0,1,0,1,0,1,0,1,0,0,1,1,0,0,0
0,-1.1172721918246462,0.18837400766937243,-0.854065228398565,1,1,0,0,1,0,0,0,0,0,0,0,0,0,1,0,0,0,1,0,1,1,0,1,0,0,1
0,1.6125732136881425,0.5872236153165927,1.5583508870392846,0,1,1,1,1,0,1,0,0,0,1,0,1,0,1,0,1,0,1,0,0,0,1,0,0,0,0
0,1.0421577558197987,0.0554241384536323,0.7443589826898274,0,0,1,1,1,0,1,0,0,0,0,0,1,0,0,0,0,0,1,0,0,0,0,1,0,0,0
0,1.5310852911355222,-0.6758001422329384,0.34199550476749396,0,0,0,0,0,1,0,0,0,0,1,0,1,0,1,0,1,0,0,0,0,0,1,1,0,0,0
0,1.1643896396487294,1.1190230921795532,1.703942934971708,0,1,1,1,1,0,0,1,0,0,0,0,1,0,0,0,1,0,1,0,1,1,0,1,0,0,0
0,-1.2395040756535771,0.18837400766937243,-0.950244217638772,0,1,0,0,1,0,0,1,0,0,0,0,0,0,0,0,0,0,0,0,0,0,0,0,0,0,1
0,0.5532302205040753,-1.340549488311639,-0.4931734247357704,0,0,1,1,1,0,1,0,1,1,0,1,0,1,0,1,0,1,0,1,0,1,0,0,0,0,1
0,-1.2802480369298874,-0.5096128057132632,-0.9855392595617837,1,0,0,0,1,0,1,0,0,0,0,0,0,0,0,0,0,0,0,0,0,0,0,1,0,0,0
0,-0.42462485012737144,0.1551365403654374,-0.321551283385126,1,0,1,0,1,0,0,1,0,0,0,0,0,0,0,0,0,0,0,0,0,0,0,1,0,1,0
0,0.6347181430566958,1.2519729613952935,1.156428597140989,0,0,0,0,1,0,0,1,0,0,1,0,0,0,1,0,1,0,1,0,1,0,1,1,1,0,0
0,1.2866215234776603,0.7201734845323329,1.4776134786403954,0,1,0,0,1,0,1,0,0,0,0,0,1,0,1,0,1,0,1,0,1,0,1,0,1,0,0
0,1.6125732136881425,-1.340549488311639,-0.2822855492457755,0,1,1,1,1,0,1,0,1,1,0,1,0,1,0,1,0,1,0,1,0,0,1,0,0,0,0
0,-0.8320644628904743,-0.21047559997784793,-0.6806783349517701,0,0,1,1,1,0,0,0,0,0,0,0,0,0,1,0,0,0,1,0,0,0,0,1,1,0,0
1,0.06430268518835193,0.9860732229638132,0.4121444005894797,1,0,1,0,1,0,1,1,0,0,0,0,1,0,1,0,0,0,0,0,1,0,0,1,0,1,0
0,1.6125732136881425,0.12189907306150236,1.1493695887563866,0,0,1,1,1,0,0,0,0,0,1,0,1,0,1,0,0,0,0,0,1,0,1,0,1,0,0
0,-0.13941712119319946,0.6869360172283978,0.06934130591222856,0,1,1,0,1,0,1,1,0,0,0,0,1,0,1,0,0,0,0,0,0,0,0,1,0,1,0
0,0.02355872391204165,-1.4734993575273791,-0.7336208978362876,0,1,1,1,1,0,0,0,1,1,0,1,0,1,0,1,0,1,0,1,0,1,0,0,1,0,0
0,-1.2802480369298874,-1.4734993575273791,-0.9983337122588753,0,0,0,0,1,0,0,0,1,1,0,1,0,1,0,1,0,1,0,1,0,0,0,0,0,0,1
0,1.2051336009250397,1.5178726998267735,2.0105686116778725,0,0,1,1,1,0,1,1,0,0,0,0,1,0,1,0,1,0,1,0,1,1,0,1,0,1,0
0,0.3495104141225239,0.2880864095811775,0.3168477873973481,1,1,1,0,1,0,1,0,0,0,0,0,0,0,1,0,0,0,1,0,1,1,0,1,0,1,0
0,1.2866215234776603,1.1854980267874233,1.7520324295918115,1,0,0,0,1,0,1,1,0,0,0,0,0,0,1,0,0,0,1,0,1,1,0,1,1,0,0
0,-1.1580161531009565,0.5872236153165927,-0.8664184930716191,0,0,0,0,1,0,0,1,0,0,0,0,0,0,1,0,0,0,0,0,1,0,0,1,1,0,0
0,-0.3431369275747509,0.6536985499244629,-0.15213508215466987,0,0,0,0,1,0,1,1,0,0,1,0,0,0,0,0,1,0,0,0,0,0,0,1,0,1,0
0,-0.7505765403378537,-1.506736824831314,-0.8774481936725603,0,0,1,1,1,0,0,0,1,1,0,1,0,1,0,1,0,1,0,1,0,1,0,0,0,0,1
0,-1.1987601143772668,-1.506736824831314,-0.9815685673454448,0,1,0,1,1,0,0,0,1,1,0,1,0,1,0,1,0,1,0,1,0,0,0,0,0,0,1
1,-1.1580161531009565,1.1522605594834883,-0.8121523661149886,1,0,0,0,1,0,0,1,0,0,0,0,1,0,1,0,0,0,1,0,1,0,0,1,1,0,0
0,-0.5876006952326126,-0.9749373479683536,-0.7631804954468099,1,0,0,1,0,1,0,0,0,0,0,0,0,0,0,0,0,0,0,0,1,0,0,1,0,1,0
0,-0.9950403079957154,0.0554241384536323,-0.7662688116150734,0,1,0,0,1,0,0,0,0,0,0,0,0,0,0,0,0,0,1,0,1,0,0,1,0,1,0
0,0.10504664646466222,-1.373786955615574,-0.6555306175816242,0,0,0,0,1,0,1,0,1,1,0,1,0,1,0,1,0,1,0,1,0,0,1,0,0,0,0
0,-1.2802480369298874,0.3877988114929826,-0.9736271829127672,1,0,0,0,1,0,1,1,0,0,0,0,0,0,0,0,0,0,0,0,0,0,0,0,0,1,0
0,1.368109446030281,-1.3073120210077038,-0.2690499085246461,0,1,0,1,1,0,1,0,1,1,0,1,0,1,0,1,0,1,0,1,0,0,1,1,1,0,0
0,-0.9950403079957154,-0.6758001422329384,-0.8558299804947156,0,1,0,1,0,1,0,0,0,0,1,0,0,0,0,0,1,0,0,0,1,0,1,1,0,0,1
0,1.5718292524118322,1.3184478960031634,2.262928161427406,0,0,1,0,1,0,1,1,0,0,1,0,0,0,1,0,0,0,1,0,1,1,0,1,1,0,0
0,0.4309983366751445,0.919598288355943,0.7748009563484249,0,0,1,1,1,0,1,1,0,0,0,0,0,0,1,0,0,0,0,0,1,0,0,1,0,0,0
1,-1.2395040756535771,0.9528357556598781,-0.9321555086532285,1,0,0,0,1,0,1,1,0,0,0,0,0,0,0,0,0,0,1,0,1,0,0,1,0,1,0
1,-0.13941712119319946,1.2187354940913584,0.29346482212335284,0,1,0,0,1,0,0,1,0,0,0,0,1,0,1,0,0,0,1,0,1,0,0,1,0,0,0
0,-0.7098325790615434,0.6536985499244629,-0.430083537298387,1,0,1,0,1,0,0,1,0,0,0,0,0,0,1,0,0,0,1,0,0,0,0,1,0,1,0
0,1.3273654847539706,0.9860732229638132,1.6743833373611856,0,1,1,1,1,0,1,1,0,0,1,0,1,0,1,0,1,0,0,0,0,0,1,0,1,0,0
0,0.10504664646466222,1.0193106902677482,0.5008231934210466,0,1,0,0,1,0,1,1,0,0,0,0,0,0,1,0,1,0,1,0,0,0,0,0,0,1,0
0,1.2866215234776603,1.1854980267874233,1.90600704998095,0,1,0,0,1,0,0,1,0,0,1,0,1,0,0,0,0,0,1,0,1,1,0,1,1,0,0
0,1.0421577558197987,-0.310188001889653,0.38964381136355974,0,0,1,1,0,1,0,0,0,0,0,0,0,0,1,0,1,0,1,0,1,0,1,1,1,0,0
1,-0.5876006952326126,-0.5096128057132632,-0.6255298319470642,0,0,0,0,1,0,0,0,0,0,0,0,1,0,0,0,0,0,0,0,0,0,0,1,1,0,0
0,1.4088534073065913,0.819885886444138,1.8045338044522914,0,1,1,1,1,0,1,1,0,0,0,0,1,0,0,0,0,0,0,0,1,0,0,1,0,0,0
0,1.24587756220135,-1.506736824831314,-0.48787916844731866,0,1,1,1,1,0,0,0,1,1,0,1,0,1,0,1,0,1,0,1,0,0,1,1,0,0,1
0,1.1236456783724194,1.1522605594834883,1.6333528511256845,0,0,1,0,1,0,1,1,0,0,0,0,1,0,0,0,0,0,1,0,1,0,0,1,0,1,0
1,-0.9542963467194051,0.6536985499244629,-0.6842078391440712,1,1,0,0,1,0,1,1,0,0,0,0,0,0,0,0,0,0,0,0,1,0,0,1,1,0,0
0,1.5310852911355222,1.6175851017385787,2.4645510884126103,0,0,1,1,1,0,1,1,0,0,1,0,1,0,1,0,1,0,1,0,1,0,1,1,1,0,0
0,-0.7098325790615434,1.2187354940913584,-0.34361068458700833,1,1,1,0,1,0,1,1,0,0,0,0,0,0,1,0,0,0,1,0,1,0,0,1,0,1,0
0,0.6347181430566958,-1.506736824831314,-0.5942054822403914,0,0,0,1,1,0,0,0,1,1,0,1,0,1,0,1,0,1,0,1,0,1,0,0,0,0,1
0,-0.8320644628904743,0.32132387688511255,-0.6802371469277324,0,1,1,0,1,0,0,0,0,0,0,0,0,0,1,0,1,0,1,0,1,0,0,1,0,1,0
1,1.5718292524118322,0.919598288355943,1.8980656655482726,0,1,1,0,1,0,1,1,0,0,1,0,1,0,1,0,1,0,0,0,0,1,0,1,0,1,0
1,0.4717422979514547,0.2880864095811775,0.37023153830590333,0,1,0,0,1,0,0,1,0,0,0,0,0,0,1,0,0,0,0,0,0,0,0,0,0,1,0
0,-1.2802480369298874,-0.47637533840932816,-0.985098071537746,1,1,0,0,1,0,1,0,0,0,0,0,0,0,0,0,0,0,0,0,0,0,0,1,0,1,0
0,0.512486259227765,-1.340549488311639,-0.5271449025866691,0,1,1,1,1,0,1,0,1,1,0,1,0,1,0,1,0,1,0,1,0,0,1,0,0,0,1
0,-0.38388088885106114,-1.340549488311639,-0.7358268379564759,0,0,0,0,1,0,1,0,1,1,0,1,0,1,0,1,0,1,0,1,0,1,0,0,1,0,0
0,0.4309983366751445,-0.011050796154237758,0.275817301161847,0,0,1,0,1,0,1,0,0,0,0,0,0,0,0,0,1,0,1,0,0,1,0,1,0,0,0
0,0.10504664646466222,-1.4734993575273791,-0.6811195229758077,0,1,0,0,1,0,0,0,1,1,0,1,0,1,0,1,0,1,0,1,0,0,0,0,0,0,0
0,-0.9542963467194051,0.12189907306150236,-0.7455329744853041,0,1,1,0,1,0,0,0,0,0,1,0,1,0,0,0,1,0,1,0,0,0,0,1,0,0,1
0,-0.8320644628904743,1.1522605594834883,-0.5077326295290128,1,1,0,0,1,0,1,1,0,0,0,0,0,0,0,0,1,0,1,0,1,0,0,1,0,0,1
1,1.3273654847539706,1.4846352325228385,2.1813083769804416,0,0,1,0,1,0,1,1,0,0,1,0,1,0,1,0,0,0,1,0,1,0,0,1,1,0,0
0,-1.2395040756535771,0.8863608210520081,-0.9220081841003626,1,0,0,0,1,0,1,1,0,0,0,0,0,0,1,0,0,0,1,0,0,0,0,1,0,1,0
0,-0.22090504374582004,-0.5096128057132632,-0.43758373370702697,0,1,0,0,1,0,1,0,0,0,0,0,0,0,0,0,0,0,0,0,0,0,0,0,0,0,1
0,0.3087664528462136,-0.47637533840932816,-0.11463410011146993,0,0,0,0,1,0,0,0,0,0,0,0,0,0,1,0,0,0,0,0,0,1,0,1,0,0,1
1,-1.1172721918246462,0.35456134418904756,-0.8531828523504897,1,0,0,0,1,0,0,1,0,0,0,0,0,0,1,0,0,0,0,0,0,0,0,1,1,0,0
0,-0.9950403079957154,-1.506736824831314,-0.9396557050618685,0,1,1,1,1,0,0,0,1,1,0,1,0,1,0,1,0,1,0,1,0,1,0,0,1,0,0
1,1.0421577558197987,1.0857856248756181,1.400846762457845,0,0,1,0,1,0,1,1,0,0,0,0,1,0,0,0,0,0,1,0,1,1,0,1,0,0,0
0,0.797693988161937,1.1854980267874233,1.3064325253137887,0,0,1,1,1,0,0,1,0,0,1,0,0,0,1,0,0,0,1,0,1,1,0,0,0,1,0
0,-1.1987601143772668,-0.310188001889653,-0.9392145170378308,0,1,1,0,1,0,0,0,0,0,0,0,0,0,1,0,1,0,0,0,0,0,0,1,0,0,1
0,0.3495104141225239,1.5511101671307086,0.9812769515980434,0,1,0,1,1,0,0,1,0,0,1,0,1,0,1,0,1,0,1,0,1,0,1,1,0,1,0
0,-0.506112772679992,1.1190230921795532,-0.11110459591916876,0,1,0,0,1,0,1,1,0,0,0,0,0,0,0,0,1,0,1,0,1,0,0,1,0,0,1
0,-1.2802480369298874,-0.47637533840932816,-0.985098071537746,0,1,0,1,1,0,1,0,0,0,0,0,0,0,0,0,0,0,0,0,0,0,0,1,0,1,0
0,-1.1580161531009565,0.5207486807087227,-0.8606830487591297,1,1,0,1,1,0,1,1,0,0,0,0,0,0,0,0,1,0,0,0,0,0,0,0,1,0,0
0,-0.38388088885106114,-1.4734993575273791,-0.7984755373698216,0,1,0,0,1,0,0,0,1,1,0,1,0,1,0,1,0,1,0,1,0,0,0,0,0,1,0
1,-1.076528230548336,-1.506736824831314,-0.9603915421916378,0,0,0,0,1,0,0,0,1,1,0,1,0,1,0,1,0,1,0,1,0,0,0,0,0,0,0
0,-0.9950403079957154,-1.506736824831314,-0.940096893085906,0,1,1,1,1,0,0,0,1,1,0,1,0,1,0,1,0,1,0,1,0,0,0,1,0,0,1
0,-0.5876006952326126,0.1551365403654374,-0.4781730319184904,0,1,0,0,1,0,1,0,0,0,1,0,0,0,1,0,0,0,1,0,0,0,0,0,0,0,1
1,0.797693988161937,-0.5428502730171982,0.12007792867655788,0,1,0,0,0,1,0,0,0,0,1,0,0,0,0,0,0,0,1,0,1,0,0,1,1,0,0
0,-0.05792919864057891,0.9860732229638132,0.3071416508685199,0,1,0,0,1,0,0,1,0,0,0,0,1,0,0,0,0,0,1,0,1,0,0,1,0,1,0
0,-0.13941712119319946,-1.4734993575273791,-0.7186205050190076,0,1,1,1,1,0,0,0,1,1,0,1,0,1,0,1,0,1,0,1,0,0,0,1,0,0,1
0,0.1457906077409725,1.3849228306110335,0.6843574114207075,0,0,1,0,1,0,1,1,0,0,1,0,1,0,1,0,1,0,0,0,1,0,1,1,1,0,0
0,-0.6690886177852331,1.1854980267874233,-0.33037504386587896,1,0,1,0,1,0,1,1,0,0,0,0,1,0,0,0,0,0,1,0,1,0,0,1,0,1,0
0,0.3902543753988342,1.4513977652189036,1.0161308054970175,0,1,1,0,1,0,1,1,0,0,0,0,0,0,1,0,1,0,1,0,1,1,0,1,0,1,0
0,-1.2802480369298874,-1.4734993575273791,-0.9983337122588753,1,1,0,0,1,0,0,0,1,1,0,1,0,1,0,1,0,1,0,1,0,0,0,0,0,1,0
0,1.1236456783724194,1.1522605594834883,1.613940578068028,0,0,0,0,1,0,0,1,0,0,0,0,1,0,1,0,0,0,1,0,1,0,1,1,0,1,0
0,-1.1172721918246462,0.6869360172283978,-0.8200937505476663,1,1,0,0,1,0,1,1,0,0,0,0,1,0,1,0,0,0,0,0,0,0,0,1,0,1,0
0,-0.42462485012737144,1.0193106902677482,-0.02154342703952657,0,1,1,0,1,0,1,1,0,0,1,0,0,0,0,0,1,0,1,0,0,0,0,0,1,0,0
0,0.1457906077409725,-1.4734993575273791,-0.713326248730556,0,1,1,0,1,0,0,0,1,1,0,1,0,1,0,1,0,1,0,1,0,1,0,0,0,0,1
0,-1.1580161531009565,0.18837400766937243,-0.8831836379850497,1,0,0,0,1,0,0,1,0,0,0,0,0,0,0,0,0,0,0,0,0,0,0,0,0,1,0
0,-0.9542963467194051,-0.011050796154237758,-0.7658276235910358,0,1,0,0,1,0,0,0,0,0,1,0,0,0,0,0,1,0,0,0,1,0,0,0,0,0,1
0,-1.2802480369298874,0.32132387688511255,-0.9745095589608425,0,1,1,1,1,0,0,1,0,0,0,0,1,0,0,0,0,0,0,0,0,0,0,0,1,0,0
0,-0.8320644628904743,-0.5096128057132632,-0.7552391110141323,0,1,1,1,1,0,0,0,0,0,1,0,0,0,0,0,0,0,0,0,0,0,0,1,0,1,0
0,-0.38388088885106114,0.2880864095811775,-0.2324313025295215,0,0,0,0,1,0,1,0,0,0,0,0,0,0,0,0,1,0,1,0,1,1,0,1,0,0,1
0,1.2051336009250397,0.919598288355943,1.5212910930201224,0,1,0,0,1,0,1,1,0,0,1,0,1,0,0,0,0,0,0,0,1,1,0,1,0,0,0
0,0.18653456901728277,1.1190230921795532,0.5259709107911924,1,1,0,0,1,0,1,1,0,0,0,0,0,0,0,0,1,0,1,0,1,0,0,0,0,0,0
0,-0.9950403079957154,-1.506736824831314,-0.9383321409897555,0,0,0,0,1,0,0,0,1,1,0,1,0,1,0,1,0,1,0,1,0,0,0,0,0,0,1
0,-0.05792919864057891,0.7866484191402029,0.1765499957533766,0,1,1,0,1,0,1,1,0,0,0,0,0,0,1,0,0,0,1,0,0,0,0,0,1,0,0
0,-0.791320501614164,0.32132387688511255,-0.6118530032018973,1,1,1,1,1,0,1,1,0,0,0,0,0,0,0,0,0,0,0,0,0,0,0,1,1,0,0
0,-0.3431369275747509,1.1190230921795532,0.05478210111898623,1,0,0,0,1,0,1,1,0,0,0,0,0,0,1,0,0,0,1,0,1,0,0,1,0,1,0
0,0.512486259227765,1.0193106902677482,0.9587763623721234,0,1,1,1,1,0,1,1,0,0,0,0,1,0,1,0,0,0,0,0,1,0,0,1,0,0,0
1,1.4903413298592119,1.3516853633070984,2.0802763194758205,0,0,1,0,1,0,1,1,0,0,0,0,1,0,0,0,1,0,1,0,1,0,1,0,1,0,0
0,-1.2395040756535771,-1.4734993575273791,-0.9912747038742731,0,1,0,0,1,0,0,0,1,1,0,1,0,1,0,1,0,1,0,1,0,0,0,0,0,0,1
0,1.1643896396487294,1.3849228306110335,1.8813005206348419,1,1,1,1,1,0,1,1,0,0,1,0,1,0,0,0,0,0,1,0,1,1,0,1,0,1,0
0,0.3495104141225239,1.3184478960031634,0.9102456797279823,1,1,0,0,1,0,1,1,0,0,0,0,1,0,1,0,0,0,1,0,1,0,0,1,0,1,0
0,0.4717422979514547,-0.5096128057132632,-0.007866598294359536,0,0,0,0,0,1,0,0,0,0,0,0,0,0,1,0,0,0,1,0,1,1,0,1,0,1,0
0,0.2680224915699033,-0.9749373479683536,-0.42964234927434936,0,1,0,0,0,1,0,0,0,0,0,0,0,0,1,0,1,0,0,0,0,1,0,0,0,0,1
0,1.6125732136881425,0.022186671149697273,1.090250393535342,0,1,1,1,0,1,0,0,0,0,1,0,1,0,1,0,1,0,1,0,1,0,1,1,1,0,0
1,-0.791320501614164,1.052548157571683,-0.4622902630531352,0,0,0,0,1,0,0,1,0,0,0,0,0,0,1,0,0,0,1,0,1,0,0,1,0,1,0
0,0.7569500268856267,0.1551365403654374,0.5643542688824676,0,0,1,1,1,0,0,0,0,0,1,0,1,0,0,0,1,0,0,0,1,1,0,1,1,0,0
1,1.5718292524118322,1.1522605594834883,2.1751317446439145,0,0,1,0,1,0,0,1,0,0,0,0,1,0,1,0,0,0,1,0,1,0,1,1,0,1,0
1,-0.42462485012737144,1.052548157571683,-0.0886040066932488,1,1,0,0,1,0,1,1,0,0,0,0,0,0,0,0,0,0,1,0,1,0,0,1,0,1,0
0,-1.2395040756535771,-0.310188001889653,-0.9621562942877884,1,0,0,0,1,0,0,0,0,0,0,0,1,0,0,0,1,0,0,0,0,0,0,1,1,0,0
0,0.9606698332671781,1.3849228306110335,1.6020285014190117,0,0,0,0,1,0,1,1,0,0,0,0,1,0,1,0,0,0,1,0,1,1,0,1,0,1,0
0,-1.2802480369298874,-0.44313787110539316,-0.9846568835137084,0,1,0,0,1,0,0,0,0,0,1,0,0,0,0,0,0,0,0,0,0,0,0,0,0,0,1
0,-0.38388088885106114,-0.24371306728178296,-0.4415544259233658,0,0,1,1,1,0,0,0,0,0,1,0,1,0,0,0,1,0,0,0,0,1,0,1,0,0,1
1,1.368109446030281,0.18837400766937243,1.0831913851507398,0,0,1,0,1,0,1,0,0,0,0,0,1,0,1,0,0,0,1,0,0,1,0,1,0,0,0
0,-1.2802480369298874,-1.506736824831314,-0.998774900282913,0,0,0,0,1,0,0,0,1,1,0,1,0,1,0,1,0,1,0,1,0,0,0,0,0,0,1
1,-0.5468567339563023,0.7866484191402029,-0.2240487300728062,1,1,0,0,1,0,1,1,0,0,0,0,1,0,0,0,0,0,1,0,0,0,0,1,0,1,0
0,-0.8728084241667845,0.4875112134047877,-0.6564129936296995,0,1,0,0,1,0,0,1,0,0,1,0,0,0,1,0,0,0,0,0,0,0,0,1,0,0,0
0,-0.9950403079957154,-1.506736824831314,-0.9431852092541696,1,0,1,1,1,0,0,0,1,1,0,1,0,1,0,1,0,1,0,1,0,1,0,1,0,0,1
0,0.797693988161937,1.1190230921795532,1.1956943312803394,0,0,1,1,1,0,1,1,0,0,1,0,1,0,1,0,0,0,0,0,1,0,0,0,0,0,0
0,-1.1987601143772668,-1.4734993575273791,-0.9802450032733319,0,1,0,0,1,0,0,0,1,1,0,1,0,1,0,1,0,1,0,1,0,0,0,1,0,1,0
0,0.7569500268856267,0.4875112134047877,0.7655360078436344,0,0,1,1,1,0,0,1,0,0,1,0,1,0,0,0,0,0,0,0,0,0,0,1,0,0,0
1,-0.7098325790615434,0.35456134418904756,-0.5015559971924857,1,1,0,0,1,0,1,1,0,0,0,0,0,0,0,0,0,0,0,0,0,0,0,0,0,1,0
1,1.2866215234776603,0.9860732229638132,1.6757069014332986,0,1,1,0,1,0,1,1,0,0,0,0,1,0,1,0,0,0,0,0,1,0,0,1,0,1,0
0,0.18653456901728277,-0.8087500114486784,-0.35508157321198713,0,0,0,0,0,1,0,0,0,0,0,0,0,0,1,0,0,0,0,0,1,0,0,1,1,0,0
0,-0.791320501614164,-1.506736824831314,-0.8999487828984802,0,1,0,0,1,0,0,0,1,1,0,1,0,1,0,1,0,1,0,1,0,0,1,0,0,0,1
0,0.6754621043330061,-0.310188001889653,0.15449059455149428,0,1,1,0,1,0,1,0,0,0,1,0,0,0,0,0,0,0,0,0,0,1,0,1,0,1,0
1,0.512486259227765,1.2519729613952935,1.0818678210786268,0,0,0,0,1,0,1,1,0,0,0,0,0,0,1,0,0,0,1,0,1,1,0,1,0,0,0
0,-0.5876006952326126,0.22161147497330744,-0.45699600676468344,0,0,0,0,1,0,0,1,0,0,0,0,0,0,0,0,0,0,0,0,0,0,0,1,0,1,0
1,-1.2802480369298874,0.32132387688511255,-0.9745095589608425,1,1,0,0,1,0,1,1,0,0,0,0,0,0,0,0,0,0,0,0,0,0,0,1,0,1,0
0,1.4495973685829016,-0.3434254691935881,0.6667098904592016,0,1,1,0,0,1,0,0,0,0,1,0,0,0,1,0,0,0,1,0,1,0,1,1,0,0,0
0,0.8791819107145575,-1.506736824831314,-0.5624399445096809,0,1,0,0,1,0,0,0,1,1,0,1,0,1,0,1,0,1,0,1,0,0,1,0,1,0,0
1,-0.38388088885106114,0.7866484191402029,-0.06742698153944178,0,0,1,1,1,0,0,1,0,0,0,0,1,0,1,0,0,0,0,0,1,0,0,1,0,0,0
0,-0.6283446565089229,0.3877988114929826,-0.4278775971781988,1,1,0,0,1,0,0,1,0,0,0,0,0,0,1,0,0,0,0,0,0,0,0,1,0,1,0
0,1.5718292524118322,0.5207486807087227,1.5195263409239719,0,1,1,0,1,0,1,0,0,0,1,0,1,0,1,0,1,0,0,0,1,0,1,0,1,0,0
0,1.4088534073065913,-1.506736824831314,-0.40184750375997763,0,0,1,1,1,0,0,0,1,1,0,1,0,1,0,1,0,1,0,1,0,0,1,1,0,0,0
0,-0.7505765403378537,0.6536985499244629,-0.47640827982233985,0,0,1,1,1,0,1,1,0,0,0,0,0,0,0,0,0,0,1,0,0,0,0,1,0,1,0
1,-1.2802480369298874,-1.3073120210077038,-0.9961277721386872,1,0,0,0,0,1,0,0,0,0,0,0,0,0,0,0,0,0,0,0,0,0,0,1,0,0,1
0,1.24587756220135,-1.506736824831314,-0.4711140235338881,0,0,0,1,1,0,0,0,1,1,0,1,0,1,0,1,0,1,0,1,0,0,1,0,1,0,0
0,0.3495104141225239,0.12189907306150236,0.26214047241668,0,0,0,0,1,0,1,0,0,0,0,0,0,0,1,0,1,0,0,0,1,1,0,1,0,1,0
0,-0.6283446565089229,0.919598288355943,-0.31052158278418485,0,0,1,0,1,0,1,1,0,0,0,0,0,0,0,0,0,0,1,0,1,0,0,0,0,1,0
0,0.9606698332671781,1.1854980267874233,1.425553291803953,0,1,1,0,1,0,1,1,0,0,1,0,0,0,0,0,0,0,1,0,1,1,0,1,0,1,0
0,-1.1172721918246462,-1.4734993575273791,-0.9648034224320142,0,0,0,0,1,0,0,0,1,1,0,1,0,1,0,1,0,1,0,1,0,0,0,0,1,0,0
0,-1.2395040756535771,-0.7422750768408084,-0.9753919350089177,1,0,0,0,0,1,0,0,0,0,1,0,1,0,0,0,0,0,0,0,1,0,0,1,0,1,0
0,-1.1987601143772668,-1.506736824831314,-0.9828921314175577,0,0,1,0,1,0,0,0,1,1,0,1,0,1,0,1,0,1,0,1,0,0,0,1,0,0,1
0,0.18653456901728277,0.08866160575756733,0.0706648699843415,0,1,0,0,1,0,1,0,0,0,1,0,1,0,1,0,1,0,0,0,0,1,0,0,0,1,0
0,-0.13941712119319946,0.12189907306150236,-0.13801706538546518,1,0,0,0,1,0,0,0,0,0,1,0,1,0,1,0,0,0,0,0,1,0,0,1,0,0,0
0,-0.9950403079957154,-0.7090376095368733,-0.8593594846870168,0,1,0,0,1,0,0,0,0,0,0,0,0,0,0,0,0,0,0,0,0,0,0,0,0,0,1
0,1.24587756220135,1.4846352325228385,2.082041071571971,0,0,0,0,1,0,1,1,0,0,0,0,1,0,1,0,1,0,1,0,1,0,0,1,1,0,0
0,-1.0357842692720256,-1.4734993575273791,-0.9374497649416802,0,0,1,1,1,0,0,0,1,1,0,1,0,1,0,1,0,1,0,1,0,0,0,0,0,0,1
0,-1.1987601143772668,1.0193106902677482,-0.8778893816965979,0,0,0,0,1,0,0,1,0,0,0,0,1,0,0,0,0,0,1,0,1,0,0,0,0,1,0
0,1.6125732136881425,-1.440261890223444,-0.34846375285142245,0,1,1,1,1,0,0,0,1,1,0,1,0,1,0,1,0,1,0,1,0,0,1,0,0,0,0
0,-0.5468567339563023,-0.276950534585718,-0.524938962466481,0,0,0,0,1,0,0,0,0,0,0,0,0,0,0,0,0,0,0,0,1,0,0,1,0,1,0
0,1.082901717096109,-1.539974292135249,-0.5408217313318362,0,0,1,0,1,0,0,0,1,1,0,1,0,1,0,1,0,1,0,1,0,0,1,0,0,0,0
0,-1.2395040756535771,0.853123353748073,-0.9233317481724755,1,1,1,1,1,0,0,1,0,0,0,0,0,0,1,0,1,0,0,0,1,0,0,0,1,0,0
0,0.10504664646466222,-1.3073120210077038,-0.6180296355384243,0,0,1,1,1,0,1,0,1,1,0,1,0,1,0,1,0,1,0,1,0,0,0,1,0,1,0
0,-0.7505765403378537,-1.506736824831314,-0.8748010655283345,0,1,0,0,1,0,0,0,1,1,0,1,0,1,0,1,0,1,0,1,0,0,0,0,1,0,0
0,-0.7505765403378537,0.35456134418904756,-0.5549397481010409,1,0,0,0,1,0,0,1,0,0,0,0,0,0,1,0,0,0,0,0,0,0,0,0,0,1,0
0,1.4903413298592119,-1.506736824831314,-0.37361147022156826,0,0,1,1,1,0,0,0,1,1,0,1,0,1,0,1,0,1,0,1,0,0,1,0,1,0,0
1,-1.0357842692720256,-0.011050796154237758,-0.7975931613217463,0,1,1,0,1,0,1,0,0,0,1,0,1,0,0,0,1,0,0,0,0,0,0,0,0,1,0
0,1.4903413298592119,0.35456134418904756,1.3699636007752096,0,1,1,1,1,0,0,0,0,0,1,0,1,0,1,0,1,0,1,0,0,0,1,1,0,0,0
0,1.6125732136881425,0.45427374610085264,1.5208499049960849,0,0,1,1,1,0,1,0,0,0,0,0,1,0,0,0,1,0,1,0,1,0,1,1,0,1,0
0,-0.9950403079957154,1.1854980267874233,-0.645824481052796,1,1,0,0,1,0,1,1,0,0,0,0,1,0,0,0,0,0,1,0,1,0,0,0,0,1,0
0,-1.1580161531009565,-0.47637533840932816,-0.911419671523459,0,0,1,1,1,0,0,0,0,0,1,0,0,0,0,0,0,0,0,0,0,0,0,0,0,1,0
0,1.24587756220135,0.5207486807087227,1.1528990929486878,0,1,1,1,1,0,0,1,0,0,0,0,1,0,1,0,0,0,0,0,0,0,0,1,1,0,0
0,1.6125732136881425,-1.506736824831314,-0.37449384626964355,0,1,0,0,1,0,0,0,1,1,0,1,0,1,0,1,0,1,0,1,0,0,1,0,0,0,0
0,0.5532302205040753,-1.440261890223444,-0.5937642942163538,0,0,0,0,1,0,0,0,1,1,0,1,0,1,0,1,0,1,0,1,0,0,1,1,0,1,0
0,-1.1172721918246462,0.1551365403654374,-0.861565424807205,1,0,1,0,1,0,0,1,0,0,0,0,0,0,0,0,0,0,0,0,0,0,0,0,0,1,0
0,-0.09867315991688919,-0.47637533840932816,-0.3568463253081377,0,1,1,0,1,0,0,0,0,0,0,0,0,0,1,0,0,0,0,0,0,0,0,1,0,0,1
0,1.24587756220135,1.3184478960031634,1.8764474523704278,0,1,0,0,1,0,1,1,0,0,0,0,1,0,1,0,0,0,1,0,1,0,1,1,0,0,0
0,1.1236456783724194,-1.506736824831314,-0.5094973816251633,0,0,0,0,1,0,0,0,1,1,0,1,0,1,0,1,0,1,0,1,0,0,1,0,0,0,0
0,1.24587756220135,1.4181602979149686,2.0251278164711146,1,0,1,0,1,0,1,1,0,0,0,0,1,0,1,0,0,0,1,0,1,1,0,1,0,1,0
0,-0.3023929662984406,0.6869360172283978,-0.03698500788084419,0,1,1,1,1,0,0,1,0,0,0,0,0,0,0,0,1,0,1,0,0,0,0,0,0,1,0
0,-1.2802480369298874,-0.6425626749290033,-0.9873040116579342,1,1,0,0,1,0,0,0,0,0,0,0,0,0,0,0,0,0,0,0,0,0,0,1,0,0,1
1,-1.076528230548336,0.5207486807087227,-0.805534545754424,0,1,1,0,1,0,1,1,0,0,0,0,0,0,1,0,0,0,0,0,0,0,0,1,0,1,0
0,-0.42462485012737144,-1.3073120210077038,-0.7574450511343205,0,1,0,0,1,0,1,0,1,1,0,1,0,1,0,1,0,1,0,1,0,0,1,0,0,0,1
0,-0.05792919864057891,0.5207486807087227,0.08301813465739559,0,0,1,1,1,0,1,0,0,0,0,0,1,0,0,0,1,0,1,0,1,0,1,0,0,0,0
0,0.2680224915699033,0.5539861480126578,0.3636137179453386,0,0,1,1,1,0,0,1,0,0,0,0,0,0,1,0,1,0,0,0,0,0,0,1,0,0,0
0,-0.26164900502213034,-1.4734993575273791,-0.7786220762881275,0,1,0,0,1,0,0,0,1,1,0,1,0,1,0,1,0,1,0,1,0,0,0,0,0,0,1
0,0.8384379494382472,1.3849228306110335,1.538056237933553,1,0,1,0,1,0,0,1,0,0,1,0,1,0,1,0,0,0,1,0,1,1,0,1,0,0,0
0,-1.2802480369298874,0.8863608210520081,-0.9670093625522025,1,0,0,0,1,0,0,1,0,0,0,0,1,0,0,0,1,0,1,0,0,0,0,0,0,1,0
0,-0.8320644628904743,0.08866160575756733,-0.6400890367403066,0,1,0,0,1,0,1,0,0,0,1,0,1,0,0,0,1,0,0,0,0,0,0,1,0,1,0
0,-0.6690886177852331,1.0193106902677482,-0.32111009536108837,1,0,0,0,1,0,1,1,0,0,0,0,1,0,1,0,0,0,0,0,1,0,0,1,1,0,0
0,-1.2395040756535771,-1.4734993575273791,-0.9873040116579342,0,0,0,0,1,0,0,0,1,1,0,1,0,1,0,1,0,1,0,1,0,0,0,0,0,0,1
0,0.2680224915699033,-0.6425626749290033,-0.21743090971224152,0,1,0,1,0,1,0,0,0,0,1,0,0,0,0,0,1,0,1,0,0,1,0,0,0,0,0
0,-1.2802480369298874,0.32132387688511255,-0.9745095589608425,1,1,0,0,1,0,1,1,0,0,0,0,0,0,0,0,0,0,0,0,0,0,0,1,0,1,0
0,-1.0357842692720256,-1.0081748152722887,-0.8986252188263674,0,0,1,1,0,1,0,0,0,0,1,0,0,0,0,0,1,0,0,0,0,0,0,0,0,0,1
1,-1.1580161531009565,0.1551365403654374,-0.8920073984658027,0,1,0,0,1,0,0,1,0,0,0,0,0,0,0,0,0,0,0,0,0,0,0,0,0,1,0
1,-0.9135523854430948,1.0193106902677482,-0.610970627153822,1,1,0,0,1,0,1,1,0,0,0,0,0,0,0,0,0,0,1,0,1,0,0,1,0,1,0
0,0.9199258719908678,0.5539861480126578,0.9821593276461187,0,0,0,0,1,0,0,1,0,0,0,0,1,0,1,0,0,0,0,0,0,0,0,1,0,1,0
0,1.6125732136881425,0.35456134418904756,1.4105528989866731,0,1,1,1,1,0,0,0,0,0,0,0,1,0,1,0,0,0,1,0,1,0,1,1,0,0,0
0,-0.9135523854430948,0.08866160575756733,-0.7190616930430453,0,0,1,0,1,0,0,0,0,0,0,0,0,0,1,0,0,0,1,0,1,0,0,1,1,0,0
1,-0.8728084241667845,1.5511101671307086,-0.4852320403030928,0,1,0,0,1,0,1,1,0,0,0,0,1,0,1,0,1,0,1,0,1,0,0,1,0,1,0
0,-0.7098325790615434,-0.6093252076250683,-0.7252383253795723,0,0,1,1,1,0,0,0,0,0,0,0,0,0,0,0,0,0,0,0,0,0,0,0,0,1,0
0,-0.38388088885106114,-1.4734993575273791,-0.7962695972496334,0,0,1,1,1,0,0,0,1,1,0,1,0,1,0,1,0,1,0,1,0,0,1,0,0,0,0
0,-1.2802480369298874,-1.4734993575273791,-0.9983337122588753,0,1,0,1,1,0,0,0,1,1,0,1,0,1,0,1,0,1,0,1,0,0,0,0,0,0,1
1,-1.1987601143772668,-0.6425626749290033,-0.9511265936868473,1,0,0,0,1,0,0,0,0,0,0,0,0,0,0,0,0,0,0,0,0,0,0,0,0,1,0
0,0.5939741817803856,1.052548157571683,0.9300991408096764,0,1,1,1,1,0,0,1,0,0,1,0,1,0,1,0,0,0,0,0,1,1,0,1,0,1,0
0,-0.7098325790615434,-1.506736824831314,-0.8880367062494638,0,0,0,1,1,0,0,0,1,1,0,1,0,1,0,1,0,1,0,1,0,1,0,0,0,0,1
0,1.368109446030281,1.1522605594834883,1.9532141685529782,1,1,0,0,1,0,0,1,0,0,0,0,1,0,1,0,0,0,1,0,1,0,0,0,0,1,0
1,1.4495973685829016,-0.14400066536997788,0.7465649228100155,0,0,1,0,1,0,0,0,0,0,0,0,1,0,1,0,1,0,0,0,0,1,0,1,0,0,0
0,-0.6283446565089229,1.1190230921795532,-0.2553730797794791,1,0,1,1,1,0,0,1,0,0,0,0,0,0,1,0,1,0,1,0,1,1,0,0,0,0,0
0,-1.0357842692720256,-0.1772381326739129,-0.8240644427640051,1,0,0,0,1,0,0,0,0,0,0,0,0,0,0,0,1,0,1,0,0,0,0,1,0,0,1
1,-0.8320644628904743,0.5207486807087227,-0.5880288499038644,1,1,1,0,1,0,0,1,0,0,0,0,0,0,0,0,0,0,0,0,1,0,0,1,0,1,0
1,-0.46536881140368175,0.22161147497330744,-0.3466990007552719,0,0,1,0,1,0,1,0,0,0,0,0,1,0,1,0,0,0,0,0,1,1,0,0,0,0,0
0,-0.46536881140368175,-0.9416998806644186,-0.6630308139902642,0,1,0,0,0,1,0,0,0,0,0,0,1,0,0,0,1,0,0,0,0,0,0,1,0,0,1
0,0.9606698332671781,0.022186671149697273,0.5422948676805853,0,0,1,1,1,0,1,0,0,0,1,0,0,0,0,0,0,0,1,0,0,1,0,0,0,0,0
0,-1.076528230548336,-0.5428502730171982,-0.8867131421773509,0,0,1,1,1,0,1,0,0,0,0,0,0,0,0,0,0,0,0,0,0,0,0,1,1,0,0
1,1.3273654847539706,-0.3766629364975231,0.5445008078007736,0,0,0,0,0,1,0,0,0,0,0,0,1,0,1,0,0,0,1,0,1,0,1,1,0,0,0
0,0.3902543753988342,0.5207486807087227,0.4818521083874278,0,1,1,0,1,0,1,0,0,0,1,0,0,0,0,0,1,0,1,0,1,1,0,0,1,0,0
0,1.4495973685829016,1.4846352325228385,2.30528221173502,0,0,1,1,1,0,1,1,0,0,1,0,0,0,1,0,1,0,1,0,1,0,1,1,0,0,0
0,0.6347181430566958,-1.2740745537037688,-0.4578783828127587,0,1,1,1,1,0,1,0,1,1,0,1,0,1,0,1,0,1,0,1,0,0,1,0,0,0,0
1,0.7162060656093164,1.3849228306110335,1.3518748917896661,0,0,0,0,1,0,1,1,0,0,0,0,1,0,0,0,1,0,1,0,1,1,0,1,0,1,0
1,-1.0357842692720256,-0.011050796154237758,-0.7896517768890687,0,0,0,0,1,0,0,0,0,0,0,0,1,0,1,0,0,0,1,0,0,0,0,1,0,1,0
0,1.24587756220135,-1.506736824831314,-0.4499369983800811,0,0,1,1,1,0,0,0,1,1,0,1,0,1,0,1,0,1,0,1,0,0,1,0,0,1,0
0,-0.6283446565089229,-1.440261890223444,-0.8373000834851345,0,1,0,0,1,0,0,0,1,1,0,1,0,1,0,1,0,1,0,1,0,0,0,0,1,0,0
0,0.3902543753988342,0.42103627879691763,0.48582280060376665,1,0,1,1,1,0,0,1,0,0,0,0,0,0,0,0,0,0,1,0,0,0,0,1,1,0,0
0,-1.1580161531009565,-1.539974292135249,-0.970097678720466,0,1,1,1,1,0,0,0,1,1,0,1,0,1,0,1,0,1,0,1,0,0,0,0,0,0,1
0,1.2051336009250397,-1.2740745537037688,-0.28449148936596375,0,0,0,1,1,0,1,0,1,1,0,1,0,1,0,1,0,1,0,1,0,0,1,0,0,0,0
1,-1.2395040756535771,0.32132387688511255,-0.9343614487734166,1,1,0,0,1,0,0,1,0,0,0,0,1,0,0,0,0,0,0,0,0,0,0,1,0,1,0
0,-1.2395040756535771,0.18837400766937243,-0.9542149098551107,0,0,1,0,1,0,0,1,0,0,0,0,0,0,0,0,0,0,0,0,0,0,0,1,0,1,0
0,0.6347181430566958,1.052548157571683,0.9662765587807634,0,1,1,0,1,0,1,1,0,0,1,0,1,0,1,0,0,0,1,0,0,0,1,1,0,0,0
0,-0.22090504374582004,-1.506736824831314,-0.7777397002400522,0,1,1,0,1,0,0,0,1,1,0,1,0,1,0,1,0,1,0,1,0,0,1,0,0,0,0
0,1.5310852911355222,0.5207486807087227,1.5151144606835953,0,0,1,1,1,0,0,0,0,0,0,0,1,0,1,0,1,0,1,0,1,0,1,1,0,0,0
1,-1.2802480369298874,0.7866484191402029,-0.9683329266243155,1,1,0,0,1,0,1,1,0,0,0,0,0,0,1,0,0,0,1,0,0,0,0,1,0,1,0
0,0.5532302205040753,0.9860732229638132,0.8952452869107024,0,1,1,0,1,0,1,1,0,0,0,0,1,0,1,0,0,0,1,0,0,1,0,1,0,1,0
0,-0.09867315991688919,0.853123353748073,0.20831553348408713,1,1,0,0,1,0,0,1,0,0,0,0,0,0,0,0,0,0,1,0,1,0,0,1,0,1,0
0,-0.7098325790615434,-0.011050796154237758,-0.5686165768462079,1,0,0,0,1,0,1,0,0,0,1,0,0,0,0,0,0,0,0,0,1,0,0,1,0,0,0
0,1.4903413298592119,1.0193106902677482,1.8654177517694868,0,1,1,1,1,0,1,1,0,0,0,0,1,0,1,0,0,0,1,0,0,1,0,0,1,0,0
0,1.3273654847539706,-1.506736824831314,-0.46979045946177517,0,1,0,0,1,0,0,0,1,1,0,1,0,1,0,1,0,1,0,1,0,0,1,1,1,0,0
1,1.6125732136881425,1.3184478960031634,2.2783697422687235,0,1,1,1,1,0,0,1,0,0,1,0,0,0,1,0,1,0,1,0,1,0,1,1,1,0,0
1,-0.791320501614164,0.819885886444138,-0.49140867263961985,1,1,1,0,1,0,0,1,0,0,0,0,1,0,0,0,1,0,0,0,1,0,0,1,0,0,0
0,-0.6283446565089229,-1.4734993575273791,-0.884066014033125,0,1,0,0,1,0,0,0,1,1,0,1,0,1,0,1,0,1,0,1,0,1,0,1,0,0,1
0,0.7569500268856267,1.5511101671307086,1.5164380247557083,0,1,1,0,1,0,1,1,0,0,1,0,0,0,1,0,1,0,1,0,1,1,0,1,0,1,0
0,0.7569500268856267,-0.14400066536997788,0.3697903502818657,0,1,1,1,1,0,0,0,0,0,1,0,1,0,0,0,1,0,0,0,0,0,1,0,1,0,0
0,1.6125732136881425,0.853123353748073,1.8464466667358679,0,0,1,0,1,0,1,0,0,0,1,0,1,0,1,0,1,0,1,0,1,0,1,1,0,0,0
0,1.4088534073065913,0.7534109518362679,1.6037932535151622,1,1,1,1,1,0,1,1,0,0,0,0,1,0,1,0,0,0,0,0,0,1,0,0,0,1,0
0,0.06430268518835193,-1.506736824831314,-0.7093555565142171,0,1,0,0,1,0,0,0,1,1,0,1,0,1,0,1,0,1,0,1,0,0,0,0,0,0,1
0,1.4088534073065913,-0.47637533840932816,0.5462655598969242,0,1,1,0,0,1,0,0,0,0,1,0,1,0,0,0,1,0,0,0,1,0,1,1,0,0,0
0,0.6754621043330061,-1.4734993575273791,-0.5999409265528808,0,0,1,0,1,0,0,0,1,1,0,1,0,1,0,1,0,1,0,1,0,1,0,1,0,0,0
0,0.8384379494382472,-1.506736824831314,-0.517438766057841,0,1,1,1,1,0,0,0,1,1,0,1,0,1,0,1,0,1,0,1,0,0,1,1,0,0,1
0,-0.22090504374582004,-0.1772381326739129,-0.2964035660149802,0,1,0,0,1,0,1,0,0,0,0,0,0,0,1,0,1,0,0,0,0,0,0,0,0,1,0
1,-0.38388088885106114,0.9860732229638132,0.00448666637869456,1,0,0,0,1,0,0,1,0,0,0,0,1,0,0,0,0,0,1,0,1,0,0,1,0,1,0
0,1.4903413298592119,0.5539861480126578,1.4427596247414214,0,1,0,0,1,0,1,0,0,0,1,0,1,0,1,0,1,0,0,0,1,0,1,1,1,0,0
0,-1.2395040756535771,-1.1743621517919638,-0.9877451996819718,0,0,1,1,0,1,0,0,0,0,0,0,0,0,0,0,1,0,0,0,0,0,0,0,0,0,0
0,0.10504664646466222,0.7201734845323329,0.32920105207040223,1,0,0,0,1,0,1,1,0,0,0,0,0,0,0,0,0,0,1,0,0,0,0,1,0,1,0
0,0.5532302205040753,0.18837400766937243,0.41832103292600675,0,0,1,0,1,0,0,0,0,0,1,0,1,0,0,0,1,0,0,0,1,1,0,0,0,0,1
0,0.8791819107145575,1.0857856248756181,1.2556959025494594,0,0,0,0,1,0,1,1,0,0,0,0,1,0,0,0,0,0,1,0,1,0,1,1,0,0,0
0,0.9606698332671781,1.1190230921795532,1.4229061636597273,1,0,1,0,1,0,1,1,0,0,0,0,1,0,0,0,0,0,1,0,1,1,0,1,0,1,0
0,-0.9542963467194051,0.35456134418904756,-0.7181793169949701,1,0,1,0,1,0,0,1,0,0,0,0,0,0,1,0,0,0,0,0,0,0,0,1,0,0,0
0,-0.506112772679992,-0.1772381326739129,-0.4817025361107916,0,1,0,0,1,0,1,0,0,0,1,0,0,0,0,0,1,0,0,0,0,0,0,0,0,0,0
0,-0.8728084241667845,0.35456134418904756,-0.6250886439230267,0,1,0,0,1,0,0,1,0,0,0,0,1,0,0,0,0,0,0,0,0,0,0,1,0,0,1
1,-0.09867315991688919,0.853123353748073,0.15184346640726842,0,0,1,0,1,0,1,1,0,0,0,0,1,0,0,0,0,0,1,0,0,0,0,1,0,1,0
0,1.4495973685829016,0.18837400766937243,1.0845149492228525,0,1,1,0,1,0,0,0,0,0,1,0,1,0,1,0,0,0,0,0,1,0,1,0,0,0,0
1,0.22727853029359305,1.2519729613952935,0.7615653156272956,0,1,1,0,1,0,1,1,0,0,0,0,1,0,1,0,0,0,1,0,1,0,0,1,0,1,0
1,-0.6283446565089229,0.6869360172283978,-0.3616993935725518,1,0,1,0,1,0,1,1,0,0,1,0,0,0,1,0,0,0,0,0,0,0,0,1,0,0,0
0,0.6347181430566958,1.3849228306110335,1.23496006541969,1,1,0,0,1,0,1,1,0,0,0,0,1,0,1,0,0,0,1,0,1,1,0,1,1,0,0
0,-1.2802480369298874,-0.7090376095368733,-0.9881863877060095,0,0,0,0,1,0,0,0,0,0,0,0,0,0,0,0,0,0,0,0,0,0,0,0,0,1,0
0,1.24587756220135,-0.1772381326739129,0.6283265323679263,0,1,1,1,0,1,0,0,0,0,1,0,1,0,1,0,0,0,1,0,1,0,1,0,0,1,0
0,-1.1987601143772668,0.1551365403654374,-0.9100961074513462,0,0,0,0,1,0,0,0,0,0,0,0,0,0,1,0,0,0,1,0,1,1,0,1,0,1,0
0,0.6347181430566958,-1.340549488311639,-0.5072914415049751,0,0,0,0,1,0,1,0,1,1,0,1,0,1,0,1,0,1,0,1,0,1,0,0,0,0,0
0,1.368109446030281,-1.1743621517919638,-0.13228162107297578,0,1,0,0,0,1,0,0,0,0,0,0,0,0,0,0,1,0,0,0,0,1,0,0,1,0,0
0,1.4495973685829016,0.6536985499244629,1.5279089133806871,0,0,1,1,1,0,1,1,0,0,0,0,1,0,1,0,0,0,0,0,0,0,1,1,1,0,0
1,-0.6283446565089229,-0.6425626749290033,-0.6674426942306407,1,1,0,0,1,0,0,0,0,0,0,0,0,0,0,0,0,0,0,0,0,0,0,1,0,1,0
0,-1.0357842692720256,-1.4734993575273791,-0.9480382775185837,0,0,1,1,1,0,0,0,1,1,0,1,0,1,0,1,0,1,0,1,0,1,0,0,0,0,1
0,1.6125732136881425,0.7534109518362679,1.7414439170149079,0,1,1,0,1,0,1,0,0,0,1,0,1,0,1,0,1,0,1,0,1,0,1,1,0,0,0
0,-0.13941712119319946,-1.506736824831314,-0.754356734966057,0,0,1,0,1,0,0,0,1,1,0,1,0,1,0,1,0,1,0,1,0,0,0,0,0,0,1
0,0.18653456901728277,0.853123353748073,0.5012643814450842,0,1,1,0,1,0,0,1,0,0,0,0,0,0,1,0,1,0,0,0,1,0,0,1,0,1,0
0,0.06430268518835193,1.4846352325228385,0.5753839694834089,1,0,0,0,1,0,1,1,0,0,1,0,1,0,1,0,0,0,1,0,1,0,0,1,0,0,1
1,0.3902543753988342,0.6536985499244629,0.5550893203776771,1,0,0,0,1,0,1,1,0,0,0,0,0,0,0,0,0,0,1,0,0,0,0,1,0,1,0
0,1.082901717096109,0.022186671149697273,0.6697982066274651,0,0,1,1,1,0,1,0,0,0,1,0,1,0,0,0,1,0,0,0,0,1,0,0,0,0,1
0,-0.8728084241667845,0.4875112134047877,-0.6242062678749514,1,1,1,1,1,0,0,1,0,0,0,0,0,0,0,0,0,0,1,0,0,0,0,1,0,0,0
1,1.1236456783724194,0.5207486807087227,1.1365751360592948,0,1,1,1,1,0,1,1,0,0,1,0,0,0,0,0,0,0,0,0,0,0,0,1,0,1,0
0,-0.22090504374582004,-0.276950534585718,-0.37228790614945534,0,0,0,0,1,0,0,0,0,0,0,0,1,0,0,0,1,0,0,0,0,0,0,1,0,0,1
0,-1.2802480369298874,0.6869360172283978,-0.9696564906964283,1,0,0,0,1,0,1,1,0,0,0,0,0,0,0,0,0,0,0,0,1,0,0,0,0,0,1
1,-1.2802480369298874,0.4875112134047877,-0.9723036188406543,1,1,0,0,1,0,0,1,0,0,0,0,0,0,0,0,0,0,1,0,0,0,0,1,0,1,0
0,-0.6283446565089229,-1.0081748152722887,-0.7459741625093417,0,1,1,0,0,1,0,0,0,0,1,0,0,0,1,0,0,0,0,0,0,0,0,0,0,0,1
0,1.0421577558197987,-1.4734993575273791,-0.4843496642550175,0,1,1,0,1,0,0,0,1,1,0,1,0,1,0,1,0,1,0,1,0,0,1,0,0,0,1
0,-1.2802480369298874,-1.539974292135249,-0.9992160883069506,0,1,1,1,1,0,0,0,1,1,0,1,0,1,0,1,0,1,0,1,0,1,0,0,0,0,1
0,-1.1987601143772668,-0.6758001422329384,-0.9480382775185837,1,0,1,1,1,0,0,0,0,0,0,0,0,0,0,0,0,0,0,0,0,0,0,0,0,0,1
0,0.8384379494382472,0.853123353748073,1.163928793549629,0,0,0,0,1,0,1,1,0,0,1,0,1,0,1,0,0,0,0,0,0,0,0,0,0,1,0
0,0.10504664646466222,-1.3073120210077038,-0.609647063081709,0,1,0,0,1,0,1,0,1,1,0,1,0,1,0,1,0,1,0,1,0,0,0,1,0,1,0
0,0.7162060656093164,1.3516853633070984,1.3492277636454404,1,1,1,1,1,0,1,1,0,0,1,0,0,0,1,0,0,0,1,0,1,0,0,0,1,0,0
0,1.4495973685829016,0.18837400766937243,1.1365751360592948,0,1,1,1,1,0,1,0,0,0,0,0,1,0,0,0,1,0,0,0,1,0,1,0,1,0,0
0,0.5939741817803856,-1.3073120210077038,-0.5046443133607492,0,1,1,0,1,0,1,0,1,1,0,1,0,1,0,1,0,1,0,1,0,0,0,0,0,1,0
1,1.3273654847539706,1.4513977652189036,2.1173361134949826,0,0,1,0,1,0,1,1,0,0,0,0,1,0,1,0,0,0,1,0,1,0,0,1,0,0,0
0,-1.1172721918246462,0.1551365403654374,-0.864212552951431,1,1,0,0,1,0,0,1,0,0,0,0,0,0,0,0,0,0,0,0,0,0,0,1,0,1,0
0,0.7569500268856267,0.9860732229638132,1.1158392989295254,1,1,1,0,1,0,1,1,0,0,0,0,0,0,0,0,0,0,1,0,1,0,0,1,0,1,0
0,0.5532302205040753,1.052548157571683,0.9336286450019776,1,0,0,0,1,0,1,1,0,0,0,0,0,0,0,0,0,0,1,0,1,0,0,0,0,0,0
0,-0.9542963467194051,0.3877988114929826,-0.7146498128026688,0,0,0,0,1,0,1,1,0,0,0,0,0,0,0,0,0,0,0,0,0,0,0,1,0,1,0
0,-0.9950403079957154,-1.4734993575273791,-0.9303907565570778,0,0,0,0,1,0,0,0,1,1,0,1,0,1,0,1,0,1,0,1,0,0,1,0,0,0,1
0,-0.7505765403378537,-1.340549488311639,-0.8655361170235438,0,1,0,0,1,0,1,0,1,1,0,1,0,1,0,1,0,1,0,1,0,1,0,1,1,0,0
0,0.512486259227765,1.6840600363464486,1.2539311504533088,0,0,0,0,1,0,1,1,0,0,1,0,1,0,1,0,1,0,1,0,1,0,0,1,0,1,0
0,-0.9950403079957154,0.32132387688511255,-0.7653864355669981,0,0,0,0,1,0,1,1,0,0,0,0,0,0,0,0,0,0,0,0,0,0,0,1,1,0,0
1,-1.2802480369298874,-0.47637533840932816,-0.985098071537746,1,1,0,1,1,0,0,0,0,0,0,0,0,0,1,0,0,0,0,0,0,0,0,1,0,0,1
0,1.368109446030281,1.2852104286992283,2.0948355242690626,0,1,1,1,1,0,0,1,0,0,1,0,1,0,1,0,0,0,1,0,1,1,0,1,0,0,0
0,1.6125732136881425,0.2548489422772425,1.2058416558332052,0,1,1,1,1,0,1,0,0,0,1,0,1,0,1,0,1,0,0,0,0,0,1,0,1,0,0
0,0.3495104141225239,1.6175851017385787,1.0196603096893186,1,0,1,0,1,0,1,1,0,0,1,0,1,0,1,0,1,0,1,0,1,0,0,1,0,0,0
0,-0.38388088885106114,-1.3073120210077038,-0.7375915900526264,0,0,1,1,1,0,1,0,1,1,0,1,0,1,0,1,0,1,0,1,0,0,1,0,0,0,1
0,-0.13941712119319946,0.45427374610085264,0.04463477656612037,1,0,0,0,1,0,0,1,0,0,0,0,0,0,0,0,0,0,1,0,0,0,0,1,0,1,0
0,-1.1580161531009565,0.5207486807087227,-0.8664184930716191,0,0,0,0,1,0,1,1,0,0,1,0,0,0,0,0,0,0,0,0,0,0,0,1,0,1,0
0,-1.076528230548336,-1.3073120210077038,-0.9396557050618685,0,1,1,1,1,0,1,0,1,1,0,1,0,1,0,1,0,1,0,1,0,0,1,0,0,0,1
1,1.4088534073065913,1.3516853633070984,2.0966002763652134,0,0,1,0,1,0,1,1,0,0,1,0,1,0,1,0,1,0,0,0,1,1,0,1,1,0,0
1,-1.0357842692720256,-0.6425626749290033,-0.855388792470678,0,1,0,1,1,0,0,0,0,0,0,0,0,0,0,0,0,0,0,0,0,0,0,1,0,0,1
0,0.9606698332671781,-1.340549488311639,-0.37581741034175653,0,1,1,1,1,0,1,0,1,1,0,1,0,1,0,1,0,1,0,1,0,1,0,1,0,0,1
0,1.6125732136881425,-1.3073120210077038,-0.19140081629402037,0,0,1,0,1,0,1,0,1,1,0,1,0,1,0,1,0,1,0,1,0,0,1,0,1,0,0
0,1.6125732136881425,0.6869360172283978,1.676589277481374,0,1,1,0,1,0,1,0,0,0,1,0,1,0,1,0,0,0,1,0,1,0,1,1,0,1,0
0,-0.38388088885106114,-1.506736824831314,-0.819211374499591,0,1,1,1,1,0,0,0,1,1,0,1,0,1,0,1,0,1,0,1,0,0,1,0,1,0,0
0,0.10504664646466222,-0.47637533840932816,-0.2769912929573238,0,0,0,1,1,0,1,0,0,0,0,0,0,0,0,0,0,0,0,0,0,0,0,0,0,0,1
1,-0.22090504374582004,0.18837400766937243,-0.14992914203448163,0,1,1,0,1,0,0,1,0,0,0,0,0,0,0,0,0,0,0,0,0,0,0,1,0,1,0
0,-0.26164900502213034,-0.14400066536997788,-0.294197625894792,1,0,1,1,1,0,1,0,0,0,0,0,1,0,0,0,1,0,0,0,0,0,0,1,0,1,0
0,-0.8320644628904743,-1.2740745537037688,-0.8686244331918074,0,1,1,1,1,0,1,0,1,1,0,1,0,1,0,1,0,1,0,1,0,1,0,0,0,0,1
0,0.3087664528462136,-1.4734993575273791,-0.6524423014133607,0,0,0,0,1,0,0,0,1,1,0,1,0,1,0,1,0,1,0,1,0,0,1,0,0,0,1
0,-1.0357842692720256,-0.21047559997784793,-0.8020050415621228,0,1,1,1,0,1,0,0,0,0,1,0,1,0,1,0,0,0,1,0,1,0,0,0,0,0,1
0,1.5310852911355222,1.0857856248756181,1.9351254595674348,0,1,1,1,1,0,1,1,0,0,1,0,1,0,0,0,0,0,1,0,0,0,0,1,1,0,0
0,1.1236456783724194,-1.506736824831314,-0.494938176831921,0,1,1,1,1,0,0,0,1,1,0,1,0,1,0,1,0,1,0,1,0,0,1,0,1,0,0
0,0.2680224915699033,-1.3073120210077038,-0.5893524139759773,0,1,1,1,0,1,0,0,0,0,0,0,0,0,0,0,0,0,0,0,0,1,0,1,1,0,0
0,1.6125732136881425,1.6508225690425138,2.6877922285756592,0,1,1,0,1,0,1,1,0,0,1,0,1,0,1,0,1,0,1,0,1,0,1,0,1,0,0
0,-1.2802480369298874,-1.0081748152722887,-0.9921570799223484,1,0,0,0,0,1,0,0,0,0,0,0,0,0,0,0,0,0,1,0,0,0,0,1,0,1,0
0,0.8791819107145575,0.18837400766937243,0.6561213778822981,0,1,1,1,1,0,1,0,0,0,0,0,1,0,0,0,1,0,1,0,0,1,0,1,0,1,0
0,-1.1987601143772668,0.6869360172283978,-0.8906838343936897,1,1,0,0,1,0,1,1,0,0,0,0,0,0,0,0,0,0,0,0,1,0,0,1,0,1,0
0,1.24587756220135,0.35456134418904756,1.0695145564055726,0,0,1,1,1,0,0,0,0,0,1,0,1,0,1,0,1,0,1,0,0,0,1,0,1,0,0
0,1.5718292524118322,0.6536985499244629,1.7070312511399715,0,1,1,1,1,0,1,1,0,0,0,0,1,0,0,0,1,0,0,0,0,0,1,1,0,1,0
0,0.3902543753988342,-1.4734993575273791,-0.5844993457115631,0,0,0,0,1,0,0,0,1,1,0,1,0,1,0,1,0,1,0,1,0,1,0,1,0,0,1
0,0.5939741817803856,-1.4734993575273791,-0.5911171660721279,0,1,0,0,1,0,0,0,1,1,0,1,0,1,0,1,0,1,0,1,0,0,1,0,0,0,0
0,1.368109446030281,1.2519729613952935,1.911301306269402,1,0,1,1,1,0,1,1,0,0,0,0,1,0,1,0,0,0,1,0,1,1,0,1,1,0,0
0,-0.46536881140368175,1.3184478960031634,-0.03654381985680654,1,0,1,0,1,0,1,1,0,0,1,0,0,0,1,0,0,0,1,0,1,0,0,1,0,0,0
0,-0.8728084241667845,-0.9749373479683536,-0.8196525625236286,0,1,0,0,0,1,0,0,0,0,0,0,1,0,0,0,1,0,0,0,0,0,0,1,0,1,0
0,-1.2802480369298874,1.1522605594834883,-0.9634798583599014,1,1,0,1,1,0,1,1,0,0,0,0,0,0,1,0,0,0,1,0,1,0,0,1,0,1,0
1,0.9199258719908678,0.853123353748073,1.2181949205062594,0,0,1,0,1,0,1,1,0,0,0,0,1,0,1,0,1,0,0,0,0,0,0,0,0,1,0
0,1.4903413298592119,1.0857856248756181,1.9677733733462206,0,1,0,0,1,0,1,1,0,0,0,0,1,0,1,0,1,0,1,0,0,0,1,1,1,0,0
1,-1.1987601143772668,0.2880864095811775,-0.9206846200282497,0,0,0,0,1,0,0,1,0,0,0,0,0,0,1,0,0,0,0,0,0,0,0,0,0,1,0
0,-1.1580161531009565,0.32132387688511255,-0.8752422535523721,1,1,0,0,1,0,0,0,0,0,0,0,0,0,1,0,1,0,1,0,1,0,0,1,0,1,0
1,-0.09867315991688919,0.1551365403654374,-0.08375093842883469,0,1,0,0,1,0,1,0,0,0,0,0,0,0,1,0,1,0,1,0,0,0,1,1,1,0,0
0,-1.1172721918246462,0.5872236153165927,-0.8231820667159299,0,0,0,0,1,0,1,1,0,0,0,0,0,0,1,0,1,0,0,0,0,0,0,1,0,1,0
0,1.5718292524118322,-1.340549488311639,-0.2461081312746885,0,0,1,0,1,0,1,0,1,1,0,1,0,1,0,1,0,1,0,1,0,0,1,1,1,0,0
0,-0.13941712119319946,-0.310188001889653,-0.29243287379864136,0,0,0,0,1,0,1,0,0,0,0,0,1,0,0,0,0,0,0,0,0,1,0,1,0,1,0
0,0.797693988161937,-0.11076319806604285,0.39096737543567267,0,1,1,0,1,0,1,0,0,0,0,0,1,0,0,0,1,0,0,0,0,0,0,0,0,0,0
0,1.4495973685829016,0.3877988114929826,1.3015794570493746,0,1,0,0,1,0,1,0,0,0,1,0,1,0,1,0,0,0,0,0,1,1,0,0,1,0,0
0,0.5532302205040753,-1.506736824831314,-0.5805286534952244,0,0,1,1,1,0,0,0,1,1,0,1,0,1,0,1,0,1,0,1,0,0,1,0,0,0,1
0,-0.9950403079957154,-0.3434254691935881,-0.8139171182111392,0,1,0,0,1,0,0,0,0,0,0,0,0,0,0,0,0,0,0,0,1,0,0,1,1,0,0
0,1.6125732136881425,-1.506736824831314,-0.38022929058213295,0,1,1,0,1,0,0,0,1,1,0,1,0,1,0,1,0,1,0,1,0,0,1,0,1,0,0
0,-0.6283446565089229,-1.506736824831314,-0.8646537409754685,0,0,0,0,1,0,0,0,1,1,0,1,0,1,0,1,0,1,0,1,0,1,0,0,0,0,0
0,-1.1987601143772668,1.4181602979149686,-0.8668596810956568,0,1,0,0,1,0,0,1,0,0,0,0,1,0,1,0,1,0,1,0,1,0,0,1,0,1,0
1,-1.2395040756535771,0.6204610826205278,-0.9352438248214919,0,0,0,0,1,0,0,1,0,0,0,0,1,0,0,0,0,0,1,0,0,0,0,1,0,0,0
0,-0.9542963467194051,0.32132387688511255,-0.7252383253795723,1,0,0,0,1,0,0,1,0,0,1,0,0,0,0,0,0,0,0,0,0,0,0,1,1,0,0
0,0.7569500268856267,-0.276950534585718,0.28464106164259995,0,0,0,0,0,1,0,0,0,0,0,0,1,0,1,0,0,0,1,0,1,1,0,1,1,0,0
0,-1.076528230548336,-1.4734993575273791,-0.9630386703358637,0,0,1,1,1,0,0,0,1,1,0,1,0,1,0,1,0,1,0,1,0,0,1,0,0,0,1
0,-1.1987601143772668,0.9860732229638132,-0.8867131421773509,0,0,1,0,1,0,1,1,0,0,0,0,0,0,0,0,0,0,1,0,1,0,0,0,0,1,0
1,-0.6283446565089229,0.9860732229638132,-0.2977271300870931,0,0,0,0,1,0,1,1,0,0,0,0,0,0,0,0,0,0,1,0,1,0,0,1,0,1,0
0,-0.09867315991688919,-0.5096128057132632,-0.37140553010138005,0,1,1,0,1,0,1,0,0,0,0,0,0,0,0,0,0,0,0,0,0,0,0,0,0,1,0
0,-0.05792919864057891,0.22161147497330744,-0.050661836626011224,0,1,0,0,1,0,1,0,0,0,0,0,1,0,0,0,1,0,1,0,0,0,0,1,0,1,0
0,0.512486259227765,0.5539861480126578,0.5890607982285758,0,0,0,0,1,0,0,0,0,0,1,0,0,0,1,0,1,0,1,0,1,0,1,0,0,0,0
0,1.2866215234776603,0.819885886444138,1.5040847600826541,0,1,1,0,1,0,1,1,0,0,1,0,1,0,1,0,0,0,0,0,0,1,0,0,0,0,0
0,-1.2802480369298874,-0.1772381326739129,-0.9811273793214071,1,1,0,0,1,0,1,0,0,0,0,0,0,0,0,0,0,0,1,0,0,0,0,1,0,1,0
1,-1.2802480369298874,0.1551365403654374,-0.9767154990810307,1,0,0,0,1,0,0,1,0,0,0,0,0,0,0,0,0,0,0,0,0,0,0,1,0,1,0
1,1.1643896396487294,1.1522605594834883,1.6262938427410822,0,1,1,1,1,0,1,1,0,0,0,0,1,0,0,0,0,0,1,0,1,1,0,0,0,1,0
0,-1.2802480369298874,-1.506736824831314,-0.998774900282913,0,1,0,0,1,0,0,0,1,1,0,1,0,1,0,1,0,1,0,1,0,0,0,0,0,0,1
0,-0.9542963467194051,-0.6425626749290033,-0.8227408786918922,1,1,0,0,0,1,0,0,0,0,0,0,0,0,0,0,0,0,1,0,1,0,0,1,0,1,0
0,1.6125732136881425,1.6508225690425138,2.5664655219653065,0,1,1,1,1,0,1,1,0,0,1,0,1,0,1,0,1,0,1,0,1,0,1,0,0,0,0
0,-1.2802480369298874,-1.506736824831314,-0.998774900282913,1,0,0,0,1,0,0,0,1,1,0,1,0,1,0,1,0,1,0,1,0,0,0,0,0,0,1
0,-1.0357842692720256,-0.6758001422329384,-0.8690656212158451,0,0,1,0,1,0,0,0,0,0,0,0,0,0,0,0,0,0,0,0,0,0,0,1,0,0,1
0,1.368109446030281,0.853123353748073,1.6973251146111432,0,0,1,0,1,0,1,1,0,0,0,0,1,0,1,0,1,0,0,0,0,1,0,1,0,0,0
0,-1.2802480369298874,0.1551365403654374,-0.9767154990810307,1,1,0,0,1,0,0,1,0,0,0,0,0,0,0,0,0,0,0,0,0,0,0,1,0,1,0
0,0.3087664528462136,-1.4734993575273791,-0.6784723948315818,0,1,1,1,1,0,0,0,1,1,0,1,0,1,0,1,0,1,0,1,0,0,0,1,0,0,0
0,-0.6690886177852331,0.22161147497330744,-0.472437587606001,0,1,0,0,1,0,1,0,0,0,0,0,1,0,1,0,0,0,0,0,1,0,0,1,0,0,0
0,-1.2395040756535771,0.7534109518362679,-0.9264200643407391,1,0,0,0,1,0,0,1,0,0,0,0,1,0,0,0,0,0,1,0,0,0,0,1,0,0,0
0,1.4088534073065913,-1.340549488311639,-0.3087568306880343,0,1,1,0,1,0,1,0,1,1,0,1,0,1,0,1,0,1,0,1,0,0,1,0,1,0,0
0,0.3495104141225239,1.3184478960031634,0.8290670833050554,0,0,1,0,1,0,0,1,0,0,1,0,1,0,1,0,0,0,1,0,1,1,0,1,0,0,0
0,0.9606698332671781,-1.506736824831314,-0.5134680738415022,0,0,1,1,1,0,0,0,1,1,0,1,0,1,0,1,0,1,0,1,0,0,1,1,1,0,0
0,1.6125732136881425,1.7172975036503837,2.528082163874031,0,0,0,0,1,0,1,1,0,0,1,0,1,0,1,0,1,0,1,0,1,0,1,1,0,0,0
0,-1.1987601143772668,0.6536985499244629,-0.8906838343936897,1,0,1,1,1,0,1,1,0,0,0,0,0,0,0,0,0,0,0,0,1,0,0,1,0,0,0
0,0.8791819107145575,-1.4734993575273791,-0.5209682702501421,0,0,1,0,1,0,0,0,1,1,0,1,0,1,0,1,0,1,0,1,0,0,1,0,1,0,0
1,0.797693988161937,1.5178726998267735,1.5658510834479247,0,1,0,0,1,0,1,1,0,0,0,0,1,0,1,0,1,0,1,0,1,0,0,1,0,1,0
0,0.7162060656093164,0.819885886444138,0.8917157827184012,0,0,0,0,1,0,0,1,0,0,0,0,0,0,1,0,1,0,0,0,1,0,1,1,0,0,0
0,-0.7505765403378537,0.819885886444138,-0.487437980423281,1,1,0,0,1,0,1,1,0,0,0,0,0,0,0,0,1,0,1,0,0,0,0,1,0,1,0
0,-0.22090504374582004,-0.5428502730171982,-0.38022929058213295,0,1,1,0,1,0,0,0,0,0,1,0,0,0,0,0,0,0,0,0,0,1,0,0,1,0,0
1,1.6125732136881425,1.052548157571683,2.004833167365383,0,0,1,0,1,0,1,1,0,0,1,0,1,0,1,0,1,0,0,0,0,0,1,1,0,0,0
0,1.2051336009250397,0.32132387688511255,1.0655438641892339,0,1,0,0,1,0,0,0,0,0,1,0,1,0,0,0,0,0,1,0,1,1,0,1,1,0,0
0,-0.8320644628904743,-0.3434254691935881,-0.7186205050190076,0,0,0,0,1,0,0,0,0,0,0,0,1,0,0,0,1,0,0,0,0,0,0,1,0,1,0
1,0.4717422979514547,0.32132387688511255,0.4346449898153997,0,0,0,0,1,0,0,0,0,0,0,0,0,0,1,0,1,0,1,0,1,1,0,0,0,0,0
0,0.8791819107145575,0.4875112134047877,0.9173046881125847,0,1,1,1,1,0,0,1,0,0,0,0,1,0,0,0,1,0,0,0,0,0,1,1,0,0,0
0,1.4495973685829016,-1.4734993575273791,-0.3956708714234506,0,0,0,0,1,0,0,0,1,1,0,1,0,1,0,1,0,1,0,1,0,0,1,0,0,0,0
0,-0.506112772679992,-1.506736824831314,-0.8240644427640051,0,1,0,0,1,0,0,0,1,1,0,1,0,1,0,1,0,1,0,1,0,0,0,0,0,0,1
0,0.7162060656093164,-0.3434254691935881,0.14610802209477902,0,1,1,1,1,0,1,0,0,0,0,0,0,0,1,0,0,0,0,0,0,1,0,0,0,0,0
0,1.0421577558197987,-1.340549488311639,-0.3396399923706695,0,1,0,0,1,0,1,0,1,1,0,1,0,1,0,1,0,1,0,1,0,0,1,1,1,0,0
0,0.10504664646466222,0.819885886444138,0.38743787124337153,0,1,1,1,1,0,1,1,0,0,0,0,1,0,0,0,0,0,1,0,0,0,0,1,0,0,0
0,-1.2395040756535771,-0.6425626749290033,-0.9718624308166166,0,0,0,0,1,0,0,0,0,0,0,0,0,0,0,0,0,0,0,0,0,0,0,1,0,1,0
0,1.24587756220135,0.35456134418904756,1.0558377276604056,0,1,1,1,1,0,1,0,0,0,1,0,0,0,1,0,1,0,0,0,1,0,1,0,0,0,1
0,1.0421577558197987,1.5178726998267735,1.8720355721300515,0,0,1,0,1,0,1,1,0,0,1,0,1,0,1,0,0,0,1,0,1,1,0,1,1,0,0
0,-0.22090504374582004,-1.4734993575273791,-0.7499448547256805,0,0,1,1,1,0,0,0,1,1,0,1,0,1,0,1,0,1,0,1,0,1,0,1,0,0,1
0,1.5718292524118322,1.6840600363464486,2.5567593854364783,0,0,1,0,1,0,1,1,0,0,1,0,1,0,1,0,1,0,1,0,1,0,1,1,1,0,0
0,1.24587756220135,-0.21047559997784793,0.5383241754642465,0,0,0,0,1,0,0,0,0,0,0,0,0,0,1,0,0,0,0,0,1,1,0,0,1,0,0
0,1.5718292524118322,0.9528357556598781,1.9351254595674348,0,1,1,0,1,0,1,1,0,0,0,0,1,0,1,0,0,0,0,0,1,0,0,1,0,0,0
1,0.3495104141225239,1.6175851017385787,1.061573171972895,1,0,0,0,1,0,1,1,0,0,1,0,1,0,1,0,0,0,1,0,1,0,0,1,0,1,0
1,-0.791320501614164,0.853123353748073,-0.47729065587041514,1,1,0,0,1,0,0,1,0,0,0,0,0,0,0,0,0,0,1,0,1,0,0,1,0,1,0
0,-1.2395040756535771,0.4875112134047877,-0.9440675853022449,1,1,0,0,1,0,0,1,0,0,0,0,0,0,0,0,0,0,1,0,0,0,0,0,0,1,0
0,1.4495973685829016,-1.506736824831314,-0.4371425456829893,0,0,1,1,1,0,0,0,1,1,0,1,0,1,0,1,0,1,0,1,0,0,1,1,0,0,0
0,-1.2802480369298874,-0.5428502730171982,-0.9859804475858213,0,1,1,1,1,0,0,0,0,0,1,0,0,0,0,0,0,0,0,0,0,0,0,1,0,0,1
1,1.3273654847539706,1.4846352325228385,2.1288070021199617,0,1,0,0,1,0,1,1,0,0,1,0,0,0,1,0,1,0,1,0,1,0,1,1,0,1,0
1,1.6125732136881425,-1.3073120210077038,-0.21213665342378976,0,1,1,0,1,0,1,0,1,1,0,1,0,1,0,1,0,1,0,1,0,0,1,1,0,0,0
0,-0.18016108246950976,-0.3434254691935881,-0.3431694965629707,0,0,0,0,1,0,1,0,0,0,0,0,0,0,0,0,1,0,0,0,0,0,0,1,1,0,0
0,1.6125732136881425,-1.340549488311639,-0.18698893605364392,0,1,1,1,1,0,1,0,1,1,0,1,0,1,0,1,0,1,0,1,0,0,1,0,1,0,0
0,-1.2395040756535771,0.8863608210520081,-0.9330378847013038,0,0,0,0,1,0,0,1,0,0,1,0,1,0,0,0,0,0,1,0,0,0,0,1,0,1,0
0,-0.5876006952326126,-1.4734993575273791,-0.8350941433649463,1,0,0,1,1,0,0,0,1,1,0,1,0,1,0,1,0,1,0,1,0,1,0,0,0,0,0
1,1.1236456783724194,1.3184478960031634,1.7895334116350112,0,1,1,0,1,0,1,1,0,0,0,0,1,0,1,0,0,0,1,0,1,1,0,1,0,1,0
1,-0.26164900502213034,0.0554241384536323,-0.2783148570294367,0,0,0,0,1,0,1,0,0,0,0,0,0,0,0,0,1,0,0,0,1,0,0,1,0,1,0
0,-1.2802480369298874,0.22161147497330744,-0.9758331230329554,1,1,0,1,1,0,0,1,0,0,0,0,0,0,0,0,0,0,0,0,0,0,0,1,0,1,0
0,-1.1580161531009565,-1.4734993575273791,-0.9731859948887296,1,0,0,0,1,0,0,0,1,1,0,1,0,1,0,1,0,1,0,1,0,0,0,0,0,0,1
0,1.4495973685829016,0.919598288355943,1.8129163769090069,0,1,1,1,1,0,1,0,0,0,1,0,1,0,1,0,1,0,1,0,1,0,1,1,1,0,0
0,0.22727853029359305,0.6536985499244629,0.43288023771924905,1,0,0,0,1,0,0,1,0,0,0,0,1,0,1,0,1,0,0,0,0,0,0,1,1,0,0
1,0.3902543753988342,1.3516853633070984,1.0218662498095068,0,0,1,0,1,0,1,1,0,0,1,0,0,0,1,0,0,0,1,0,1,1,0,1,0,0,0
0,1.0014137945434884,-1.506736824831314,-0.5068502534809375,0,0,1,0,1,0,0,0,1,1,0,1,0,1,0,1,0,1,0,1,0,0,1,1,0,0,0
0,0.8791819107145575,-1.1411246844880287,-0.2919916857746037,0,1,1,0,0,1,0,0,0,0,0,0,1,0,0,0,0,0,0,0,0,0,0,0,0,1,0
0,-0.8320644628904743,0.45427374610085264,-0.5893524139759773,1,0,0,0,1,0,0,1,0,0,0,0,0,0,0,0,0,0,0,0,1,0,0,0,0,0,0
0,0.4717422979514547,-0.11076319806604285,0.1937563286908448,0,0,1,0,1,0,0,0,0,0,1,0,1,0,1,0,0,0,0,0,0,1,0,1,0,0,1
0,0.3902543753988342,0.1551365403654374,0.34199550476749396,0,1,1,1,1,0,1,0,0,0,1,0,1,0,0,0,0,0,1,0,0,0,0,1,0,0,0
0,1.6125732136881425,-1.340549488311639,-0.2266958582170321,0,1,1,1,1,0,1,0,1,1,0,1,0,1,0,1,0,1,0,1,0,0,1,0,0,0,0
0,1.5718292524118322,0.8863608210520081,1.7692387625292796,0,0,1,1,1,0,1,0,0,0,1,0,1,0,1,0,1,0,1,0,1,0,1,0,0,0,1
0,-0.5468567339563023,0.819885886444138,-0.23022536240933325,1,0,1,0,1,0,1,1,0,0,0,0,0,0,1,0,0,0,0,0,1,0,0,0,0,0,1
0,-0.38388088885106114,0.2880864095811775,-0.2827267372698132,0,0,1,0,1,0,1,0,0,0,0,0,0,0,0,0,1,0,1,0,1,0,0,1,1,0,0
0,-0.09867315991688919,-1.506736824831314,-0.7521507948458688,0,0,0,0,1,0,0,0,1,1,0,1,0,1,0,1,0,1,0,1,0,0,1,0,1,0,0
0,0.10504664646466222,-1.2740745537037688,-0.5862640978077138,0,1,0,0,1,0,1,0,1,1,0,1,0,1,0,1,0,1,0,1,0,1,0,0,0,0,0
0,-0.9135523854430948,1.1190230921795532,-0.5778815253509985,1,0,0,0,1,0,1,1,0,0,1,0,0,0,0,0,0,0,1,0,1,0,0,1,0,1,0
0,-1.2802480369298874,-0.7090376095368733,-0.9881863877060095,0,1,0,0,1,0,0,0,0,0,0,0,0,0,0,0,0,0,0,0,0,0,0,1,0,0,0
0,-0.42462485012737144,0.1551365403654374,-0.3497873169235354,0,1,0,0,1,0,0,1,0,0,0,0,0,0,0,0,0,0,0,0,0,0,0,1,0,0,1
0,-1.0357842692720256,-0.8752249460565485,-0.8836248260090873,0,1,1,1,0,1,0,0,0,0,1,0,1,0,1,0,0,0,0,0,0,0,1,0,0,0,1
0,0.1457906077409725,-0.3766629364975231,-0.16845903904406279,0,0,0,0,0,1,0,0,0,0,1,0,1,0,1,0,1,0,0,0,1,0,1,1,0,0,1
0,0.06430268518835193,-1.4734993575273791,-0.6912668475286736,0,0,1,1,1,0,0,0,1,1,0,1,0,1,0,1,0,1,0,1,0,0,0,0,0,0,1
0,1.6125732136881425,-0.011050796154237758,1.075250000718062,0,1,1,1,1,0,1,0,0,0,1,0,1,0,1,0,0,0,0,0,0,0,1,0,1,0,0
0,0.1457906077409725,-1.3073120210077038,-0.5968526103846173,0,1,1,1,1,0,1,0,1,1,0,1,0,1,0,1,0,1,0,1,0,0,1,0,1,0,0
0,-1.2802480369298874,0.3877988114929826,-0.9736271829127672,1,0,0,0,1,0,0,1,0,0,0,0,0,0,1,0,0,0,0,0,0,0,0,0,0,1,0
0,-0.38388088885106114,0.4875112134047877,-0.2677263444525332,1,0,0,0,1,0,1,1,0,0,0,0,1,0,0,0,0,0,0,0,0,0,0,1,0,1,0
1,-0.01718523736426863,0.6869360172283978,0.1584612867678331,1,1,1,0,1,0,1,1,0,0,0,0,0,0,0,0,0,0,0,0,1,0,0,1,0,1,0
0,1.5718292524118322,1.0193106902677482,1.979685449995237,0,0,1,1,1,0,1,1,0,0,1,0,1,0,1,0,1,0,0,0,0,1,0,1,1,0,0
1,-0.38388088885106114,0.4875112134047877,-0.19757744863054744,0,0,0,0,1,0,1,1,0,0,0,0,0,0,1,0,0,0,0,0,0,0,0,1,0,0,1
0,-0.6283446565089229,1.052548157571683,-0.30655089056784607,0,1,1,0,1,0,0,1,0,0,0,0,0,0,1,0,0,0,1,0,1,1,0,1,0,0,0
0,-1.2802480369298874,0.35456134418904756,-0.9740683709368049,0,1,0,0,1,0,0,0,0,0,0,0,0,0,1,0,1,0,1,0,1,0,0,1,0,1,0
0,-0.8320644628904743,-1.506736824831314,-0.8933309625379156,0,1,1,1,1,0,0,0,1,1,0,1,0,1,0,1,0,1,0,1,0,0,1,0,0,0,1
0,1.6125732136881425,-1.4734993575273791,-0.3444930606350836,0,0,1,0,1,0,0,0,1,1,0,1,0,1,0,1,0,1,0,1,0,0,1,0,1,0,0
0,-1.2802480369298874,-1.506736824831314,-0.998774900282913,0,1,0,0,1,0,0,0,1,1,0,1,0,1,0,1,0,1,0,1,0,0,0,0,0,0,1
1,1.6125732136881425,1.1190230921795532,2.049834345817223,0,1,1,0,1,0,1,1,0,0,0,0,1,0,0,0,0,0,1,0,1,0,1,0,0,0,0
0,1.1236456783724194,0.32132387688511255,0.9574527983000105,0,1,1,1,1,0,1,1,0,0,0,0,0,0,0,0,0,0,0,0,0,0,0,0,0,0,0
0,1.1643896396487294,-0.44313787110539316,0.42405647723849615,0,0,1,1,0,1,0,0,0,0,0,0,1,0,1,0,1,0,1,0,0,0,1,0,1,0,0
0,-1.076528230548336,-0.6425626749290033,-0.8646537409754685,0,0,1,0,1,0,0,0,0,0,0,0,0,0,0,0,0,0,0,0,0,0,0,0,0,0,1
1,-0.01718523736426863,0.6869360172283978,0.1668438592245484,1,1,1,0,1,0,1,1,0,0,0,0,0,0,0,0,0,0,0,0,1,0,0,0,0,1,0
0,-0.05792919864057891,0.7201734845323329,0.18272662808990364,1,0,0,1,1,0,1,1,0,0,0,0,0,0,0,0,0,0,1,0,0,0,0,1,1,0,0
0,-0.5468567339563023,0.2880864095811775,-0.37890572651002,1,1,0,0,1,0,0,1,0,0,0,0,1,0,0,0,0,0,0,0,0,0,0,1,1,0,0
0,1.6125732136881425,-1.4734993575273791,-0.3890530510628859,0,1,1,1,1,0,0,0,1,1,0,1,0,1,0,1,0,1,0,1,0,0,1,0,0,0,0
0,-0.01718523736426863,-0.3434254691935881,-0.23993149893816146,0,0,0,0,1,0,1,0,0,0,0,0,1,0,0,0,0,0,0,0,0,0,0,1,0,1,0
0,1.3273654847539706,0.853123353748073,1.6095286978276517,0,1,1,0,1,0,1,1,0,0,0,0,1,0,0,0,0,0,0,0,1,0,0,1,0,1,0
0,0.512486259227765,-0.47637533840932816,0.02213418734020041,0,0,1,1,0,1,0,0,0,0,1,0,0,0,0,0,0,0,1,0,1,0,0,1,0,0,0
0,0.3902543753988342,-1.3073120210077038,-0.588470037927902,0,1,0,0,1,0,1,0,1,1,0,1,0,1,0,1,0,1,0,1,0,1,0,0,0,1,0
0,-0.9950403079957154,0.32132387688511255,-0.7547979229900946,0,1,0,0,1,0,1,1,0,0,0,0,0,0,0,0,0,0,0,0,0,0,0,1,0,1,0
0,-0.01718523736426863,-1.4734993575273791,-0.7000906080094265,0,1,0,1,1,0,0,0,1,1,0,1,0,1,0,1,0,1,0,1,0,0,1,0,0,0,1
1,-0.42462485012737144,-0.044288263458172786,-0.39787681154363885,0,0,1,0,1,0,1,0,0,0,1,0,1,0,0,0,1,0,0,0,0,0,0,1,0,0,1
1,1.0014137945434884,-0.6758001422329384,0.12757812508519786,1,1,1,0,0,1,0,0,0,0,0,0,0,0,0,0,0,0,1,0,1,0,0,1,0,1,0
0,-1.2802480369298874,-0.5760877403211333,-0.986421635609859,0,1,0,0,1,0,0,0,0,0,1,0,0,0,0,0,0,0,0,0,0,0,0,0,0,1,0
1,-1.2802480369298874,-0.6425626749290033,-0.9873040116579342,1,1,0,0,1,0,0,0,0,0,0,0,0,0,0,0,0,0,0,0,0,0,0,0,0,1,0
0,-1.2802480369298874,-0.6425626749290033,-0.9873040116579342,0,0,1,0,1,0,0,0,0,0,0,0,0,0,0,0,0,0,0,0,0,0,0,1,0,1,0
0,-0.3431369275747509,1.052548157571683,-0.07095648573174294,1,1,0,0,1,0,0,1,0,0,0,0,0,0,0,0,1,0,1,0,1,0,0,1,0,1,0
0,-1.2802480369298874,-1.4734993575273791,-0.9983337122588753,1,1,0,0,1,0,0,0,1,1,0,1,0,1,0,1,0,1,0,1,0,0,0,0,0,0,0
1,0.8791819107145575,0.853123353748073,1.1683406737900053,0,1,0,0,1,0,1,1,0,0,0,0,1,0,0,0,0,0,0,0,1,0,0,1,0,1,0
0,-1.1580161531009565,-1.3073120210077038,-0.9559796619512614,0,0,0,0,1,0,1,0,1,1,0,1,0,1,0,1,0,1,0,1,0,0,1,1,1,0,0
0,1.3273654847539706,1.4513977652189036,2.053363850009524,1,1,1,1,1,0,1,1,0,0,1,0,0,0,1,0,1,0,1,0,1,0,1,0,0,0,0
0,0.9606698332671781,-1.340549488311639,-0.4508193744281564,0,0,1,0,1,0,1,0,1,1,0,1,0,1,0,1,0,1,0,1,0,1,0,0,0,1,0
0,0.512486259227765,0.35456134418904756,0.4368509299355879,0,1,0,0,1,0,0,0,0,0,1,0,0,0,1,0,0,0,1,0,1,0,0,1,0,1,0
0,1.5718292524118322,-1.506736824831314,-0.38287641872635886,0,0,1,1,1,0,0,0,1,1,0,1,0,1,0,1,0,1,0,1,0,0,1,0,1,0,0
0,1.082901717096109,0.0554241384536323,0.7390647264013755,0,1,1,0,1,0,0,0,0,0,1,0,1,0,1,0,0,0,1,0,0,1,0,0,1,0,0
0,1.4903413298592119,-0.9749373479683536,0.09228308316218617,0,1,0,0,0,1,0,0,0,0,0,0,1,0,1,0,0,0,0,0,0,1,0,1,0,0,0
0,-0.5468567339563023,-1.539974292135249,-0.884066014033125,0,1,0,0,1,0,0,0,1,1,0,1,0,1,0,1,0,1,0,1,0,1,0,0,0,0,1
0,0.9199258719908678,-1.506736824831314,-0.5293508427068574,0,0,1,1,1,0,0,0,1,1,0,1,0,1,0,1,0,1,0,1,0,0,1,0,1,0,0
0,0.22727853029359305,-1.506736824831314,-0.6740605145912054,0,0,0,0,1,0,0,0,1,1,0,1,0,1,0,1,0,1,0,1,0,1,0,0,0,0,1
0,-0.9135523854430948,-0.6425626749290033,-0.8297998870764945,1,1,0,0,1,0,0,0,0,0,0,0,0,0,0,0,0,0,0,0,0,0,0,1,0,1,0
1,0.5939741817803856,0.08866160575756733,0.42758598143079735,0,0,1,0,1,0,1,0,0,0,1,0,1,0,1,0,0,0,0,0,0,0,0,1,1,0,0
0,-1.2395040756535771,-0.9749373479683536,-0.9771566871050683,1,0,1,0,0,1,0,0,0,0,0,0,0,0,0,0,0,0,0,0,1,0,0,1,0,1,0
0,-1.2802480369298874,-0.6093252076250683,-0.9868628236338965,1,1,0,0,1,0,0,0,0,0,0,0,0,0,0,0,0,0,0,0,0,0,0,0,1,0,0
0,-1.2802480369298874,-0.6425626749290033,-0.9873040116579342,1,0,0,0,1,0,0,0,0,0,0,0,0,0,0,0,0,0,0,0,0,0,0,0,0,1,0
1,-1.2802480369298874,-0.7090376095368733,-0.9881863877060095,1,1,0,0,0,1,0,0,0,0,0,0,1,0,1,0,0,0,0,0,1,0,0,1,0,1,0
0,0.5532302205040753,-1.4734993575273791,-0.5942054822403914,0,1,1,1,1,0,0,0,1,1,0,1,0,1,0,1,0,1,0,1,0,0,1,1,0,0,1
1,0.22727853029359305,-0.24371306728178296,-0.014484418654924228,1,0,0,0,1,0,0,0,0,0,1,0,1,0,0,0,0,0,0,0,0,0,0,1,1,0,0
0,1.3273654847539706,-0.21047559997784793,0.6945047359735733,0,0,1,0,1,0,0,0,0,0,1,0,0,0,1,0,1,0,0,0,0,0,1,0,1,0,0
0,-0.5468567339563023,0.2880864095811775,-0.37140553010138005,1,0,1,0,1,0,0,1,0,0,1,0,0,0,0,0,0,0,0,0,0,0,0,1,0,1,0
0,0.797693988161937,0.6869360172283978,0.9067161755356812,1,1,0,0,1,0,0,1,0,0,0,0,1,0,0,0,0,0,0,0,1,0,0,1,0,1,0
0,1.5718292524118322,-1.506736824831314,-0.3992003756157518,0,1,1,1,1,0,0,0,1,1,0,1,0,1,0,1,0,1,0,1,0,0,1,0,0,0,1
0,-1.2802480369298874,-0.6425626749290033,-0.9873040116579342,1,0,0,0,1,0,0,0,0,0,0,0,0,0,0,0,0,0,0,0,0,0,0,0,0,0,1
1,0.797693988161937,-0.47637533840932816,0.12493099694097198,0,0,0,0,0,1,0,0,0,0,0,0,1,0,1,0,1,0,1,0,0,0,0,1,0,1,0
0,-1.076528230548336,-1.3073120210077038,-0.9317143206291908,0,1,1,0,1,0,1,0,1,1,0,1,0,1,0,1,0,1,0,1,0,1,0,0,0,0,1
1,-0.26164900502213034,-0.14400066536997788,-0.30258019835150723,0,0,1,0,1,0,0,0,0,0,0,0,0,0,1,0,0,0,0,0,1,1,0,0,0,0,1
1,0.6347181430566958,1.1522605594834883,1.0858385132949655,0,1,0,0,1,0,1,1,0,0,0,0,1,0,0,0,0,0,1,0,1,1,0,1,0,1,0
0,1.2866215234776603,1.3184478960031634,1.9580672368173924,0,0,1,1,1,0,1,1,0,0,1,0,0,0,0,0,1,0,1,0,1,1,0,1,0,0,0
0,-1.1987601143772668,0.6204610826205278,-0.8981840308023297,1,0,0,0,1,0,0,1,0,0,0,0,1,0,0,0,0,0,1,0,0,0,0,0,0,1,0
0,-1.2802480369298874,-0.6758001422329384,-0.9877451996819718,0,1,0,0,1,0,0,0,0,0,0,0,0,0,0,0,0,0,0,0,0,0,0,1,0,0,0
0,1.6125732136881425,-1.340549488311639,-0.2421374390583497,0,1,1,1,1,0,1,0,1,1,0,1,0,1,0,1,0,1,0,1,0,0,1,0,1,0,0
0,-1.2802480369298874,-0.6425626749290033,-0.9873040116579342,0,1,0,0,1,0,0,0,0,0,0,0,0,0,0,0,0,0,0,0,0,0,0,1,0,0,1
0,0.7569500268856267,0.9528357556598781,0.9953949683672481,0,0,1,1,1,0,1,1,0,0,1,0,1,0,0,0,0,0,0,0,1,0,0,1,0,1,0
0,0.3495104141225239,-1.506736824831314,-0.6524423014133607,0,0,1,1,1,0,0,0,1,1,0,1,0,1,0,1,0,1,0,1,0,0,1,0,0,0,0
0,1.6125732136881425,0.18837400766937243,1.203635715713017,0,0,1,1,1,0,0,0,0,0,1,0,1,0,1,0,0,0,1,0,0,0,1,1,1,0,0
0,0.4309983366751445,0.7201734845323329,0.5696485251709195,0,0,1,0,1,0,1,0,0,0,1,0,1,0,0,0,1,0,1,0,1,0,1,0,1,0,0
0,1.6125732136881425,1.6508225690425138,2.5602888896287794,0,1,1,0,1,0,1,1,0,0,1,0,1,0,1,0,1,0,1,0,1,0,1,1,1,0,0
0,0.5939741817803856,1.0193106902677482,1.0059834809441515,0,1,1,0,1,0,1,1,0,0,0,0,0,0,0,0,0,0,1,0,1,1,0,1,1,0,0
0,1.6125732136881425,0.7866484191402029,1.7996807361878773,0,1,0,0,1,0,1,0,0,0,1,0,1,0,1,0,1,0,1,0,1,0,1,0,1,0,0
0,-1.1987601143772668,-1.4734993575273791,-0.977597875129106,0,1,0,0,1,0,0,0,1,1,0,1,0,1,0,1,0,1,0,1,0,0,0,1,1,0,0
0,-1.2802480369298874,0.18837400766937243,-0.976274311056993,1,1,0,0,1,0,0,1,0,0,0,0,0,0,0,0,0,0,0,0,0,0,0,1,0,1,0
0,-1.2395040756535771,0.7201734845323329,-0.9343614487734166,1,1,0,0,1,0,1,1,0,0,0,0,0,0,0,0,0,0,0,0,1,0,0,1,0,1,0
0,-0.26164900502213034,-0.6758001422329384,-0.49714411695210925,0,1,0,0,0,1,0,0,0,0,1,0,1,0,0,0,0,0,0,0,1,0,0,1,0,0,0
0,-0.13941712119319946,-0.14400066536997788,-0.19801863665458508,0,1,1,1,1,0,0,0,0,0,1,0,0,0,0,0,0,0,0,0,1,0,0,1,0,0,1
1,0.10504664646466222,1.1854980267874233,0.6045023790698935,1,0,1,0,1,0,1,1,0,0,1,0,1,0,0,0,1,0,1,0,0,0,0,1,0,0,0
0,-0.22090504374582004,-0.310188001889653,-0.3555227612360248,0,1,0,0,1,0,0,0,0,0,1,0,1,0,0,0,0,0,0,0,0,1,0,0,0,0,0
0,-0.3431369275747509,0.18837400766937243,-0.2544907037314038,0,1,1,1,1,0,0,0,0,0,1,0,1,0,0,0,1,0,0,0,1,0,0,1,1,0,0
0,1.4088534073065913,-0.14400066536997788,0.7368587862811874,0,1,1,1,1,0,0,0,0,0,1,0,0,0,1,0,1,0,0,0,0,0,1,1,0,0,0
0,-0.6690886177852331,0.2548489422772425,-0.4803789720386787,1,0,0,0,1,0,1,1,0,0,0,0,0,0,0,0,0,0,0,0,0,0,0,0,0,1,0
0,-0.38388088885106114,-0.310188001889653,-0.42170096484167174,0,0,0,0,1,0,0,0,0,0,0,0,1,0,1,0,0,0,0,0,0,1,0,0,0,0,0
0,-0.7505765403378537,-1.1078872171840937,-0.8222996906678546,0,1,0,0,0,1,0,0,0,0,0,0,1,0,0,0,0,0,0,0,0,0,0,1,0,0,1
0,-1.2802480369298874,-1.440261890223444,-0.9978925242348378,1,0,1,1,1,0,0,0,1,1,0,1,0,1,0,1,0,1,0,1,0,0,0,1,0,1,0
1,-1.2802480369298874,-0.6425626749290033,-0.9873040116579342,1,0,0,0,1,0,0,0,0,0,0,0,0,0,0,0,0,0,0,0,0,0,0,0,0,0,1
1,-1.1580161531009565,-0.47637533840932816,-0.9158315517638356,0,1,0,0,0,1,0,0,0,0,0,0,1,0,0,0,0,0,1,0,1,0,0,1,1,0,0
0,-0.6690886177852331,0.1551365403654374,-0.5293508427068574,0,1,0,1,1,0,1,0,0,0,1,0,1,0,0,0,0,0,0,0,1,0,0,1,0,1,0
0,0.5532302205040753,-0.7090376095368733,-0.12169310849607227,0,0,1,0,0,1,0,0,0,0,0,0,0,0,0,0,0,0,1,0,1,0,0,1,0,1,0
0,1.4495973685829016,0.7201734845323329,1.5879104846498069,0,1,0,1,1,0,1,0,0,0,1,0,1,0,0,0,1,0,1,0,1,0,1,1,0,0,0
0,0.22727853029359305,0.1551365403654374,0.1650791071283978,0,1,0,0,1,0,1,0,0,0,1,0,1,0,1,0,1,0,0,0,0,0,0,0,0,1,0
1,-0.09867315991688919,-0.47637533840932816,-0.33346336003414245,1,1,1,0,1,0,0,0,0,0,0,0,1,0,0,0,0,0,0,0,0,0,0,1,0,0,0
1,-1.1172721918246462,0.45427374610085264,-0.8403883996533981,1,0,0,0,1,0,0,1,0,0,0,0,0,0,0,0,0,0,0,0,1,0,0,0,0,1,0
0,-0.6283446565089229,0.853123353748073,-0.29596237799094255,0,1,0,0,1,0,0,1,0,0,0,0,1,0,1,0,0,0,0,0,1,0,0,1,1,0,0
0,-1.1580161531009565,-1.506736824831314,-0.9736271829127672,0,1,1,1,1,0,0,0,1,1,0,1,0,1,0,1,0,1,0,1,0,0,1,0,0,0,1
0,-0.8320644628904743,-1.4734993575273791,-0.8924485864898403,0,0,0,0,1,0,0,0,1,1,0,1,0,1,0,1,0,1,0,1,0,1,0,0,0,1,0
0,1.6125732136881425,0.853123353748073,1.8345345900868515,0,1,1,1,1,0,1,0,0,0,1,0,1,0,1,0,1,0,1,0,1,0,1,1,1,0,0
0,-1.1987601143772668,0.919598288355943,-0.8898014583456144,0,1,0,0,1,0,0,1,0,0,0,0,0,0,0,0,0,0,1,0,1,0,0,1,0,1,0
0,0.9606698332671781,0.9860732229638132,1.253489962429271,1,1,0,0,1,0,1,1,0,0,0,0,1,0,0,0,1,0,0,0,1,0,0,1,0,1,0
0,0.3495104141225239,-1.340549488311639,-0.5827345936154126,0,0,0,0,1,0,1,0,1,1,0,1,0,1,0,1,0,1,0,1,0,1,0,1,0,0,1
0,0.3087664528462136,-0.9416998806644186,-0.39743562351960116,0,1,0,0,0,1,0,0,0,0,0,0,1,0,0,0,1,0,0,0,0,1,0,0,1,0,0
0,-1.0357842692720256,0.45427374610085264,-0.7552391110141323,0,0,0,0,1,0,0,0,0,0,1,0,1,0,0,0,1,0,1,0,1,0,0,1,0,1,0
0,1.4903413298592119,-1.506736824831314,-0.3899354271109612,0,1,0,0,1,0,0,0,1,1,0,1,0,1,0,1,0,1,0,1,0,0,1,0,1,0,0
0,-1.0357842692720256,-1.4734993575273791,-0.9409792691339813,0,1,1,1,1,0,0,0,1,1,0,1,0,1,0,1,0,1,0,1,0,1,0,0,0,0,1
0,-1.1172721918246462,-1.1411246844880287,-0.9334790727253414,0,0,1,1,0,1,0,0,0,0,0,0,1,0,0,0,0,0,0,0,0,0,0,1,0,1,0
0,1.6125732136881425,1.3849228306110335,2.3710192273166295,0,0,1,1,1,0,1,1,0,0,1,0,1,0,1,0,1,0,1,0,0,0,1,0,1,0,0
0,0.4717422979514547,-1.4734993575273791,-0.6255298319470642,0,1,1,1,1,0,0,0,1,1,0,1,0,1,0,1,0,1,0,1,0,1,0,1,0,0,0
0,1.3273654847539706,1.0193106902677482,1.707472439164009,0,0,0,0,1,0,1,1,0,0,0,0,1,0,1,0,0,0,1,0,0,1,0,1,0,1,0
0,-1.1987601143772668,-0.011050796154237758,-0.9303907565570778,0,0,0,0,1,0,1,0,0,0,0,0,0,0,0,0,1,0,1,0,0,0,0,0,0,1,0
0,-0.3431369275747509,-0.44313787110539316,-0.4472898702358552,0,1,0,0,1,0,0,0,0,0,0,0,0,0,0,0,1,0,0,0,0,0,0,1,1,0,0
0,0.4717422979514547,0.6536985499244629,0.6967106760937616,1,0,0,0,1,0,1,1,0,0,0,0,1,0,1,0,0,0,0,0,0,0,0,1,0,0,0
1,1.6125732136881425,0.819885886444138,1.7952688559475007,0,0,1,0,1,0,1,0,0,0,1,0,1,0,1,0,1,0,1,0,1,0,1,0,1,0,0
0,-0.3431369275747509,-0.3434254691935881,-0.41243601633688115,0,1,0,0,1,0,0,0,0,0,1,0,0,0,0,0,1,0,0,0,0,0,0,0,0,1,0
0,-1.2802480369298874,-0.47637533840932816,-0.985098071537746,1,1,0,0,1,0,0,0,0,0,0,0,0,0,1,0,0,0,0,0,0,0,0,0,0,0,1
0,-0.42462485012737144,-1.4734993575273791,-0.799357913417897,0,1,1,0,1,0,0,0,1,1,0,1,0,1,0,1,0,1,0,1,0,0,0,1,0,0,0
0,1.5310852911355222,0.6869360172283978,1.6095286978276517,0,1,1,1,1,0,1,0,0,0,0,0,1,0,1,0,1,0,1,0,1,0,1,1,1,0,0
0,-0.3023929662984406,-0.14400066536997788,-0.387729486990773,0,1,1,1,1,0,1,0,0,0,0,0,0,0,0,0,0,0,1,0,0,0,0,0,0,1,0
0,0.18653456901728277,-1.506736824831314,-0.6868549672882971,0,1,1,1,1,0,0,0,1,1,0,1,0,1,0,1,0,1,0,1,0,0,1,0,0,0,0
1,-0.42462485012737144,0.6869360172283978,-0.141987757601804,0,0,1,1,1,0,1,1,0,0,0,0,0,0,0,0,0,0,1,0,0,0,0,0,0,0,0
0,1.082901717096109,0.2548489422772425,0.8431851000742601,0,0,1,1,1,0,1,0,0,0,0,0,0,0,1,0,1,0,1,0,0,0,1,1,0,0,0
0,0.6754621043330061,1.1522605594834883,1.1423105803717843,1,1,1,1,1,0,1,1,0,0,0,0,0,0,1,0,0,0,1,0,1,0,0,1,0,1,0
0,0.5939741817803856,1.4181602979149686,1.2508428342850453,1,1,1,1,1,0,1,1,0,0,0,0,0,0,1,0,1,0,1,0,1,0,0,1,0,0,0
0,-0.05792919864057891,-1.506736824831314,-0.7168557529228571,1,0,1,1,1,0,0,0,1,1,0,1,0,1,0,1,0,1,0,1,0,0,0,1,0,0,1
0,-1.2802480369298874,0.5539861480126578,-0.9714212427925789,0,1,1,1,1,0,0,1,0,0,0,0,0,0,0,0,0,0,0,0,1,0,0,1,0,1,0
0,-1.1987601143772668,-1.4734993575273791,-0.9736271829127672,0,1,0,0,1,0,0,0,1,1,0,1,0,1,0,1,0,1,0,1,0,0,0,1,0,1,0
0,0.8384379494382472,1.5511101671307086,1.5557037588950589,0,0,1,0,1,0,1,1,0,0,0,0,1,0,1,0,1,0,1,0,1,1,0,1,0,0,0
0,-1.2802480369298874,-1.4734993575273791,-0.9983337122588753,0,1,0,0,1,0,0,0,1,1,0,1,0,1,0,1,0,1,0,1,0,0,0,0,0,0,1
0,-0.506112772679992,-1.506736824831314,-0.8240644427640051,0,1,0,0,1,0,0,0,1,1,0,1,0,1,0,1,0,1,0,1,0,1,0,1,0,0,1
0,-1.1987601143772668,0.4875112134047877,-0.8986252188263674,1,0,0,0,1,0,0,1,0,0,1,0,1,0,0,0,0,0,0,0,0,0,0,1,0,1,0
0,0.7569500268856267,-1.506736824831314,-0.5677342007981326,0,0,0,0,1,0,0,0,1,1,0,1,0,1,0,1,0,1,0,1,0,1,0,1,0,0,0
0,0.7569500268856267,-0.14400066536997788,0.38037886285876915,0,0,1,0,1,0,0,0,0,0,1,0,1,0,0,0,1,0,0,0,0,1,0,1,0,0,0
0,-0.791320501614164,-1.506736824831314,-0.890242646369652,0,0,1,1,1,0,0,0,1,1,0,1,0,1,0,1,0,1,0,1,0,0,1,0,0,0,1
0,-1.2802480369298874,-1.4734993575273791,-0.9983337122588753,0,0,0,0,1,0,0,0,1,1,0,1,0,1,0,1,0,1,0,1,0,0,0,0,0,0,1
0,-1.2802480369298874,-1.440261890223444,-0.9978925242348378,0,1,0,1,1,0,0,0,1,1,0,1,0,1,0,1,0,1,0,1,0,0,0,1,0,0,1
0,1.24587756220135,0.22161147497330744,1.011718925256641,0,1,0,0,1,0,1,0,0,0,1,0,1,0,1,0,1,0,0,0,0,1,0,0,0,1,0
0,-1.1987601143772668,-0.3434254691935881,-0.9237729361965131,0,1,0,0,1,0,0,0,0,0,0,0,0,0,0,0,0,0,0,0,1,0,0,0,0,0,1
0,0.5532302205040753,-1.506736824831314,-0.6065587469134455,0,1,0,0,1,0,0,0,1,1,0,1,0,1,0,1,0,1,0,1,0,0,1,0,1,0,0
0,-1.2802480369298874,-0.5096128057132632,-0.9855392595617837,0,1,0,0,1,0,1,0,0,0,0,0,0,0,0,0,0,0,0,0,0,0,0,1,1,0,0
0,-0.9950403079957154,-1.3073120210077038,-0.9123020475715343,1,1,0,1,0,1,0,0,0,0,0,0,0,0,0,0,0,0,0,0,0,0,0,0,0,0,1
0,1.5718292524118322,-1.4734993575273791,-0.3453754366831589,0,0,1,1,1,0,0,0,1,1,0,1,0,1,0,1,0,1,0,1,0,0,1,0,0,0,0
0,0.9199258719908678,0.853123353748073,1.24246026182833,0,1,1,1,1,0,1,1,0,0,0,0,0,0,1,0,0,0,1,0,0,0,0,1,1,0,0
0,1.5310852911355222,0.853123353748073,1.8098280607407433,0,0,0,0,1,0,1,1,0,0,0,0,1,0,1,0,1,0,0,0,0,1,0,1,0,0,0
0,-1.2395040756535771,0.5207486807087227,-0.9370085769176425,1,0,0,0,1,0,0,1,0,0,0,0,0,0,0,0,0,0,0,0,1,0,0,0,0,1,0
0,1.4088534073065913,1.3184478960031634,2.0304220727595665,0,1,1,1,1,0,1,1,0,0,1,0,0,0,0,0,1,0,1,0,1,0,1,0,0,0,0
0,1.3273654847539706,0.8863608210520081,1.6134993900439905,1,1,1,0,1,0,1,1,0,0,0,0,1,0,0,0,0,0,1,0,0,0,0,1,0,0,0
0,-0.7505765403378537,-0.47637533840932816,-0.7124438726824807,0,1,1,0,1,0,0,0,0,0,0,0,0,0,1,0,0,0,0,0,0,0,0,0,1,0,0
0,-0.506112772679992,1.0193106902677482,-0.16184121868349807,0,0,1,1,1,0,1,1,0,0,0,0,0,0,1,0,1,0,0,0,1,0,0,1,0,0,0
0,-1.2802480369298874,0.35456134418904756,-0.9740683709368049,1,1,0,1,1,0,0,1,0,0,0,0,1,0,0,0,0,0,0,0,0,0,0,1,0,1,0
0,-1.2802480369298874,0.35456134418904756,-0.9740683709368049,1,1,0,0,1,0,1,1,0,0,0,0,0,0,0,0,0,0,0,0,0,0,0,1,0,1,0
0,0.6754621043330061,1.0193106902677482,1.028042882146034,0,0,1,1,1,0,1,1,0,0,0,0,0,0,0,0,0,0,1,0,1,0,0,1,0,0,0
0,1.6125732136881425,1.2187354940913584,2.1963087697977213,0,0,0,0,1,0,1,1,0,0,1,0,1,0,1,0,0,0,1,0,0,0,1,1,0,0,0
0,0.5532302205040753,-0.3766629364975231,0.07772387836894384,0,0,1,0,1,0,1,0,0,0,1,0,0,0,0,0,0,0,0,0,0,0,0,0,0,1,0
0,-0.3431369275747509,0.6536985499244629,-0.10360439951052877,0,1,0,0,1,0,1,1,0,0,0,0,1,0,1,0,0,0,0,0,0,0,0,1,0,0,0
0,-1.1172721918246462,-1.0081748152722887,-0.9352438248214919,0,0,1,1,0,1,0,0,0,0,0,0,1,0,0,0,1,0,0,0,0,0,0,0,0,1,0
0,0.02355872391204165,0.7866484191402029,0.2669935406810941,0,0,1,1,1,0,1,1,0,0,0,0,1,0,1,0,1,0,0,0,0,0,0,0,1,0,0
0,0.3902543753988342,-0.14400066536997788,0.06095873345551328,0,0,0,0,1,0,1,0,0,0,1,0,1,0,0,0,0,0,0,0,0,1,0,1,0,0,0
0,-0.38388088885106114,1.1522605594834883,0.004045478354656914,0,1,0,0,1,0,0,1,0,0,1,0,0,0,1,0,0,0,1,0,1,1,0,1,1,0,0
0,-0.9950403079957154,0.18837400766937243,-0.7631804954468099,0,1,0,0,1,0,0,1,0,0,0,0,0,0,0,0,0,0,0,0,0,0,0,0,0,0,0
0,1.368109446030281,-0.3434254691935881,0.521559030550816,0,1,0,0,1,0,0,0,0,0,1,0,1,0,0,0,0,0,0,0,0,1,0,1,0,0,1
0,-0.3431369275747509,-0.5096128057132632,-0.47331996365407636,1,1,0,0,1,0,0,0,0,0,1,0,0,0,0,0,0,0,0,0,0,0,0,1,0,0,0
1,-0.3431369275747509,-0.3434254691935881,-0.43758373370702697,0,1,0,0,1,0,1,0,0,0,0,0,1,0,0,0,0,0,0,0,0,0,0,0,1,0,0
0,1.4903413298592119,0.45427374610085264,1.355845584006005,1,1,0,0,1,0,1,0,0,0,1,0,1,0,1,0,1,0,0,0,1,1,0,1,1,0,0
0,0.8384379494382472,1.1854980267874233,1.2870202522561323,0,0,0,0,1,0,0,1,0,0,0,0,1,0,1,0,0,0,1,0,1,1,0,1,0,0,1
0,1.1236456783724194,-0.3766629364975231,0.4209681610702326,0,0,0,0,0,1,0,0,0,0,1,0,0,0,1,0,0,0,1,0,1,0,1,0,0,1,0
0,-1.0357842692720256,0.5539861480126578,-0.7530331708939441,1,0,1,0,1,0,0,1,0,0,0,0,0,0,0,0,0,0,1,0,0,0,0,1,0,1,0
0,-0.506112772679992,-1.506736824831314,-0.8161230583313275,0,0,0,0,1,0,0,0,1,1,0,1,0,1,0,1,0,1,0,1,0,1,0,1,1,0,0
0,-0.38388088885106114,0.6869360172283978,-0.1830182438373051,0,0,1,1,1,0,1,1,0,0,0,0,0,0,0,0,0,0,0,0,1,0,0,0,0,1,0
0,1.6125732136881425,0.5207486807087227,1.5199675289480095,0,1,1,1,1,0,0,0,0,0,1,0,0,0,1,0,1,0,1,0,1,0,1,1,0,1,0
0,-0.8728084241667845,0.32132387688511255,-0.6431773529085701,1,1,1,0,1,0,1,1,0,0,0,0,0,0,0,0,0,0,0,0,0,0,0,1,0,1,0
0,-0.46536881140368175,-1.506736824831314,-0.8350941433649463,0,1,0,0,1,0,0,0,1,1,0,1,0,1,0,1,0,1,0,1,0,0,1,0,0,0,1
1,-1.2802480369298874,0.9528357556598781,-0.9661269865041272,1,1,0,0,1,0,1,1,0,0,0,0,0,0,0,0,0,0,1,0,1,0,0,1,0,1,0
1,-0.05792919864057891,0.853123353748073,0.2480224556474753,0,1,0,0,1,0,1,1,0,0,0,0,1,0,0,0,0,0,1,0,0,0,0,1,0,1,0
0,1.0014137945434884,0.1551365403654374,0.7108286928629662,0,0,0,0,1,0,0,0,0,0,0,0,1,0,1,0,1,0,1,0,0,0,1,0,0,0,1
0,0.512486259227765,-1.4734993575273791,-0.6162648834422737,0,0,1,1,1,0,0,0,1,1,0,1,0,1,0,1,0,1,0,1,0,0,1,1,0,0,0
0,-0.9135523854430948,1.0193106902677482,-0.5567045001971915,0,1,0,0,1,0,1,1,0,0,0,0,1,0,1,0,0,0,0,0,1,0,0,1,0,1,0
0,1.0421577558197987,1.2519729613952935,1.5892340487219199,1,0,1,0,1,0,1,1,0,0,0,0,0,0,1,0,1,0,1,0,1,0,0,1,1,0,0
0,-0.7505765403378537,-1.506736824831314,-0.8889190822975391,0,1,0,1,1,0,0,0,1,1,0,1,0,1,0,1,0,1,0,1,0,0,0,0,0,0,1
0,-0.22090504374582004,0.5207486807087227,-0.03477906776065596,0,1,1,0,1,0,1,0,0,0,1,0,0,0,0,0,1,0,1,0,1,1,0,0,0,0,1
0,-0.7505765403378537,0.853123353748073,-0.4517017504762317,1,0,1,1,1,0,1,1,0,0,0,0,1,0,0,0,0,0,0,0,1,0,0,1,0,0,0
0,-0.8320644628904743,-1.1743621517919638,-0.8708303733119956,1,0,1,1,0,1,0,0,0,0,0,0,1,0,0,0,0,0,0,0,0,0,0,0,0,0,1
0,1.4903413298592119,0.9528357556598781,1.8155635050532326,0,0,1,1,1,0,1,1,0,0,0,0,1,0,0,0,1,0,0,0,1,0,1,1,0,0,0
0,-0.3023929662984406,0.819885886444138,-0.011396102486660705,1,0,1,1,1,0,0,1,0,0,0,0,1,0,1,0,0,0,1,0,0,0,0,1,0,0,0
1,1.0421577558197987,1.4513977652189036,1.7665916343850536,1,1,1,0,1,0,1,1,0,0,1,0,1,0,1,0,0,0,1,0,1,1,0,1,0,1,0
0,0.10504664646466222,-0.6093252076250683,-0.2739029767890602,0,0,1,1,0,1,0,0,0,0,1,0,0,0,0,0,1,0,1,0,0,0,1,1,1,0,0
1,-0.6690886177852331,0.6536985499244629,-0.41155364028880587,1,0,0,0,1,0,1,1,0,0,0,0,0,0,0,0,0,0,1,0,0,0,0,1,0,1,0
0,0.512486259227765,0.45427374610085264,0.5811194137958983,0,1,1,1,1,0,1,0,0,0,0,0,1,0,1,0,0,0,1,0,1,1,0,0,1,0,0
0,-0.6283446565089229,0.6204610826205278,-0.42081858879359646,0,0,0,0,1,0,0,1,0,0,0,0,1,0,0,0,0,0,1,0,0,0,0,1,0,1,0
0,-1.2802480369298874,-0.6425626749290033,-0.9873040116579342,1,0,1,1,1,0,0,0,0,0,0,0,0,0,0,0,0,0,0,0,0,0,0,1,0,1,0
0,-0.42462485012737144,-1.506736824831314,-0.8209761265957416,0,1,0,0,1,0,0,0,1,1,0,1,0,1,0,1,0,1,0,1,0,1,0,0,0,0,1
1,-1.2802480369298874,0.1551365403654374,-0.9767154990810307,1,0,0,0,1,0,0,1,0,0,0,0,0,0,0,0,0,0,0,0,0,0,0,1,0,1,0
0,1.4088534073065913,0.08866160575756733,1.034219514482561,0,1,1,1,1,0,0,0,0,0,1,0,0,0,1,0,1,0,0,0,1,0,1,0,0,0,1
0,1.4088534073065913,1.3516853633070984,1.9563024847212418,0,0,1,1,1,0,1,1,0,0,0,0,0,0,1,0,1,0,1,0,1,0,1,1,0,0,0
0,-1.2395040756535771,-0.6758001422329384,-0.9643622344079766,1,0,1,0,0,1,0,0,0,0,0,0,0,0,0,0,0,0,1,0,1,0,0,0,0,1,0
0,-0.38388088885106114,0.32132387688511255,-0.2527259516352532,1,1,0,0,1,0,1,1,0,0,0,0,0,0,0,0,0,0,0,0,0,0,0,1,0,1,0
1,-0.9542963467194051,0.35456134418904756,-0.7261207014276476,0,0,0,0,1,0,0,1,0,0,0,0,0,0,1,0,0,0,0,0,0,0,0,0,1,0,0
0,-1.1172721918246462,-1.4734993575273791,-0.9555384739272237,0,0,0,0,1,0,0,0,1,1,0,1,0,1,0,1,0,1,0,1,0,0,0,0,0,0,1
0,0.8791819107145575,-0.6425626749290033,0.07816506639298149,0,1,0,0,0,1,0,0,0,0,1,0,0,0,0,0,1,0,1,0,0,0,1,0,1,0,0
0,1.0014137945434884,1.0193106902677482,1.4034938906020709,1,0,0,0,1,0,0,1,0,0,0,0,0,0,1,0,0,0,1,0,1,0,1,1,0,1,0
0,-0.3431369275747509,0.819885886444138,-0.051985400698124164,1,1,0,0,1,0,1,1,0,0,0,0,0,0,1,0,0,0,1,0,0,0,0,1,0,0,1
0,0.6754621043330061,1.1854980267874233,1.1727525540303818,1,0,1,1,1,0,1,1,0,0,0,0,1,0,0,0,0,0,1,0,1,1,0,0,0,0,1
0,-1.1172721918246462,-0.5760877403211333,-0.9087725433792332,1,1,0,0,1,0,1,0,0,0,0,0,0,0,0,0,0,0,0,0,0,0,0,0,0,1,0
0,-1.2395040756535771,0.5207486807087227,-0.9273024403888144,1,1,0,0,1,0,0,1,0,0,0,0,0,0,0,0,0,0,0,0,1,0,0,1,0,1,0
0,-1.1580161531009565,0.7534109518362679,-0.856712356542791,1,0,0,1,1,0,1,1,0,0,0,0,0,0,1,0,1,0,0,0,0,0,0,1,0,0,1
0,1.5310852911355222,0.4875112134047877,1.5212910930201224,0,1,1,1,1,0,1,0,0,0,1,0,1,0,1,0,1,0,1,0,0,0,1,1,0,0,0
0,-1.1172721918246462,0.35456134418904756,-0.8496533481581886,1,1,0,0,1,0,1,1,0,0,0,0,0,0,0,0,0,0,0,0,0,0,0,1,0,0,0
0,0.8384379494382472,0.6869360172283978,1.0293664462181469,0,1,1,1,1,0,1,0,0,0,1,0,0,0,1,0,1,0,1,0,1,0,0,0,0,1,0
0,0.5939741817803856,1.1190230921795532,0.9927478402230222,1,0,1,0,1,0,1,1,0,0,1,0,1,0,1,0,0,0,1,0,0,0,0,1,0,1,0
0,-0.05792919864057891,-1.4734993575273791,-0.7472977265814547,0,0,0,1,1,0,0,0,1,1,0,1,0,1,0,1,0,1,0,1,0,1,0,0,1,0,0
0,-0.791320501614164,-0.11076319806604285,-0.6762664547113936,0,1,1,1,1,0,0,0,0,0,0,0,1,0,1,0,1,0,0,0,0,0,0,0,0,0,0
0,-0.18016108246950976,-0.5096128057132632,-0.38508235884654707,0,0,1,1,1,0,1,0,0,0,0,0,0,0,0,0,0,0,0,0,0,0,0,0,0,0,1
0,-0.9135523854430948,0.7201734845323329,-0.6409714127883819,1,0,0,0,1,0,1,1,0,0,0,0,0,0,0,0,0,0,0,0,1,0,0,0,0,1,0
0,0.22727853029359305,-1.4734993575273791,-0.6793547708796571,0,1,1,0,1,0,0,0,1,1,0,1,0,1,0,1,0,1,0,1,0,0,1,0,0,0,0
0,-1.2802480369298874,-0.6425626749290033,-0.9873040116579342,1,0,0,0,1,0,0,0,0,0,0,0,0,0,0,0,0,0,0,0,0,0,0,1,0,0,1
0,1.4088534073065913,1.3184478960031634,2.0988062164854013,1,1,1,0,1,0,1,1,0,0,0,0,1,0,1,0,0,0,1,0,1,1,0,0,0,1,0
0,0.797693988161937,0.35456134418904756,0.6980342401658745,0,1,1,0,1,0,0,0,0,0,1,0,1,0,0,0,0,0,1,0,1,1,0,1,0,0,1
0,1.2051336009250397,1.4513977652189036,2.003950791317308,0,1,1,1,1,0,0,1,0,0,1,0,1,0,1,0,1,0,1,0,1,0,1,0,0,0,1
0,-0.6690886177852331,0.7201734845323329,-0.41596552052918234,0,0,0,0,1,0,0,1,0,0,0,0,1,0,0,0,0,0,0,0,1,0,0,1,0,1,0
1,-1.1172721918246462,0.5539861480126578,-0.8434767158216615,1,0,1,0,1,0,1,1,0,0,0,0,1,0,0,0,0,0,0,0,0,0,0,1,0,1,0
0,-0.8320644628904743,1.0193106902677482,-0.48479085227905516,0,1,0,0,1,0,0,1,0,0,0,0,0,0,1,0,0,0,1,0,1,1,0,0,0,1,0
0,1.6125732136881425,1.7172975036503837,2.7327934070274993,0,0,1,1,1,0,1,1,0,0,1,0,1,0,1,0,1,0,1,0,1,0,1,1,0,0,0
1,1.5718292524118322,1.3516853633070984,2.249692520706277,0,1,0,0,1,0,1,1,0,0,0,0,1,0,0,0,1,0,1,0,1,1,0,0,0,0,0
0,-0.3431369275747509,-1.4734993575273791,-0.8059757337784617,0,0,1,0,1,0,0,0,1,1,0,1,0,1,0,1,0,1,0,1,0,1,0,0,0,0,1
0,-0.7098325790615434,-1.506736824831314,-0.8611242367831674,0,0,0,0,1,0,0,0,1,1,0,1,0,1,0,1,0,1,0,1,0,0,1,0,0,0,1
0,1.4088534073065913,0.853123353748073,1.6646772008323574,1,1,1,0,1,0,0,1,0,0,1,0,1,0,0,0,0,0,0,0,1,1,0,1,1,0,0
0,-1.2395040756535771,-0.14400066536997788,-0.9480382775185837,0,1,0,1,1,0,1,0,0,0,1,0,1,0,0,0,0,0,0,0,0,0,0,0,0,0,0
0,-1.1172721918246462,-1.3073120210077038,-0.9520089697349225,0,0,1,1,0,1,0,0,0,0,0,0,0,0,0,0,0,0,0,0,0,0,0,0,0,0,1
0,-0.7098325790615434,0.7866484191402029,-0.3939061193273,1,0,1,0,1,0,0,1,0,0,0,0,0,0,0,0,0,0,1,0,1,0,0,0,0,1,0
0,-1.2802480369298874,-1.4734993575273791,-0.9983337122588753,1,1,0,0,1,0,0,0,1,1,0,1,0,1,0,1,0,1,0,1,0,0,0,1,0,0,1
0,0.3495104141225239,-0.14400066536997788,0.10066565561890145,0,1,1,1,1,0,0,0,0,0,1,0,1,0,1,0,0,0,0,0,0,1,0,1,0,0,0
0,0.4309983366751445,-0.044288263458172786,0.2003741490514095,0,0,0,1,1,0,0,0,0,0,1,0,1,0,0,0,0,0,0,0,1,0,0,1,0,1,0
1,-1.2802480369298874,0.32132387688511255,-0.9745095589608425,0,1,1,0,1,0,1,1,0,0,0,0,0,0,0,0,0,0,0,0,0,0,0,0,0,1,0
1,-1.2802480369298874,0.18837400766937243,-0.976274311056993,0,0,0,0,1,0,0,1,0,0,0,0,0,0,0,0,0,0,0,0,0,0,0,1,0,0,1
0,-0.26164900502213034,0.853123353748073,0.0344874520132545,1,0,1,1,1,0,0,1,0,0,0,0,0,0,0,0,0,0,1,0,1,0,0,1,0,1,0
0,-0.42462485012737144,0.4875112134047877,-0.2439021911545003,1,1,0,0,1,0,1,1,0,0,0,0,1,0,0,0,0,0,0,0,0,0,0,1,0,1,0
0,1.5718292524118322,0.853123353748073,1.8182106331974586,0,1,1,0,1,0,1,0,0,0,1,0,1,0,1,0,1,0,1,0,1,0,1,0,0,0,0
0,-1.0357842692720256,-1.506736824831314,-0.9343614487734166,0,1,0,0,1,0,0,0,1,1,0,1,0,1,0,1,0,1,0,1,0,0,1,0,0,0,1
1,-0.18016108246950976,-0.011050796154237758,-0.18345943186134275,0,0,0,0,1,0,1,0,0,0,0,0,1,0,1,0,1,0,0,0,0,0,0,0,0,0,0
1,-0.6690886177852331,0.1551365403654374,-0.5469983636683633,0,1,0,0,1,0,0,1,0,0,0,0,0,0,0,0,0,0,0,0,0,0,0,0,0,1,0
0,-1.0357842692720256,-1.506736824831314,-0.9506854056628096,0,1,0,0,1,0,0,0,1,1,0,1,0,1,0,1,0,1,0,1,0,1,0,0,0,0,1
0,1.4903413298592119,1.5178726998267735,2.2818992464610246,0,0,0,0,1,0,1,1,0,0,0,0,1,0,1,0,1,0,1,0,1,0,1,1,0,0,0
0,-1.2802480369298874,-1.340549488311639,-0.9965689601627248,0,0,0,1,0,1,0,0,0,0,0,0,0,0,0,0,0,0,0,0,0,0,0,0,0,0,1
0,-1.1987601143772668,0.42103627879691763,-0.9162727397878732,0,1,0,0,1,0,0,0,0,0,1,0,0,0,1,0,0,0,1,0,1,0,0,1,0,1,0
1,-0.46536881140368175,1.052548157571683,-0.11154578394320641,1,1,0,0,1,0,0,1,0,0,0,0,0,0,1,0,0,0,1,0,1,0,0,1,0,0,0
0,1.4903413298592119,0.6869360172283978,1.5821750403373176,0,0,1,0,1,0,1,1,0,0,0,0,1,0,1,0,0,0,0,0,0,0,0,1,0,0,0
0,1.5718292524118322,-0.5760877403211333,0.4827344844355031,0,0,1,0,0,1,0,0,0,0,1,0,1,0,1,0,1,0,0,0,0,0,1,1,0,0,0
0,1.4903413298592119,-1.506736824831314,-0.41331839238495643,0,0,1,1,1,0,0,0,1,1,0,1,0,1,0,1,0,1,0,1,0,0,1,0,0,0,1
0,0.6347181430566958,1.2852104286992283,1.1749584941505702,0,0,0,0,1,0,1,1,0,0,0,0,0,0,1,0,1,0,1,0,1,0,0,1,0,1,0
0,0.5939741817803856,0.6204610826205278,0.7862718449734037,1,1,1,0,1,0,1,1,0,0,0,0,1,0,1,0,0,0,0,0,0,0,0,1,0,0,0
0,-1.2395040756535771,-0.5096128057132632,-0.9603915421916378,1,0,0,0,1,0,1,0,0,0,0,0,0,0,0,0,0,0,0,0,0,0,0,1,0,1,0
0,0.512486259227765,1.4513977652189036,1.1828998785832476,0,1,0,0,1,0,1,1,0,0,1,0,0,0,1,0,1,0,1,0,1,0,0,1,1,0,0
0,0.7569500268856267,0.5539861480126578,0.7950956054541567,0,1,0,0,1,0,1,1,0,0,0,0,1,0,0,0,0,0,0,0,0,0,0,0,0,0,0
0,-0.42462485012737144,0.4875112134047877,-0.23860793486604853,1,0,1,0,1,0,1,0,0,0,1,0,0,0,0,0,1,0,1,0,1,0,0,1,0,1,0
0,1.6125732136881425,0.7201734845323329,1.738796788870682,0,1,0,0,1,0,1,0,0,0,1,0,1,0,1,0,1,0,1,0,1,0,1,0,0,0,0
0,0.18653456901728277,0.919598288355943,0.49949962934893366,0,1,1,1,1,0,1,1,0,0,0,0,1,0,1,0,0,0,1,0,0,0,0,1,0,1,0
0,1.5718292524118322,0.853123353748073,1.7833567792984844,0,1,1,1,1,0,1,0,0,0,1,0,1,0,1,0,1,0,1,0,1,0,1,0,0,1,0
0,-1.0357842692720256,-0.5428502730171982,-0.8571535445668286,1,1,1,1,1,0,0,0,0,0,0,0,0,0,1,0,0,0,0,0,0,0,0,0,0,1,0
0,1.368109446030281,-1.3073120210077038,-0.26463802828426963,0,0,0,0,1,0,1,0,1,1,0,1,0,1,0,1,0,1,0,1,0,0,1,1,1,0,0
0,0.7569500268856267,0.3877988114929826,0.7425942305936768,0,1,1,1,1,0,0,0,0,0,1,0,0,0,0,0,1,0,1,0,1,1,0,1,0,0,0
0,-0.09867315991688919,-1.506736824831314,-0.7389151541247394,0,0,1,1,1,0,0,0,1,1,0,1,0,1,0,1,0,1,0,1,0,1,0,0,0,0,0
0,0.06430268518835193,0.6869360172283978,0.27052304487339524,0,0,0,0,1,0,1,1,0,0,0,0,0,0,0,0,0,0,1,0,0,0,0,0,0,1,0
0,1.2866215234776603,-1.340549488311639,-0.33919880434663185,0,1,1,1,1,0,1,0,1,1,0,1,0,1,0,1,0,1,0,1,0,0,1,1,0,0,1
1,1.3273654847539706,1.2852104286992283,1.9893915865240652,0,1,1,0,1,0,1,1,0,0,0,0,1,0,1,0,0,0,1,0,1,1,0,1,0,0,0
0,0.5939741817803856,1.1854980267874233,1.052749411492142,0,1,0,0,1,0,1,1,0,0,1,0,1,0,0,0,1,0,1,0,0,0,0,0,0,0,1
0,-1.2802480369298874,1.0193106902677482,-0.9652446104560519,1,0,0,0,1,0,0,1,0,0,1,0,0,0,0,0,0,0,1,0,1,0,0,1,0,1,0
0,0.6754621043330061,-0.1772381326739129,0.2872881897868258,1,0,0,0,1,0,1,0,0,0,1,0,1,0,0,0,0,0,0,0,0,0,0,1,1,0,0
0,1.4088534073065913,0.9860732229638132,1.7732094547456183,0,0,1,1,1,0,1,1,0,0,0,0,1,0,0,0,1,0,1,0,0,0,1,0,1,0,0
0,0.2680224915699033,-1.506736824831314,-0.6634720020143019,0,1,0,1,1,0,0,0,1,1,0,1,0,1,0,1,0,1,0,1,0,1,0,0,0,0,0
0,-0.7505765403378537,-1.506736824831314,-0.8823012619369744,0,1,0,0,1,0,0,0,1,1,0,1,0,1,0,1,0,1,0,1,0,0,0,0,0,0,1
1,0.4309983366751445,1.4513977652189036,1.0223074378335444,1,0,0,0,1,0,0,1,0,0,1,0,1,0,0,0,1,0,1,0,1,0,0,1,1,0,0
1,0.9606698332671781,1.2187354940913584,1.4608483337269649,0,1,0,0,1,0,1,1,0,0,0,0,0,0,1,0,0,0,1,0,1,0,0,1,0,1,0
0,-0.7505765403378537,-0.1772381326739129,-0.6665603181825654,0,0,0,0,1,0,0,0,0,0,0,0,0,0,0,0,1,0,0,0,1,1,0,0,1,0,0
0,-1.2802480369298874,0.22161147497330744,-0.9758331230329554,1,0,0,0,1,0,0,1,0,0,0,0,0,0,0,0,0,0,0,0,0,0,0,0,0,1,0
0,-0.6690886177852331,-0.310188001889653,-0.6290593361393655,0,1,1,1,1,0,0,0,0,0,1,0,1,0,0,0,0,0,0,0,0,1,0,1,0,0,1
0,1.5310852911355222,1.3849228306110335,2.325576860840752,0,1,1,1,1,0,1,1,0,0,1,0,1,0,0,0,0,0,1,0,1,0,0,1,0,1,0
1,1.6125732136881425,0.6536985499244629,1.631588099029534,0,1,1,0,1,0,1,0,0,0,1,0,1,0,1,0,0,0,1,0,1,0,1,1,1,0,0
0,-0.38388088885106114,0.35456134418904756,-0.2562554558275544,0,0,1,1,1,0,0,1,0,0,0,0,0,0,1,0,0,0,0,0,0,0,0,1,1,0,0
0,-0.46536881140368175,-1.340549488311639,-0.8011226655140475,0,1,0,1,1,0,1,0,1,1,0,1,0,1,0,1,0,1,0,1,0,0,0,0,0,0,1
0,-1.2802480369298874,-1.4734993575273791,-0.9983337122588753,1,0,0,0,1,0,0,0,1,1,0,1,0,1,0,1,0,1,0,1,0,0,0,1,0,0,1
0,-1.2802480369298874,0.1551365403654374,-0.9767154990810307,1,1,0,1,1,0,0,1,0,0,0,0,0,0,0,0,0,0,0,0,0,0,0,0,0,0,0
1,-0.01718523736426863,0.9528357556598781,0.2859646257147129,1,0,1,0,1,0,1,1,0,0,0,0,0,0,0,0,0,0,1,0,1,0,0,1,0,1,0
0,-0.6283446565089229,0.5207486807087227,-0.38949423908692354,1,1,1,1,1,0,0,1,0,0,0,0,0,0,0,0,0,0,1,0,0,0,0,0,0,1,0
0,-1.1580161531009565,-1.0414122825762238,-0.9467147134464707,1,0,0,0,0,1,0,0,0,0,1,0,1,0,0,0,0,0,0,0,0,0,0,1,0,1,0
0,0.1457906077409725,-0.310188001889653,-0.1508115180825569,0,0,0,0,1,0,1,0,0,0,0,0,0,0,1,0,0,0,0,0,0,1,0,0,0,1,0
0,0.7162060656093164,-0.8419874787526135,-0.15478221029889574,0,0,0,0,0,1,0,0,0,0,0,0,1,0,1,0,1,0,0,0,0,0,1,0,1,0,0
0,0.6347181430566958,-1.1743621517919638,-0.37934691453405767,0,0,1,1,0,1,0,0,0,0,0,0,0,0,0,0,1,0,0,0,0,0,0,1,1,0,0
0,0.7162060656093164,-1.4734993575273791,-0.5792050894231114,0,0,0,1,1,0,0,0,1,1,0,1,0,1,0,1,0,1,0,1,0,0,1,0,1,0,0
0,1.6125732136881425,0.4875112134047877,1.5561449469190964,0,1,1,0,1,0,1,0,0,0,1,0,1,0,1,0,1,0,0,0,1,0,1,0,1,0,0
0,-0.9135523854430948,-1.340549488311639,-0.9087725433792332,0,1,0,1,1,0,1,0,1,1,0,1,0,1,0,1,0,1,0,1,0,0,0,0,1,0,0
0,-0.5876006952326126,-1.506736824831314,-0.8346529553409087,0,0,0,0,1,0,0,0,1,1,0,1,0,1,0,1,0,1,0,1,0,0,0,0,0,0,1
0,-1.2802480369298874,0.4875112134047877,-0.9723036188406543,1,1,0,0,1,0,0,1,0,0,0,0,0,0,0,0,0,0,1,0,0,0,0,1,0,1,0
0,-1.2802480369298874,-1.506736824831314,-0.998774900282913,1,0,0,0,1,0,0,0,1,1,0,1,0,1,0,1,0,1,0,1,0,0,0,0,0,1,0
0,-0.9542963467194051,0.9860732229638132,-0.6493539852450972,0,1,0,0,1,0,0,1,0,0,0,0,0,0,1,0,0,0,1,0,1,0,0,1,0,1,0
0,-1.2395040756535771,0.853123353748073,-0.9303907565570778,0,1,0,0,1,0,1,1,0,0,1,0,0,0,0,0,0,0,0,0,1,0,0,0,0,0,1
0,0.3087664528462136,0.45427374610085264,0.3719962904020539,0,0,1,0,1,0,1,1,0,0,0,0,0,0,0,0,1,0,0,0,0,0,0,1,1,0,0
0,1.4903413298592119,1.1522605594834883,2.01100979970191,0,1,1,0,1,0,1,1,0,0,0,0,0,0,1,0,0,0,1,0,1,1,0,0,0,0,0
0,0.18653456901728277,1.1522605594834883,0.6490623694976957,1,0,1,0,1,0,1,1,0,0,1,0,0,0,1,0,1,0,0,0,1,1,0,1,0,1,0
0,-0.5876006952326126,0.5207486807087227,-0.3868471109426977,0,1,0,1,1,0,1,1,0,0,0,0,0,0,1,0,0,0,0,0,0,0,0,1,1,0,0
1,-0.8728084241667845,0.18837400766937243,-0.6392066606922313,0,1,1,0,1,0,0,1,0,0,0,0,0,0,0,0,0,0,0,0,0,0,0,1,0,1,0
0,-0.9950403079957154,0.6869360172283978,-0.7305325816680242,1,0,1,0,1,0,1,1,0,0,0,0,0,0,0,0,0,0,0,0,1,0,0,1,1,0,0
0,-1.1987601143772668,0.35456134418904756,-0.9003899709225179,1,0,0,0,1,0,1,1,0,0,0,0,0,0,0,0,0,0,0,0,0,0,0,0,0,1,0
0,0.9199258719908678,-0.1772381326739129,0.3856731191472209,0,1,1,1,1,0,0,0,0,0,1,0,0,0,0,0,0,0,0,0,1,1,0,0,1,0,0
0,0.02355872391204165,0.9528357556598781,0.3569958975847739,0,1,1,0,1,0,1,1,0,0,0,0,1,0,1,0,0,0,0,0,1,0,0,1,0,1,0
0,0.5532302205040753,-0.6758001422329384,-0.050661836626011224,0,0,0,0,1,0,0,0,0,0,0,0,0,0,0,0,0,0,0,0,0,0,0,0,0,0,0
0,0.06430268518835193,-1.2740745537037688,-0.574793209182735,0,1,0,0,1,0,1,0,1,1,0,1,0,1,0,1,0,1,0,1,0,0,1,0,0,0,0
0,-1.1987601143772668,-1.4734993575273791,-0.9784802511771813,0,0,0,0,1,0,0,0,1,1,0,1,0,1,0,1,0,1,0,1,0,0,0,0,0,1,0
0,-0.09867315991688919,-1.440261890223444,-0.6934727876488618,0,1,1,1,1,0,0,0,1,1,0,1,0,1,0,1,0,1,0,1,0,0,1,0,0,0,1
0,0.02355872391204165,-0.1772381326739129,-0.14595844981814282,0,0,0,0,1,0,1,0,0,0,1,0,0,0,0,0,1,0,0,0,0,1,0,0,0,1,0
0,0.512486259227765,1.0193106902677482,0.9199518162568106,0,1,1,1,1,0,1,1,0,0,0,0,1,0,1,0,0,0,0,0,1,1,0,1,1,0,0
0,0.3087664528462136,-0.11076319806604285,0.16066722688802135,0,1,0,0,1,0,0,0,0,0,1,0,1,0,0,0,1,0,0,0,0,0,0,1,0,0,1
0,1.5718292524118322,1.7837724382582538,2.7327934070274993,0,0,0,0,1,0,1,1,0,0,1,0,1,0,1,0,1,0,1,0,1,0,1,1,0,1,0
0,-1.2802480369298874,-0.3434254691935881,-0.9833333194415954,1,1,0,0,1,0,1,0,0,0,0,0,0,0,1,0,0,0,0,0,0,0,0,0,0,1,0
0,1.6125732136881425,-0.011050796154237758,0.9905419001028339,0,0,1,1,0,1,0,0,0,0,1,0,1,0,1,0,1,0,1,0,1,0,1,0,0,0,0
0,-0.42462485012737144,0.5207486807087227,-0.21743090971224152,0,0,1,1,1,0,0,1,0,0,0,0,0,0,0,0,0,0,0,0,1,0,0,1,0,1,0
0,0.5532302205040753,-1.4734993575273791,-0.6343535924278172,0,1,1,1,1,0,0,0,1,1,0,1,0,1,0,1,0,1,0,1,0,1,0,1,0,0,0
0,0.9199258719908678,-1.440261890223444,-0.47331996365407636,0,0,1,1,1,0,0,0,1,1,0,1,0,1,0,1,0,1,0,1,0,0,1,0,0,0,1
0,-1.2802480369298874,-1.4734993575273791,-0.9983337122588753,0,1,0,0,1,0,0,0,1,1,0,1,0,1,0,1,0,1,0,1,0,0,0,0,0,0,1
0,-0.8320644628904743,0.35456134418904756,-0.6303829002114784,0,0,0,0,1,0,1,0,0,0,0,0,0,0,0,0,1,0,1,0,1,1,0,1,0,0,1
0,-0.05792919864057891,0.5207486807087227,0.06448823764781444,0,1,0,0,1,0,1,1,0,0,0,0,1,0,0,0,0,0,0,0,0,0,0,1,0,1,0
0,-1.1172721918246462,-1.340549488311639,-0.9630386703358637,1,1,1,0,0,1,0,0,0,0,0,0,0,0,0,0,0,0,0,0,0,0,0,1,0,1,0
0,1.4088534073065913,0.35456134418904756,1.299814704953224,0,0,1,1,1,0,1,0,0,0,1,0,0,0,0,0,0,0,1,0,1,0,1,1,0,1,0
0,-1.2802480369298874,-0.6758001422329384,-0.9877451996819718,0,1,0,0,1,0,0,0,0,0,0,0,0,0,0,0,0,0,0,0,0,0,0,0,0,0,1
0,0.3087664528462136,-0.7422750768408084,-0.25007882349102734,1,1,1,0,0,1,0,0,0,0,1,0,1,0,1,0,0,0,0,0,0,1,0,1,0,1,0
0,0.3495104141225239,0.32132387688511255,0.3265539239261763,0,1,1,1,1,0,1,0,0,0,1,0,1,0,1,0,0,0,1,0,0,0,0,1,1,0,0
0,-1.2802480369298874,0.35456134418904756,-0.9740683709368049,1,1,0,0,1,0,1,1,0,0,0,0,0,0,0,0,0,0,0,0,0,0,0,1,0,1,0
0,0.7569500268856267,0.9860732229638132,1.1268689995304666,1,1,0,0,1,0,1,1,0,0,1,0,1,0,0,0,0,0,1,0,0,1,0,1,0,1,0
0,0.3902543753988342,-0.5428502730171982,-0.11066340789513111,0,1,1,1,0,1,0,0,0,0,1,0,0,0,1,0,1,0,1,0,0,0,1,0,1,0,0
0,-0.38388088885106114,-1.506736824831314,-0.8147994942592145,0,1,1,1,1,0,0,0,1,1,0,1,0,1,0,1,0,1,0,1,0,1,0,0,0,0,1
1,-1.2802480369298874,0.18837400766937243,-0.976274311056993,1,0,0,0,1,0,0,1,0,0,0,0,0,0,0,0,0,0,0,0,0,0,0,1,0,1,0
0,-1.2802480369298874,-1.4734993575273791,-0.9983337122588753,0,0,0,0,1,0,0,0,1,1,0,1,0,1,0,1,0,1,0,1,0,0,0,0,0,0,1
0,0.9606698332671781,1.3849228306110335,1.592763552914221,0,0,0,0,1,0,1,1,0,0,1,0,1,0,0,0,0,0,1,0,1,0,0,1,1,0,0
0,-0.7098325790615434,0.8863608210520081,-0.3762585983657942,0,1,0,1,1,0,1,1,0,0,0,0,1,0,0,0,0,0,1,0,0,0,0,1,0,1,0
0,-0.8320644628904743,-1.3073120210077038,-0.8690656212158451,0,1,1,1,1,0,1,0,1,1,0,1,0,1,0,1,0,1,0,1,0,0,1,1,0,0,0
0,0.8791819107145575,0.1551365403654374,0.7006813683101003,0,0,1,1,1,0,0,0,0,0,1,0,0,0,1,0,1,0,0,0,1,0,1,0,0,0,0
0,-1.0357842692720256,0.0554241384536323,-0.8050933577303864,0,0,0,0,1,0,0,0,0,0,0,0,0,0,0,0,0,0,1,0,1,0,0,1,0,1,0
0,0.02355872391204165,0.7201734845323329,0.20390365324371068,1,0,1,1,1,0,1,1,0,0,0,0,0,0,0,0,0,0,0,0,1,0,0,0,1,0,0
0,-0.6690886177852331,-1.4734993575273791,-0.856712356542791,0,1,1,1,1,0,0,0,1,1,0,1,0,1,0,1,0,1,0,1,0,0,0,0,0,1,0
0,-0.46536881140368175,-0.011050796154237758,-0.4177302726253329,0,0,0,1,1,0,0,0,0,0,1,0,0,0,1,0,0,0,0,0,1,1,0,0,0,0,1
1,-0.09867315991688919,0.32132387688511255,-0.04492639231352182,0,1,1,0,1,0,1,0,0,0,0,0,0,0,1,0,0,0,1,0,1,0,1,0,0,1,0
0,-1.1987601143772668,-0.47637533840932816,-0.9423028332060943,0,1,0,0,1,0,0,0,0,0,0,0,0,0,0,0,1,0,0,0,0,0,0,1,0,0,1
0,-0.8728084241667845,0.2548489422772425,-0.6462656690768337,0,1,0,0,1,0,0,1,0,0,0,0,0,0,1,0,0,0,0,0,0,0,0,0,0,1,0
0,1.2051336009250397,1.6840600363464486,2.1398367027209027,0,0,0,0,1,0,1,1,0,0,1,0,1,0,1,0,1,0,1,0,1,1,0,1,1,0,0
0,-0.5876006952326126,-1.506736824831314,-0.8536240403745274,0,1,0,0,1,0,0,0,1,1,0,1,0,1,0,1,0,1,0,1,0,0,0,0,0,1,0
0,-1.076528230548336,-1.506736824831314,-0.9506854056628096,0,1,0,1,1,0,0,0,1,1,0,1,0,1,0,1,0,1,0,1,0,0,0,0,0,0,1
0,0.5532302205040753,1.2187354940913584,1.0549553516123302,0,0,0,0,1,0,1,1,0,0,0,0,0,0,1,0,0,0,1,0,1,1,0,1,0,1,0
0,-0.46536881140368175,0.6536985499244629,-0.24081387498623677,0,1,0,0,1,0,1,1,0,0,0,0,0,0,0,0,0,0,0,0,1,0,0,1,0,1,0
0,1.4495973685829016,-1.340549488311639,-0.34625781273123424,0,1,0,0,1,0,1,0,1,1,0,1,0,1,0,1,0,1,0,1,0,0,1,1,0,0,0
0,-1.2802480369298874,-0.47637533840932816,-0.985098071537746,0,0,0,0,1,0,1,0,0,0,0,0,0,0,0,0,0,0,0,0,0,0,0,1,0,1,0
0,-0.3023929662984406,0.32132387688511255,-0.21434259354397797,0,0,1,0,1,0,0,1,0,0,0,0,0,0,1,0,0,0,0,0,0,0,0,1,0,1,0
0,-0.3431369275747509,-1.506736824831314,-0.7874458367688805,0,0,0,1,1,0,0,0,1,1,0,1,0,1,0,1,0,1,0,1,0,0,1,0,0,0,1
0,-0.09867315991688919,0.6869360172283978,0.15051990233515547,1,0,1,0,1,0,1,1,0,0,0,0,0,0,0,0,0,0,0,0,1,0,0,1,0,1,0
0,-1.2395040756535771,0.5207486807087227,-0.9259788763167014,1,0,0,0,1,0,0,1,0,0,0,0,0,0,0,0,0,0,0,0,1,0,0,0,0,1,0
0,0.7569500268856267,1.3849228306110335,1.4184942834193508,0,1,1,0,1,0,1,1,0,0,0,0,1,0,1,0,0,0,1,0,1,1,0,1,0,0,0
0,1.0014137945434884,0.6536985499244629,1.1303985037227677,0,0,1,1,1,0,1,0,0,0,1,0,0,0,1,0,1,0,1,0,1,0,1,1,0,1,0
0,-0.7098325790615434,-1.3073120210077038,-0.8443590918697368,0,0,0,0,1,0,1,0,1,1,0,1,0,1,0,1,0,1,0,1,0,0,1,0,0,0,0
0,1.6125732136881425,0.6204610826205278,1.6823247217938633,0,0,1,1,1,0,0,0,0,0,1,0,1,0,1,0,1,0,1,0,1,0,1,1,0,0,0
0,-1.2395040756535771,0.35456134418904756,-0.9365673888936049,1,0,0,0,1,0,0,1,0,0,0,0,0,0,1,0,0,0,0,0,0,0,0,1,0,1,0
0,-0.18016108246950976,1.052548157571683,0.17699118377741424,0,1,1,0,1,0,1,1,0,0,0,0,1,0,1,0,0,0,1,0,0,0,0,0,1,0,0
1,-0.13941712119319946,1.1190230921795532,0.3181713514694611,1,1,1,0,1,0,1,1,0,0,0,0,0,0,1,0,0,0,1,0,1,0,0,1,0,1,0
0,1.5310852911355222,1.2187354940913584,2.0785115673796697,0,1,1,1,1,0,0,1,0,0,1,0,1,0,1,0,1,0,1,0,0,0,1,1,1,0,0
0,-0.791320501614164,-1.4734993575273791,-0.8867131421773509,0,0,0,0,1,0,0,0,1,1,0,1,0,1,0,1,0,1,0,1,0,1,0,0,0,0,1
1,1.082901717096109,0.9860732229638132,1.4118764630587861,0,0,1,0,1,0,1,1,0,0,1,0,1,0,1,0,1,0,0,0,0,1,0,1,0,1,0
1,-0.791320501614164,1.0193106902677482,-0.4631726391012105,1,1,1,0,1,0,1,1,0,0,0,0,0,0,0,0,0,0,1,0,1,0,0,1,0,1,0
1,-1.0357842692720256,0.32132387688511255,-0.7746513840717887,1,1,1,0,1,0,1,1,0,0,0,0,0,0,0,0,0,0,0,0,0,0,0,1,0,0,1
0,1.2051336009250397,0.5539861480126578,1.1921648270880383,0,0,1,0,1,0,0,0,0,0,1,0,0,0,1,0,1,0,1,0,1,0,1,0,0,0,1
0,-0.46536881140368175,-0.14400066536997788,-0.4521429385002693,0,0,0,0,1,0,0,0,0,0,1,0,0,0,1,0,1,0,0,0,0,1,0,1,0,1,0
0,-1.2395040756535771,-0.14400066536997788,-0.9581856020714495,0,0,0,0,1,0,0,0,0,0,0,0,0,0,1,0,0,0,0,0,1,0,0,0,0,1,0
0,-1.2802480369298874,-0.7090376095368733,-0.9881863877060095,0,0,0,0,1,0,0,0,0,0,0,0,0,0,0,0,0,0,0,0,0,0,0,0,1,0,0
0,-1.1580161531009565,0.7201734845323329,-0.8712715613360332,0,1,0,0,1,0,0,1,0,0,0,0,0,0,1,0,0,0,0,0,1,0,0,0,0,1,0
0,-0.5468567339563023,-1.4734993575273791,-0.8381824595332098,0,0,0,0,1,0,0,0,1,1,0,1,0,1,0,1,0,1,0,1,0,1,0,0,1,0,0
0,-0.09867315991688919,0.6869360172283978,0.12007792867655788,1,0,0,0,1,0,0,1,0,0,0,0,0,0,0,0,1,0,1,0,0,0,0,0,0,1,0
0,1.4088534073065913,-1.506736824831314,-0.4406720498752905,0,1,1,1,1,0,0,0,1,1,0,1,0,1,0,1,0,1,0,1,0,0,1,1,1,0,0
1,1.6125732136881425,1.2519729613952935,2.323812108744601,0,1,1,0,1,0,1,1,0,0,1,0,1,0,1,0,0,0,0,0,1,0,1,1,1,0,0
0,0.8384379494382472,-1.506736824831314,-0.517438766057841,0,1,1,0,1,0,0,0,1,1,0,1,0,1,0,1,0,1,0,1,0,0,1,0,1,0,0
0,-1.1172721918246462,-1.506736824831314,-0.9634798583599014,0,0,0,0,1,0,0,0,1,1,0,1,0,1,0,1,0,1,0,1,0,1,0,0,0,1,0
1,1.5718292524118322,1.0193106902677482,1.9518906044808653,0,1,1,0,1,0,0,1,0,0,0,0,1,0,1,0,1,0,0,0,1,0,1,1,1,0,0
0,0.7162060656093164,0.6536985499244629,0.8299494593531307,0,0,1,1,1,0,1,0,0,0,0,0,1,0,1,0,1,0,1,0,1,1,0,1,1,0,0
0,0.9606698332671781,1.2852104286992283,1.5839397924334682,0,1,1,1,1,0,1,1,0,0,0,0,0,0,1,0,1,0,1,0,1,0,1,1,0,1,0
0,-1.2395040756535771,-0.47637533840932816,-0.9590679781195248,0,1,0,0,1,0,0,0,0,0,0,0,0,0,0,0,1,0,0,0,0,0,0,1,1,0,0
1,-1.2395040756535771,0.7866484191402029,-0.9281848164368897,1,0,0,0,1,0,1,1,0,0,0,0,0,0,1,0,0,0,0,0,1,0,0,1,0,1,0
0,-0.3431369275747509,-0.3434254691935881,-0.4168478965772576,1,1,1,1,1,0,1,0,0,0,1,0,0,0,0,0,0,0,0,0,0,0,0,0,0,1,0
0,0.5532302205040753,-1.506736824831314,-0.6268533960191772,0,1,1,1,1,0,0,0,1,1,0,1,0,1,0,1,0,1,0,1,0,0,1,0,1,0,0
0,1.5718292524118322,1.7172975036503837,2.7711767651187746,0,1,1,0,1,0,1,1,0,0,1,0,1,0,1,0,1,0,1,0,1,0,1,1,0,1,0
0,-0.13941712119319946,-1.1078872171840937,-0.5986173624807679,0,0,0,0,0,1,0,0,0,0,0,0,0,0,0,0,1,0,0,0,0,0,0,1,0,1,0
0,1.4903413298592119,-1.340549488311639,-0.24919644744295205,0,1,1,1,1,0,1,0,1,1,0,1,0,1,0,1,0,1,0,1,0,0,1,0,0,0,0
0,1.5718292524118322,0.6536985499244629,1.6205583984285927,0,1,1,0,1,0,1,0,0,0,0,0,1,0,1,0,1,0,1,0,1,0,1,0,1,0,0
1,-1.2802480369298874,0.8863608210520081,-0.9670093625522025,1,0,0,0,1,0,0,1,0,0,0,0,0,0,0,0,0,0,1,0,1,0,0,1,0,1,0
1,0.9606698332671781,0.6869360172283978,1.1211335552179773,0,1,1,0,1,0,0,0,0,0,1,0,1,0,1,0,1,0,1,0,1,0,1,1,0,0,0
0,0.9606698332671781,-1.440261890223444,-0.4609666989810222,0,1,0,1,1,0,0,0,1,1,0,1,0,1,0,1,0,1,0,1,0,1,0,1,0,0,1
0,-1.2802480369298874,0.4875112134047877,-0.9723036188406543,1,1,0,0,1,0,0,1,0,0,0,0,0,0,0,0,0,0,1,0,0,0,0,1,0,1,0
0,-0.18016108246950976,-1.3073120210077038,-0.71067912058633,0,0,1,0,1,0,1,0,1,1,0,1,0,1,0,1,0,1,0,1,0,1,0,0,0,0,1
0,-0.5468567339563023,-1.4734993575273791,-0.8386236475572474,0,0,1,1,1,0,0,0,1,1,0,1,0,1,0,1,0,1,0,1,0,0,0,0,0,0,1
0,1.368109446030281,-0.044288263458172786,0.8740682617568953,0,1,1,0,1,0,1,0,0,0,0,0,0,0,0,0,1,0,0,0,1,0,0,0,0,1,0
0,-0.6283446565089229,-0.11076319806604285,-0.5350862870193468,0,0,1,1,1,0,1,0,0,0,0,0,0,0,1,0,1,0,0,0,0,1,0,1,0,0,1
0,0.797693988161937,-1.3073120210077038,-0.4137595804089941,0,1,1,1,1,0,1,0,1,1,0,1,0,1,0,1,0,1,0,1,0,0,1,0,0,0,1
0,-0.5468567339563023,-0.21047559997784793,-0.546115987620288,0,0,0,0,1,0,0,0,0,0,0,0,1,0,0,0,0,0,1,0,0,1,0,0,0,1,0
0,0.1457906077409725,0.6869360172283978,0.31773016344542343,0,0,0,0,1,0,0,0,0,0,1,0,1,0,1,0,1,0,1,0,1,1,0,0,0,0,0
1,-1.0357842692720256,0.18837400766937243,-0.8011226655140475,1,1,1,0,1,0,0,1,0,0,0,0,0,0,0,0,0,0,0,0,0,0,0,1,0,0,1
0,1.6125732136881425,1.3184478960031634,2.3180766644321116,0,1,1,1,1,0,1,1,0,0,1,0,1,0,1,0,1,0,0,0,1,1,0,1,1,0,0
0,1.4088534073065913,1.5511101671307086,2.293811323110041,1,1,1,1,1,0,1,1,0,0,1,0,1,0,1,0,0,0,1,0,1,1,0,1,0,1,0
1,0.06430268518835193,1.1522605594834883,0.46773409161822316,0,1,0,0,1,0,0,1,0,0,0,0,1,0,1,0,0,0,1,0,1,1,0,1,0,1,0
1,1.0014137945434884,1.0193106902677482,1.387169933712678,1,1,1,0,1,0,1,1,0,0,0,0,1,0,1,0,0,0,0,0,1,0,0,1,0,0,0
0,-1.0357842692720256,0.7201734845323329,-0.7481801026295299,1,0,1,0,1,0,0,1,0,0,0,0,0,0,1,0,0,0,1,0,0,0,0,1,0,1,0
1,-1.2802480369298874,1.1854980267874233,-0.9630386703358637,1,0,1,0,1,0,1,1,0,0,0,0,0,0,1,0,0,0,1,0,1,0,0,1,0,1,0
0,-0.9950403079957154,-1.506736824831314,-0.9361262008695672,0,1,1,0,1,0,0,0,1,1,0,1,0,1,0,1,0,1,0,1,0,0,0,1,0,0,0
0,1.4903413298592119,1.3184478960031634,2.09351196019695,0,0,0,0,1,0,1,1,0,0,0,0,0,0,1,0,1,0,1,0,1,0,1,0,0,1,0
0,0.7162060656093164,1.3184478960031634,1.3011382690253368,0,0,1,0,1,0,1,1,0,0,1,0,0,0,1,0,0,0,1,0,1,1,0,1,0,0,1
0,-0.9135523854430948,-1.506736824831314,-0.9078901673311579,0,1,0,0,1,0,0,0,1,1,0,1,0,1,0,1,0,1,0,1,0,1,0,0,0,0,1
0,-0.8320644628904743,-1.3073120210077038,-0.8862719541533133,0,0,1,1,1,0,1,0,1,1,0,1,0,1,0,1,0,1,0,1,0,0,1,0,1,0,0
0,-0.7505765403378537,0.7201734845323329,-0.48655560437520573,1,0,0,0,1,0,0,1,0,0,0,0,1,0,0,0,0,0,0,0,1,0,0,1,0,1,0
0,1.5310852911355222,-0.5096128057132632,0.4796461682672396,0,0,1,0,0,1,0,0,0,0,1,0,0,0,1,0,1,0,0,0,1,0,1,1,0,0,0
1,1.2866215234776603,1.4513977652189036,2.1301305661920744,0,0,0,0,1,0,1,1,0,0,1,0,0,0,1,0,1,0,1,0,1,0,0,1,0,0,0
0,1.368109446030281,0.819885886444138,1.6214407744766681,0,0,1,1,1,0,1,0,0,0,1,0,1,0,1,0,1,0,1,0,1,0,1,0,1,0,0
0,1.5718292524118322,0.5872236153165927,1.6395294834622116,0,0,1,1,1,0,0,0,0,0,1,0,0,0,1,0,1,0,1,0,1,0,1,1,1,0,0
1,-0.506112772679992,0.819885886444138,-0.28007960912558727,0,1,0,0,1,0,0,1,0,0,0,0,0,0,0,0,0,0,1,0,1,0,0,0,0,1,0
0,1.6125732136881425,0.4875112134047877,1.5309972295489507,0,1,1,0,1,0,0,0,0,0,1,0,1,0,0,0,1,0,1,0,1,0,1,1,0,0,0
0,1.5718292524118322,-0.011050796154237758,0.9746591312374787,0,0,1,1,1,0,0,0,0,0,1,0,1,0,1,0,1,0,0,0,0,0,1,0,1,0,0
0,0.22727853029359305,1.2187354940913584,0.7381823503533003,0,1,1,1,1,0,1,1,0,0,0,0,0,0,1,0,0,0,1,0,1,0,0,1,1,0,0
0,-0.18016108246950976,0.819885886444138,0.1509610903591931,1,0,0,0,1,0,1,1,0,0,0,0,1,0,0,0,0,0,0,0,1,0,0,1,0,1,0
1,-0.6283446565089229,0.3877988114929826,-0.4631726391012105,1,1,1,0,1,0,0,1,0,0,0,0,1,0,0,0,0,0,0,0,0,0,0,1,0,1,0
0,0.02355872391204165,-0.8419874787526135,-0.42964234927434936,0,1,0,0,0,1,0,0,0,0,0,0,1,0,0,0,0,0,1,0,0,1,0,1,0,1,0
0,-0.38388088885106114,-1.0081748152722887,-0.6484716091970218,0,0,1,1,0,1,0,0,0,0,1,0,0,0,0,0,1,0,0,0,0,0,1,0,0,0,1
0,1.0421577558197987,-1.506736824831314,-0.5183211421059163,0,1,1,1,1,0,0,0,1,1,0,1,0,1,0,1,0,1,0,1,0,1,0,1,0,1,0
1,1.5310852911355222,1.3184478960031634,2.235133315913034,0,0,1,0,1,0,1,1,0,0,0,0,1,0,0,0,1,0,1,0,1,0,1,1,0,0,0
0,-1.1580161531009565,0.18837400766937243,-0.8774481936725603,0,1,1,0,1,0,0,1,0,0,0,0,0,0,0,0,0,0,0,0,0,0,0,0,0,1,0
0,0.512486259227765,-1.4734993575273791,-0.5972937984086549,0,1,1,1,1,0,0,0,1,1,0,1,0,1,0,1,0,1,0,1,0,0,1,0,0,0,1
0,-0.9135523854430948,0.18837400766937243,-0.6806783349517701,1,1,0,0,1,0,0,1,0,0,0,0,0,0,0,0,0,0,0,0,0,0,0,1,0,1,0
0,0.1457906077409725,-1.506736824831314,-0.674501702615243,0,1,1,1,1,0,0,0,1,1,0,1,0,1,0,1,0,1,0,1,0,0,1,0,1,0,0
0,0.8791819107145575,0.1551365403654374,0.7059756245985521,0,1,0,0,1,0,0,0,0,0,1,0,1,0,0,0,1,0,1,0,0,0,0,1,0,0,1
0,-0.38388088885106114,-0.1772381326739129,-0.3833176067503965,0,1,1,1,1,0,1,0,0,0,0,0,1,0,0,0,1,0,0,0,0,0,1,0,0,0,1
0,0.3495104141225239,0.45427374610085264,0.4094972724452538,0,0,1,1,1,0,1,0,0,0,1,0,1,0,1,0,0,0,1,0,0,1,0,1,1,0,0
1,-1.1172721918246462,0.22161147497330744,-0.8434767158216615,0,1,0,0,1,0,0,1,0,0,0,0,0,0,0,0,0,0,0,0,0,0,0,1,0,0,1
0,-0.22090504374582004,-0.6425626749290033,-0.4574371947887211,0,1,1,1,0,1,0,0,0,0,0,0,1,0,1,0,0,0,0,0,1,1,0,1,1,0,0
0,-1.2802480369298874,1.0193106902677482,-0.9652446104560519,0,0,0,0,1,0,0,1,0,0,0,0,0,0,0,0,1,0,1,0,1,0,0,1,0,1,0
0,1.4088534073065913,-0.9749373479683536,0.11566604843618142,0,0,1,1,0,1,0,0,0,0,1,0,0,0,0,0,1,0,0,0,0,0,1,0,1,0,0
1,1.6125732136881425,0.819885886444138,1.837622906255115,0,0,1,1,1,0,1,0,0,0,1,0,1,0,1,0,1,0,1,0,1,0,1,1,1,0,0
0,0.9606698332671781,-1.340549488311639,-0.3594934534523636,0,0,1,1,1,0,1,0,1,1,0,1,0,1,0,1,0,1,0,1,0,0,1,1,1,0,0
0,0.4717422979514547,-1.340549488311639,-0.5602340043894927,0,1,1,1,1,0,1,0,1,1,0,1,0,1,0,1,0,1,0,1,0,1,0,0,0,1,0
1,1.368109446030281,1.1854980267874233,1.9443904080722254,0,0,1,0,1,0,1,1,0,0,0,0,1,0,0,0,0,0,1,0,1,0,0,1,0,1,0
0,0.06430268518835193,-0.011050796154237758,-0.08595687854902292,1,0,0,0,1,0,1,0,0,0,1,0,1,0,0,0,1,0,0,0,0,1,0,1,0,0,1
0,1.4903413298592119,1.3516853633070984,2.1870438212929306,0,0,1,0,1,0,1,1,0,0,0,0,0,0,1,0,1,0,1,0,1,0,1,0,0,0,0
0,-1.2802480369298874,1.2519729613952935,-0.9621562942877884,1,0,1,1,1,0,1,1,0,0,1,0,0,0,1,0,0,0,1,0,1,0,0,1,0,1,0
0,0.3087664528462136,-1.506736824831314,-0.6409714127883819,0,0,0,0,1,0,0,0,1,1,0,1,0,1,0,1,0,1,0,1,0,0,1,0,1,0,0
0,-0.09867315991688919,-0.3434254691935881,-0.30655089056784607,0,1,1,1,1,0,1,0,0,0,1,0,0,0,0,0,0,0,0,0,0,0,0,1,0,0,0
0,-0.8728084241667845,0.18837400766937243,-0.6414126008124196,0,0,0,0,1,0,0,0,0,0,0,0,0,0,0,0,1,0,1,0,1,0,0,0,0,0,1
0,-0.7098325790615434,-1.4734993575273791,-0.8739186894802592,0,0,0,0,1,0,0,0,1,1,0,1,0,1,0,1,0,1,0,1,0,1,0,0,1,0,0
0,-0.8728084241667845,0.1551365403654374,-0.6930315996248242,0,1,0,0,1,0,0,0,0,0,0,0,0,0,1,0,0,0,1,0,1,0,0,1,0,1,0
0,1.2866215234776603,-1.506736824831314,-0.4177302726253329,0,0,1,1,1,0,0,0,1,1,0,1,0,1,0,1,0,1,0,1,0,1,0,0,0,0,0
1,1.6125732136881425,0.32132387688511255,1.3576103361021556,0,1,1,0,1,0,0,0,0,0,1,0,1,0,1,0,1,0,1,0,0,0,1,0,0,0,0
1,1.6125732136881425,0.9528357556598781,1.9642438691539195,0,1,1,0,1,0,1,1,0,0,1,0,1,0,1,0,1,0,0,0,0,0,1,1,0,0,0
0,-1.2802480369298874,-0.44313787110539316,-0.9846568835137084,0,0,0,1,1,0,0,0,0,0,1,0,0,0,0,0,0,0,0,0,0,0,0,0,0,0,1
0,-0.7098325790615434,0.022186671149697273,-0.5615575684616055,0,0,0,1,1,0,0,0,0,0,1,0,1,0,1,0,1,0,0,0,0,1,0,0,1,0,0
0,1.1236456783724194,0.5207486807087227,1.1312808797708431,0,0,0,0,1,0,1,0,0,0,0,0,0,0,1,0,1,0,1,0,1,1,0,0,1,0,0
0,0.9606698332671781,-0.4099004038014581,0.32478917183002576,0,1,0,0,1,0,0,0,0,0,1,0,0,0,1,0,0,0,0,0,0,1,0,0,0,0,1
0,-0.9950403079957154,-1.4734993575273791,-0.9361262008695672,0,0,0,0,1,0,0,0,1,1,0,1,0,1,0,1,0,1,0,1,0,0,1,0,0,0,1
0,-1.1987601143772668,0.5207486807087227,-0.911419671523459,1,0,0,0,1,0,0,1,0,0,0,0,0,0,1,0,1,0,0,0,0,0,0,0,1,0,0
0,0.6754621043330061,-0.4099004038014581,0.13243119334961198,0,0,1,0,1,0,1,0,0,0,0,0,0,0,0,0,0,0,0,0,0,0,0,1,1,0,0
0,-1.2395040756535771,0.5207486807087227,-0.9427440212301319,1,0,0,0,1,0,0,1,0,0,0,0,0,0,0,0,0,0,1,0,0,0,0,1,0,1,0
0,-1.076528230548336,1.1190230921795532,-0.7570038631102829,1,0,0,0,1,0,0,1,0,0,1,0,1,0,1,0,1,0,0,0,1,0,0,1,0,0,0
0,1.5310852911355222,1.6508225690425138,2.3948433806146623,0,1,0,0,1,0,1,1,0,0,1,0,1,0,1,0,1,0,1,0,1,0,1,1,0,0,0
0,-0.8320644628904743,1.5843476344346437,-0.39655324747152587,1,1,0,0,1,0,1,1,0,0,0,0,1,0,1,0,1,0,1,0,1,0,0,1,0,0,1
1,0.797693988161937,1.3184478960031634,1.410994087010711,0,1,1,0,1,0,0,1,0,0,1,0,0,0,1,0,1,0,1,0,1,1,0,1,0,0,0
0,1.6125732136881425,1.6175851017385787,2.57705403454221,0,0,1,0,1,0,1,1,0,0,1,0,1,0,1,0,1,0,1,0,1,0,1,1,1,0,0
0,0.3087664528462136,-1.4734993575273791,-0.6422949768604949,0,0,0,0,1,0,0,0,1,1,0,1,0,1,0,1,0,1,0,1,0,0,1,1,0,0,0
0,-1.2802480369298874,0.18837400766937243,-0.976274311056993,1,0,0,0,1,0,0,1,0,0,0,0,0,0,0,0,0,0,0,0,0,0,0,0,0,0,1
1,-1.1987601143772668,0.7201734845323329,-0.9100961074513462,1,0,0,0,1,0,0,1,0,0,0,0,0,0,1,0,0,0,1,0,0,0,0,1,0,1,0
1,0.3087664528462136,0.8863608210520081,0.6133261395506464,0,0,0,0,1,0,0,1,0,0,0,0,0,0,0,0,0,0,1,0,1,0,0,1,0,1,0
0,-1.2802480369298874,-0.5096128057132632,-0.9855392595617837,0,1,0,1,1,0,0,0,0,0,0,0,0,0,1,0,0,0,0,0,0,0,0,1,0,1,0
0,-0.09867315991688919,-1.506736824831314,-0.7530331708939441,0,1,1,0,1,0,0,0,1,1,0,1,0,1,0,1,0,1,0,1,0,1,0,0,1,0,0
0,-0.38388088885106114,1.1522605594834883,0.021251811292125118,1,1,1,1,1,0,0,1,0,0,1,0,0,0,0,0,1,0,1,0,1,0,0,1,0,1,0
0,-1.2802480369298874,0.32132387688511255,-0.9745095589608425,1,1,1,1,1,0,1,1,0,0,0,0,0,0,0,0,0,0,0,0,0,0,0,1,0,1,0
1,0.4717422979514547,1.3184478960031634,0.9759826953095916,0,0,1,0,1,0,1,1,0,0,0,0,0,0,1,0,1,0,1,0,1,0,0,0,0,1,0
0,1.3273654847539706,1.4846352325228385,2.0551286021056745,1,1,0,0,1,0,1,1,0,0,0,0,1,0,1,0,1,0,1,0,1,0,0,1,0,1,0
1,-1.0357842692720256,-0.5428502730171982,-0.8571535445668286,0,0,0,0,1,0,0,0,0,0,1,0,0,0,0,0,0,0,0,0,0,0,0,1,0,1,0
1,1.6125732136881425,-1.3073120210077038,-0.21787209773627916,0,1,0,0,1,0,1,0,1,1,0,1,0,1,0,1,0,1,0,1,0,0,1,1,1,0,0
1,-0.9950403079957154,1.1854980267874233,-0.6065587469134455,0,0,0,0,1,0,1,1,0,0,0,0,0,0,0,0,1,0,1,0,1,0,0,1,1,0,0
0,-0.6690886177852331,0.022186671149697273,-0.5469983636683633,1,0,0,0,1,0,1,0,0,0,0,0,0,0,1,0,0,0,0,0,1,0,0,1,1,0,0
1,1.368109446030281,1.1522605594834883,2.0026272272451946,1,1,1,1,1,0,1,1,0,0,0,0,0,0,1,0,0,0,1,0,1,0,0,1,1,0,0
0,-1.2802480369298874,0.22161147497330744,-0.9758331230329554,1,1,0,0,1,0,0,1,0,0,0,0,0,0,0,0,0,0,0,0,0,0,0,1,0,0,1
0,-1.1987601143772668,-0.310188001889653,-0.9378909529657179,0,1,0,1,1,0,0,0,0,0,1,0,0,0,1,0,0,0,0,0,0,0,0,0,0,0,1
0,0.8384379494382472,0.9528357556598781,1.2115771001456948,1,1,1,0,1,0,1,1,0,0,1,0,0,0,1,0,0,0,0,0,1,0,0,0,0,1,0
1,-0.9950403079957154,-0.011050796154237758,-0.7508272307737558,0,1,1,0,1,0,0,0,0,0,0,0,0,0,1,0,1,0,0,0,1,0,0,1,1,0,0
1,1.4903413298592119,1.4513977652189036,2.2214564871678673,1,1,1,0,1,0,1,1,0,0,0,0,1,0,1,0,1,0,1,0,1,0,1,1,0,0,0
0,-1.1172721918246462,0.6869360172283978,-0.8218585026438169,0,0,0,0,1,0,0,1,0,0,0,0,1,0,0,0,0,0,1,0,0,0,0,1,0,0,1
0,1.6125732136881425,1.4181602979149686,2.33528299736958,0,0,1,1,1,0,1,1,0,0,1,0,0,0,1,0,1,0,1,0,1,0,1,0,0,0,1
0,-0.791320501614164,-0.5428502730171982,-0.7278854535237982,1,0,1,0,0,1,0,0,0,0,0,0,0,0,1,0,0,0,1,0,1,0,0,1,0,0,0
0,-1.1580161531009565,0.6869360172283978,-0.8655361170235438,1,0,0,0,1,0,1,1,0,0,0,0,0,0,0,0,0,0,1,0,0,0,0,1,0,1,0
0,0.8791819107145575,0.8863608210520081,1.1833410666072854,0,0,1,1,1,0,1,0,0,0,1,0,1,0,1,0,1,0,1,0,1,0,1,0,1,0,0
0,1.6125732136881425,0.6869360172283978,1.7065900631159339,0,1,1,0,1,0,1,0,0,0,0,0,1,0,1,0,1,0,1,0,1,0,1,0,0,0,0
0,-0.8320644628904743,1.3849228306110335,-0.45434887862045753,1,1,0,0,1,0,1,1,0,0,0,0,1,0,1,0,0,0,1,0,1,0,0,1,0,1,0
0,-1.2802480369298874,-1.3073120210077038,-0.9961277721386872,1,1,0,0,0,1,0,0,0,0,0,0,0,0,0,0,0,0,0,0,0,0,0,1,0,1,0
1,-1.2802480369298874,-0.6425626749290033,-0.9873040116579342,0,1,0,0,1,0,0,0,0,0,0,0,0,0,0,0,0,0,0,0,0,0,0,0,0,1,0
0,0.8791819107145575,1.5178726998267735,1.592763552914221,1,0,1,0,1,0,1,1,0,0,0,0,1,0,1,0,1,0,1,0,1,1,0,0,0,1,0
0,1.4903413298592119,0.4875112134047877,1.3840816175444144,0,1,1,1,1,0,1,1,0,0,0,0,0,0,1,0,0,0,0,0,0,0,1,1,1,0,0
0,0.6347181430566958,-0.310188001889653,0.15184346640726842,0,0,0,0,1,0,0,0,0,0,1,0,1,0,0,0,0,0,0,0,0,0,1,0,1,0,0
0,0.6347181430566958,1.2852104286992283,1.2151066043379959,1,0,1,1,1,0,1,1,0,0,1,0,1,0,0,0,0,0,1,0,1,1,0,1,1,0,0
0,-0.9950403079957154,0.853123353748073,-0.6793547708796571,0,0,1,0,1,0,1,1,0,0,0,0,0,0,0,0,1,0,0,0,1,0,0,1,0,1,0
0,1.5718292524118322,0.8863608210520081,1.8998304176444232,0,1,1,1,1,0,1,0,0,0,1,0,1,0,1,0,1,0,1,0,1,0,1,1,0,0,1
0,-1.2395040756535771,-0.5760877403211333,-0.9665681745281649,1,1,0,0,1,0,0,0,0,0,1,0,0,0,0,0,0,0,0,0,0,0,0,1,0,1,0
0,1.4088534073065913,1.1854980267874233,1.963361493105844,0,1,1,0,1,0,0,1,0,0,1,0,1,0,0,0,0,0,1,0,1,1,0,1,1,0,0
0,0.06430268518835193,1.0857856248756181,0.49729368922874545,0,1,1,1,1,0,1,1,0,0,0,0,1,0,0,0,0,0,1,0,1,0,0,1,0,0,0
0,-1.1987601143772668,0.1551365403654374,-0.9193610559561367,0,0,0,0,1,0,0,1,0,0,0,0,0,0,0,0,0,0,0,0,0,0,0,1,0,1,0
0,-0.9542963467194051,0.022186671149697273,-0.7455329744853041,0,0,1,1,1,0,0,0,0,0,0,0,1,0,0,0,1,0,1,0,0,1,0,1,0,0,1
0,1.5718292524118322,1.3184478960031634,2.208220846446738,0,1,1,1,1,0,0,1,0,0,1,0,1,0,1,0,0,0,1,0,1,1,0,1,0,0,0
0,1.0014137945434884,0.853123353748073,1.299814704953224,0,1,0,0,1,0,1,1,0,0,0,0,0,0,0,0,1,0,1,0,0,0,1,1,1,0,0
0,1.6125732136881425,-0.044288263458172786,0.9623058665644246,0,1,0,0,0,1,0,0,0,0,1,0,1,0,1,0,1,0,1,0,1,0,1,1,0,0,0
1,0.6347181430566958,1.3184478960031634,1.2287834330831628,0,0,1,1,1,0,0,1,0,0,1,0,0,0,1,0,1,0,1,0,1,0,0,1,0,1,0
0,-0.5876006952326126,-1.4734993575273791,-0.8302410751005321,0,1,0,0,1,0,0,0,1,1,0,1,0,1,0,1,0,1,0,1,0,1,0,0,0,0,1
0,0.4309983366751445,1.3184478960031634,0.9565704222519352,0,1,1,1,1,0,1,1,0,0,0,0,0,0,1,0,1,0,1,0,1,1,0,1,1,0,0
0,1.6125732136881425,0.9528357556598781,1.94350803202415,0,0,1,1,1,0,1,0,0,0,1,0,1,0,1,0,1,0,1,0,1,0,1,1,0,0,0
0,0.10504664646466222,0.2880864095811775,0.1668438592245484,0,1,1,1,1,0,1,0,0,0,0,0,0,0,0,0,1,0,1,0,1,1,0,1,0,0,0
0,-1.1580161531009565,-1.4734993575273791,-0.9749507469848802,0,1,0,0,1,0,0,0,1,1,0,1,0,1,0,1,0,1,0,1,0,0,0,0,0,0,1
0,0.6754621043330061,-1.3073120210077038,-0.4728787756300387,0,0,1,1,1,0,1,0,1,1,0,1,0,1,0,1,0,1,0,1,0,0,1,0,0,0,1
0,1.5718292524118322,1.1854980267874233,2.094394336245025,0,0,1,1,1,0,1,1,0,0,1,0,1,0,1,0,0,0,1,0,0,0,1,0,0,0,0
0,-0.8728084241667845,0.853123353748073,-0.5571456882212291,0,1,1,1,1,0,0,1,0,0,0,0,0,0,0,0,0,0,1,0,1,0,0,0,0,1,0
0,1.24587756220135,0.819885886444138,1.4621718977990779,0,1,1,1,1,0,1,0,0,0,1,0,1,0,1,0,1,0,1,0,1,0,1,1,1,0,0
1,1.3273654847539706,1.0193106902677482,1.7383556008466443,0,0,0,0,1,0,1,1,0,0,0,0,1,0,1,0,0,0,1,0,0,0,0,1,0,0,0
0,0.6754621043330061,-1.4734993575273791,-0.5553809361250786,0,0,0,1,1,0,0,0,1,1,0,1,0,1,0,1,0,1,0,1,0,0,1,0,1,0,0
0,-0.13941712119319946,1.1190230921795532,0.28684700176278816,1,0,0,0,1,0,1,1,0,0,0,0,0,0,1,0,0,0,1,0,1,0,0,1,1,0,0
1,-0.7098325790615434,0.6204610826205278,-0.4521429385002693,1,0,1,0,1,0,1,1,0,0,0,0,0,0,1,0,1,0,0,0,0,0,0,1,0,1,0
0,-1.1580161531009565,-1.506736824831314,-0.9709800547685413,0,0,1,1,1,0,0,0,1,1,0,1,0,1,0,1,0,1,0,1,0,0,0,1,0,1,0
0,1.6125732136881425,1.4846352325228385,2.4292560464895985,0,0,1,0,1,0,1,1,0,0,0,0,1,0,1,0,1,0,1,0,1,1,0,0,1,0,0
1,-0.26164900502213034,0.6869360172283978,-0.09522182705381349,0,0,1,0,1,0,0,1,0,0,0,0,0,0,1,0,0,0,1,0,0,0,0,1,1,0,0
1,0.10504664646466222,1.2519729613952935,0.5158235862383266,0,0,1,0,1,0,1,1,0,0,0,0,0,0,1,0,0,0,1,0,1,0,0,0,0,0,0
0,1.0014137945434884,0.9860732229638132,1.4052586426982214,0,0,0,0,1,0,1,1,0,0,0,0,1,0,0,0,1,0,0,0,1,1,0,0,0,1,0
0,-0.18016108246950976,-0.011050796154237758,-0.21213665342378976,0,1,1,1,1,0,1,0,0,0,0,0,1,0,0,0,0,0,0,0,1,0,0,0,0,1,0
0,-0.3023929662984406,-1.2740745537037688,-0.6837666511200337,0,0,1,0,1,0,1,0,1,1,0,1,0,1,0,1,0,1,0,1,0,1,0,1,0,0,1
0,0.5939741817803856,0.0554241384536323,0.32567154787810104,0,0,1,0,1,0,0,0,0,0,1,0,0,0,1,0,0,0,1,0,0,1,0,1,1,0,0
0,1.0014137945434884,0.022186671149697273,0.6195027718871734,0,0,1,1,1,0,1,0,0,0,1,0,1,0,0,0,1,0,0,0,0,0,0,0,0,0,0
1,-0.6690886177852331,0.6869360172283978,-0.3934649313032624,0,1,1,0,1,0,1,1,0,0,0,0,0,0,0,0,0,0,1,0,0,0,0,1,1,0,0
0,-1.1172721918246462,-0.310188001889653,-0.8862719541533133,0,1,0,0,1,0,0,0,0,0,1,0,0,0,1,0,0,0,0,0,0,0,0,1,0,0,1
0,-0.6283446565089229,0.18837400766937243,-0.47155521155792574,1,1,1,0,1,0,0,1,0,0,0,0,0,0,0,0,0,0,0,0,0,0,0,1,0,0,0
1,0.9606698332671781,1.3184478960031634,1.4237885397078025,1,0,0,0,1,0,1,1,0,0,0,0,1,0,1,0,0,0,1,0,1,1,0,1,0,0,0
0,1.6125732136881425,-1.506736824831314,-0.42390690496185995,0,1,1,1,1,0,0,0,1,1,0,1,0,1,0,1,0,1,0,1,0,0,1,0,0,0,0
1,-0.46536881140368175,0.9860732229638132,-0.13669350131335226,1,0,0,0,1,0,1,1,0,0,0,0,0,0,0,0,0,0,1,0,1,0,0,1,0,1,0
0,0.6347181430566958,-0.6425626749290033,-0.03830857195295713,0,0,1,1,0,1,0,0,0,0,1,0,0,0,1,0,0,0,0,0,1,1,0,0,1,0,0
0,1.4495973685829016,1.6508225690425138,2.4530801997876317,0,0,1,0,1,0,1,1,0,0,1,0,1,0,1,0,1,0,1,0,1,0,1,0,0,0,0
0,-0.09867315991688919,1.3849228306110335,0.4094972724452538,0,0,0,0,1,0,1,1,0,0,1,0,0,0,0,0,1,0,1,0,1,0,0,0,0,0,0
0,-1.1987601143772668,-0.6093252076250683,-0.9498030296147343,0,0,1,0,1,0,0,0,0,0,0,0,0,0,0,0,0,0,0,0,0,0,0,1,0,0,1
1,-0.7505765403378537,-0.8419874787526135,-0.7018553601055771,0,0,0,0,0,1,0,0,0,0,1,0,0,0,1,0,1,0,0,0,0,0,1,0,0,0,1
0,-1.1580161531009565,-1.4734993575273791,-0.9696564906964283,0,0,0,1,1,0,0,0,1,1,0,1,0,1,0,1,0,1,0,1,0,0,0,1,0,0,0
0,1.5718292524118322,1.0193106902677482,2.014539303894211,0,0,1,1,1,0,1,1,0,0,0,0,1,0,1,0,0,0,0,0,1,0,1,1,1,0,0
0,-0.9950403079957154,-1.340549488311639,-0.9175963038599861,0,1,1,1,1,0,1,0,1,1,0,1,0,1,0,1,0,1,0,1,0,1,0,0,0,0,1
0,1.1643896396487294,-1.0414122825762238,-0.07316242585193118,0,1,1,1,0,1,0,0,0,0,1,0,0,0,1,0,0,0,0,0,0,0,0,0,0,0,0
0,1.6125732136881425,0.853123353748073,1.8892419050675195,0,1,1,1,1,0,1,1,0,0,0,0,1,0,1,0,1,0,0,0,0,0,1,0,0,0,0
0,-1.1172721918246462,0.6536985499244629,-0.8200937505476663,0,0,0,0,1,0,1,1,0,0,0,0,0,0,0,0,0,0,1,0,0,0,0,1,0,1,0
0,0.6754621043330061,0.08866160575756733,0.45141013472883024,0,0,0,0,1,0,0,0,0,0,1,0,1,0,1,0,1,0,0,0,0,0,1,0,0,0,0
0,-0.9950403079957154,-1.506736824831314,-0.9330378847013038,0,1,0,0,1,0,0,0,1,1,0,1,0,1,0,1,0,1,0,1,0,0,0,1,0,0,0
0,-1.1987601143772668,0.5207486807087227,-0.8955369026581038,0,1,0,0,1,0,0,1,0,0,0,0,0,0,0,0,0,0,0,0,1,0,0,1,0,1,0
0,-0.9542963467194051,-1.506736824831314,-0.920243432004212,0,1,1,1,1,0,0,0,1,1,0,1,0,1,0,1,0,1,0,1,0,0,1,0,0,0,1
0,1.4088534073065913,-0.3434254691935881,0.6861221635168581,0,1,1,1,1,0,0,0,0,0,1,0,1,0,0,0,0,0,0,0,0,0,1,1,0,0,0
0,0.5532302205040753,-0.6425626749290033,-0.09610420310188879,0,1,0,0,1,0,0,0,0,0,0,0,0,0,0,0,0,0,0,0,0,0,0,1,1,0,0
0,1.4088534073065913,0.35456134418904756,1.2270186809870123,0,0,1,0,1,0,1,0,0,0,1,0,1,0,1,0,0,0,0,0,1,1,0,0,0,0,1
0,0.9199258719908678,-1.506736824831314,-0.5042031253367115,0,0,1,0,1,0,0,0,1,1,0,1,0,1,0,1,0,1,0,1,0,1,0,0,0,1,0
0,0.02355872391204165,0.2548489422772425,0.07242962208049208,0,1,1,0,1,0,1,0,0,0,1,0,1,0,1,0,0,0,1,0,0,0,0,1,0,0,0
0,1.2051336009250397,-1.4734993575273791,-0.4499369983800811,0,1,1,1,1,0,0,0,1,1,0,1,0,1,0,1,0,1,0,1,0,0,1,0,1,0,0
0,-1.2802480369298874,-0.6425626749290033,-0.9873040116579342,1,0,0,1,1,0,0,0,0,0,0,0,0,0,0,0,0,0,0,0,0,0,0,0,0,0,1
0,0.6754621043330061,-0.8419874787526135,-0.19625388455843448,0,1,1,1,0,1,0,0,0,0,1,0,0,0,0,0,0,0,0,0,1,0,0,1,0,1,0
0,-1.2802480369298874,-0.6758001422329384,-0.9877451996819718,0,1,0,0,1,0,0,0,0,0,0,0,0,0,0,0,0,0,0,0,0,0,0,1,0,1,0
0,-0.7505765403378537,0.5872236153165927,-0.4843496642550175,0,1,1,0,1,0,1,1,0,0,0,0,1,0,1,0,0,0,0,0,0,0,0,1,0,1,0
1,-0.5876006952326126,0.9528357556598781,-0.2381667468420109,0,1,0,0,1,0,1,1,0,0,0,0,0,0,1,0,1,0,1,0,0,0,0,0,0,0,0
1,-1.2802480369298874,0.18837400766937243,-0.976274311056993,1,0,0,0,1,0,0,1,0,0,0,0,0,0,0,0,0,0,0,0,0,0,0,1,0,1,0
0,-1.2802480369298874,0.6869360172283978,-0.9696564906964283,1,0,0,0,1,0,0,1,0,0,0,0,0,0,1,0,0,0,1,0,0,0,0,1,1,0,0
0,1.6125732136881425,1.7505349709543188,2.755735184277457,0,0,1,0,1,0,1,1,0,0,1,0,1,0,1,0,1,0,1,0,1,0,1,1,1,0,0
0,1.2866215234776603,1.1522605594834883,1.8821828966829173,0,1,0,0,1,0,1,1,0,0,1,0,0,0,1,0,1,0,0,0,1,0,1,0,1,0,0
0,1.4903413298592119,1.5843476344346437,2.4367562428982388,0,1,1,0,1,0,1,1,0,0,1,0,1,0,1,0,1,0,1,0,1,0,1,1,0,0,0
0,-1.2802480369298874,-1.3073120210077038,-0.9961277721386872,0,0,0,0,1,0,1,0,1,1,0,1,0,1,0,1,0,1,0,1,0,0,0,1,0,1,0
0,1.5718292524118322,0.853123353748073,1.7665916343850536,0,1,1,1,1,0,1,0,0,0,1,0,1,0,1,0,1,0,1,0,1,0,1,0,1,0,0
0,1.368109446030281,-0.5096128057132632,0.42714479340675965,0,0,1,1,1,0,0,0,0,0,0,0,0,0,0,0,1,0,0,0,0,1,0,1,1,0,0
0,-1.2395040756535771,-1.506736824831314,-0.985098071537746,0,1,0,0,1,0,0,0,1,1,0,1,0,1,0,1,0,1,0,1,0,0,0,0,0,0,1
1,1.5718292524118322,1.4846352325228385,2.479992669253928,0,0,1,0,1,0,0,1,0,0,1,0,1,0,1,0,1,0,1,0,1,0,1,1,0,0,0
0,-0.8728084241667845,-0.11076319806604285,-0.6855314032161842,0,1,0,0,1,0,0,0,0,0,0,0,1,0,0,0,0,0,1,0,0,1,0,1,0,1,0
0,0.5939741817803856,-0.310188001889653,0.16375554305628487,0,1,0,1,1,0,0,0,0,0,1,0,1,0,0,0,0,0,0,0,0,0,0,1,0,1,0
0,0.10504664646466222,0.18837400766937243,0.05875279333532505,1,0,1,0,1,0,0,1,0,0,0,0,0,0,0,0,0,0,0,0,0,0,0,1,0,1,0
1,-0.01718523736426863,1.3849228306110335,0.5458243718728866,1,1,1,0,1,0,1,1,0,0,0,0,1,0,1,0,0,0,1,0,1,0,0,0,0,0,0
0,1.1236456783724194,1.2852104286992283,1.6262938427410822,0,1,1,1,1,0,1,1,0,0,0,0,1,0,0,0,1,0,1,0,1,0,0,1,0,0,0
0,-0.8728084241667845,-1.506736824831314,-0.9074489793071202,0,1,0,0,1,0,0,0,1,1,0,1,0,1,0,1,0,1,0,1,0,1,0,0,0,0,1
0,-0.13941712119319946,-0.8419874787526135,-0.5297920307308951,0,0,0,0,0,1,0,0,0,0,1,0,1,0,0,0,1,0,0,0,0,1,0,0,1,0,0
0,-0.46536881140368175,-1.2740745537037688,-0.7578862391583582,0,1,1,1,0,1,0,0,0,0,0,0,0,0,0,0,0,0,0,0,0,0,0,1,0,1,0
1,0.6347181430566958,0.8863608210520081,0.9208341923048858,0,1,1,0,1,0,1,1,0,0,0,0,0,0,1,0,0,0,0,0,1,0,0,1,1,0,0
0,-1.1987601143772668,-1.1743621517919638,-0.9674505505762402,0,0,0,1,0,1,0,0,0,0,0,0,1,0,0,0,0,0,0,0,0,0,0,0,0,0,1
0,0.4309983366751445,-0.47637533840932816,-0.050220648601973575,0,0,1,1,1,0,0,0,0,0,0,0,1,0,0,0,0,0,0,0,0,0,0,0,0,0,1
0,-1.1172721918246462,1.3516853633070984,-0.7645040595189229,0,1,0,0,1,0,1,1,0,0,0,0,1,0,1,0,0,0,1,0,1,0,0,0,0,1,0
0,-1.2802480369298874,-0.310188001889653,-0.9828921314175577,0,0,0,0,1,0,0,0,0,0,0,0,0,0,0,0,0,0,0,0,1,0,0,1,0,1,0
0,1.5718292524118322,0.6869360172283978,1.7723270786975431,0,1,1,1,1,0,1,0,0,0,1,0,0,0,1,0,1,0,1,0,1,1,0,0,0,1,0
0,-0.9950403079957154,-1.506736824831314,-0.9365673888936049,0,0,1,1,1,0,0,0,1,1,0,1,0,1,0,1,0,1,0,1,0,1,0,0,0,1,0
0,-0.9950403079957154,-0.1772381326739129,-0.8147994942592145,0,1,0,0,1,0,1,0,0,0,0,0,0,0,0,0,0,0,1,0,0,0,0,1,0,1,0
0,-0.506112772679992,0.853123353748073,-0.22140160192858033,0,1,0,0,1,0,1,1,0,0,0,0,0,0,1,0,0,0,1,0,0,0,0,1,1,0,0
0,0.02355872391204165,1.2852104286992283,0.5224414065988913,1,0,1,1,1,0,1,1,0,0,1,0,0,0,1,0,0,0,1,0,1,1,0,1,0,0,1
0,1.5718292524118322,0.4875112134047877,1.4423184367173838,0,1,0,0,1,0,1,1,0,0,0,0,1,0,0,0,0,0,0,0,0,1,0,1,1,0,0
1,-0.05792919864057891,0.853123353748073,0.24361057540709882,0,0,1,0,1,0,1,1,0,0,0,0,0,0,1,0,0,0,1,0,0,1,0,1,0,1,0
1,0.22727853029359305,1.0193106902677482,0.5771487215795594,0,0,1,0,1,0,1,1,0,0,1,0,1,0,0,0,0,0,0,0,1,1,0,0,1,0,0
0,-1.2802480369298874,0.7866484191402029,-0.9683329266243155,1,1,0,0,1,0,0,1,0,0,0,0,0,0,0,0,0,0,1,0,1,0,0,1,0,1,0
0,-1.2395040756535771,-1.1411246844880287,-0.9793626272252566,0,0,1,1,0,1,0,0,0,0,0,0,1,0,0,0,0,0,0,0,0,0,0,1,0,0,1
0,-0.8320644628904743,-0.5096128057132632,-0.7349444619084006,0,0,1,0,0,1,0,0,0,0,0,0,0,0,1,0,0,0,1,0,1,0,0,1,0,0,0
0,-0.9542963467194051,0.9528357556598781,-0.6233238918268761,0,0,0,1,1,0,0,1,0,0,1,0,0,0,1,0,1,0,0,0,1,0,0,0,0,0,0
1,-0.8728084241667845,-0.3434254691935881,-0.742003470293003,0,1,0,1,1,0,0,0,0,0,0,0,1,0,0,0,1,0,0,0,0,0,0,1,0,1,0
0,-1.076528230548336,-1.506736824831314,-0.9581856020714495,0,1,0,1,1,0,0,0,1,1,0,1,0,1,0,1,0,1,0,1,0,0,0,0,0,0,1
0,1.5718292524118322,0.6536985499244629,1.660265320591981,0,0,1,0,1,0,0,0,0,0,1,0,1,0,1,0,1,0,1,0,1,1,0,1,0,0,0
0,0.3902543753988342,0.9860732229638132,0.7236231455600579,0,0,1,1,1,0,1,1,0,0,1,0,1,0,0,0,0,0,1,0,0,1,0,1,1,0,0
0,-0.9950403079957154,0.9860732229638132,-0.6643543780623772,1,0,1,1,1,0,0,1,0,0,0,0,0,0,1,0,0,0,1,0,1,0,0,1,0,1,0
0,-1.1172721918246462,1.052548157571683,-0.7812692044323534,1,0,0,0,1,0,0,1,0,0,0,0,1,0,0,0,0,0,1,0,1,0,0,1,0,1,0
0,-1.2395040756535771,0.18837400766937243,-0.9449499613503202,1,0,1,0,1,0,0,1,0,0,0,0,0,0,0,0,0,0,0,0,0,0,0,1,0,1,0
0,0.512486259227765,-1.4734993575273791,-0.6136177552980479,0,0,1,1,1,0,0,0,1,1,0,1,0,1,0,1,0,1,0,1,0,0,1,0,0,0,1
0,-0.18016108246950976,-0.14400066536997788,-0.26507921630830733,0,1,1,1,0,1,0,0,0,0,0,0,1,0,1,0,1,0,1,0,1,1,0,1,1,0,0
0,0.4309983366751445,0.5207486807087227,0.4919994329402937,0,0,1,0,1,0,1,1,0,0,0,0,1,0,0,0,0,0,0,0,0,0,0,0,0,1,0
0,1.1236456783724194,0.6536985499244629,1.1917236390640007,0,1,0,1,1,0,1,0,0,0,1,0,0,0,1,0,1,0,1,0,1,0,1,1,0,1,0
0,0.3902543753988342,-1.0414122825762238,-0.3696407780052295,1,0,1,0,0,1,0,0,0,0,0,0,1,0,0,0,1,0,0,0,0,1,0,0,0,0,1
0,-1.0357842692720256,-0.5096128057132632,-0.8725951254081462,0,1,1,1,0,1,0,0,0,0,1,0,0,0,1,0,1,0,0,0,1,0,1,0,1,0,0
0,-0.3023929662984406,-1.4734993575273791,-0.7834751445525416,0,0,1,0,1,0,0,0,1,1,0,1,0,1,0,1,0,1,0,1,0,1,0,1,0,0,0
1,0.3087664528462136,0.9860732229638132,0.5987669347574041,1,0,1,1,1,0,1,1,0,0,0,0,0,0,0,0,0,0,1,0,1,0,0,1,1,0,0
0,-0.22090504374582004,1.1854980267874233,0.17213811551300015,0,1,0,0,1,0,1,1,0,0,0,0,0,0,1,0,0,0,1,0,1,1,0,1,0,0,0
0,-0.9135523854430948,-0.9749373479683536,-0.835535331388984,0,1,0,0,0,1,0,0,0,0,0,0,1,0,0,0,1,0,0,0,0,0,0,0,0,1,0
1,-0.22090504374582004,0.7201734845323329,0.05213497297476036,0,0,0,0,1,0,1,1,0,0,0,0,1,0,1,0,0,0,0,0,0,0,0,1,0,0,0
0,-0.8728084241667845,-0.3766629364975231,-0.7199440690911206,0,0,0,0,1,0,0,0,0,0,0,0,0,0,1,0,1,0,0,0,0,1,0,0,0,0,0
0,-1.1580161531009565,-0.8752249460565485,-0.9383321409897555,0,1,1,1,0,1,0,0,0,0,1,0,0,0,0,0,0,0,1,0,0,0,0,0,1,0,0
0,1.4495973685829016,-0.8419874787526135,0.22640424246963062,0,1,0,0,0,1,0,0,0,0,0,0,0,0,1,0,0,0,0,0,1,0,0,1,0,0,0
1,-1.2802480369298874,0.18837400766937243,-0.976274311056993,0,1,0,0,1,0,0,1,0,0,0,0,0,0,0,0,0,0,0,0,0,0,0,1,0,1,0
0,-0.5876006952326126,-1.4734993575273791,-0.8275939469563063,0,0,0,0,1,0,0,0,1,1,0,1,0,1,0,1,0,1,0,1,0,1,0,0,0,0,1
0,1.0014137945434884,1.5843476344346437,1.845123102663755,1,0,0,0,1,0,1,1,0,0,1,0,1,0,1,0,0,0,1,0,1,0,1,1,0,0,0
0,-0.26164900502213034,-1.4734993575273791,-0.7817103924563911,0,1,0,0,1,0,0,0,1,1,0,1,0,1,0,1,0,1,0,1,0,0,0,1,0,1,0
0,-0.6283446565089229,-0.9749373479683536,-0.7221500092113088,0,0,1,0,0,1,0,0,0,0,0,0,1,0,1,0,0,0,0,0,0,0,0,1,1,0,0
0,-1.2802480369298874,-0.9749373479683536,-0.9917158918983107,1,1,0,0,0,1,0,0,0,0,0,0,0,0,0,0,0,0,0,0,1,0,0,0,0,1,0
0,0.22727853029359305,1.1522605594834883,0.6592096940505616,1,1,0,1,1,0,1,1,0,0,0,0,0,0,1,0,0,0,1,0,1,0,0,1,0,0,0
1,1.082901717096109,0.5872236153165927,1.1559874091169513,0,1,1,0,1,0,0,1,0,0,1,0,1,0,1,0,0,0,0,0,0,1,0,1,1,0,0
0,-0.09867315991688919,-0.310188001889653,-0.27787366900539906,0,1,0,0,1,0,0,0,0,0,1,0,0,0,1,0,0,0,0,0,0,0,1,1,0,0,1
1,-1.2395040756535771,-1.340549488311639,-0.986421635609859,1,1,0,0,0,1,0,0,0,0,0,0,0,0,0,0,0,0,0,0,0,0,0,1,0,0,1
1,0.7162060656093164,-1.3073120210077038,-0.4309659133464623,0,0,1,0,1,0,1,0,1,1,0,1,0,1,0,1,0,1,0,1,0,1,0,0,0,1,0
0,-0.9542963467194051,-0.47637533840932816,-0.8028874176101981,0,1,0,0,0,1,0,0,0,0,1,0,0,0,1,0,1,0,0,0,1,1,0,0,0,0,1
0,-1.1987601143772668,-1.506736824831314,-0.9806861912973696,0,0,1,1,1,0,0,0,1,1,0,1,0,1,0,1,0,1,0,1,0,0,0,0,0,0,1
0,-0.7505765403378537,-0.1772381326739129,-0.6436185409326078,0,0,0,1,1,0,0,0,0,0,0,0,0,0,1,0,0,0,1,0,0,0,0,1,1,0,0
1,-0.05792919864057891,0.2880864095811775,-0.08330975040479704,0,0,0,0,1,0,0,1,0,0,1,0,0,0,0,0,0,0,0,0,0,0,0,1,1,0,0
0,-1.0357842692720256,-0.11076319806604285,-0.8139171182111392,0,0,0,0,1,0,0,0,0,0,1,0,1,0,1,0,0,0,0,0,0,0,0,0,0,1,0
0,-0.9950403079957154,1.2852104286992283,-0.6334712163797419,1,0,0,0,1,0,1,1,0,0,1,0,0,0,0,0,1,0,1,0,1,0,0,1,0,0,0
0,-0.6283446565089229,-1.506736824831314,-0.8620066128312427,0,1,1,1,1,0,0,0,1,1,0,1,0,1,0,1,0,1,0,1,0,1,0,0,0,0,0
0,-0.01718523736426863,-1.506736824831314,-0.7097967445382547,0,1,1,1,1,0,0,0,1,1,0,1,0,1,0,1,0,1,0,1,0,0,0,1,1,0,0
1,-1.2395040756535771,0.5539861480126578,-0.9356850128455296,0,0,0,0,1,0,0,1,0,0,0,0,0,0,0,0,0,0,1,0,0,0,0,0,0,0,1
1,-1.0357842692720256,0.6536985499244629,-0.7662688116150734,1,1,0,0,1,0,1,1,0,0,0,0,0,0,0,0,0,0,1,0,0,0,0,1,0,1,0
0,1.6125732136881425,1.4846352325228385,2.4724924728452877,0,0,1,1,1,0,1,1,0,0,1,0,1,0,1,0,0,0,1,0,1,0,1,0,1,0,0
1,-0.05792919864057891,1.1522605594834883,0.3984675718443127,1,0,0,0,1,0,1,1,0,0,0,0,1,0,0,0,0,0,1,0,1,0,0,1,0,1,0
0,-0.22090504374582004,0.32132387688511255,-0.1371346893373899,0,0,1,1,1,0,0,1,0,0,1,0,0,0,0,0,0,0,0,0,0,0,0,0,0,0,1
0,-0.5876006952326126,0.853123353748073,-0.33346336003414245,1,0,0,0,1,0,1,1,0,0,0,0,1,0,0,0,0,0,1,0,0,0,0,1,1,0,0
0,-1.0357842692720256,0.32132387688511255,-0.7909753409611816,0,1,0,0,1,0,0,1,0,0,0,0,0,0,1,0,0,0,0,0,0,0,0,1,0,1,0
1,-0.7505765403378537,1.3184478960031634,-0.3316986079379919,1,0,0,0,1,0,1,1,0,0,0,0,1,0,1,0,0,0,1,0,1,0,0,1,0,1,0
0,-0.8728084241667845,-0.1772381326739129,-0.7058260523219159,0,1,1,1,1,0,0,0,0,0,0,0,0,0,1,0,0,0,1,0,0,0,0,1,0,0,0
0,1.6125732136881425,1.5178726998267735,2.5479356249557252,0,0,1,1,1,0,1,1,0,0,1,0,0,0,1,0,1,0,1,0,1,0,1,1,0,0,0
0,-0.18016108246950976,1.3849228306110335,0.24890483169555058,1,1,1,1,1,0,1,1,0,0,1,0,1,0,0,0,0,0,1,0,1,1,0,0,0,1,0
1,-0.7098325790615434,0.32132387688511255,-0.5072914415049751,1,1,0,0,1,0,1,1,0,0,0,0,0,0,0,0,0,0,0,0,0,0,0,1,1,0,0
1,-1.1580161531009565,0.32132387688511255,-0.8774481936725603,0,0,0,0,1,0,1,1,0,0,0,0,0,0,0,0,0,0,0,0,0,0,0,1,0,1,0
0,1.5718292524118322,-1.340549488311639,-0.24875525941891438,0,0,0,0,1,0,1,0,1,1,0,1,0,1,0,1,0,1,0,1,0,0,1,0,0,1,0
0,-1.1172721918246462,0.819885886444138,-0.8037697936582734,1,0,0,0,1,0,0,1,0,0,0,0,1,0,0,0,1,0,0,0,1,0,0,1,0,1,0
0,0.5939741817803856,-1.340549488311639,-0.4953793648559586,0,1,1,1,1,0,1,0,1,1,0,1,0,1,0,1,0,1,0,1,0,0,1,0,0,0,1
1,1.0014137945434884,0.853123353748073,1.2865790642320947,0,1,1,0,1,0,0,1,0,0,0,0,1,0,1,0,0,0,1,0,0,1,0,1,0,1,0
1,0.7162060656093164,1.3516853633070984,1.2706962953667393,0,1,1,0,1,0,1,1,0,0,1,0,0,0,1,0,0,0,1,0,1,0,1,1,1,0,0
0,-0.9950403079957154,-1.4734993575273791,-0.9356850128455296,0,1,0,0,1,0,0,0,1,1,0,1,0,1,0,1,0,1,0,1,0,0,0,1,1,0,0
0,0.6347181430566958,-1.506736824831314,-0.6175884475143867,0,0,1,1,1,0,0,0,1,1,0,1,0,1,0,1,0,1,0,1,0,0,1,0,0,0,1
0,1.5310852911355222,-1.506736824831314,-0.4155243325051447,0,0,0,0,1,0,0,0,1,1,0,1,0,1,0,1,0,1,0,1,0,1,0,0,0,0,0
0,-1.2802480369298874,0.18837400766937243,-0.976274311056993,0,1,0,1,1,0,0,0,0,0,1,0,1,0,0,0,1,0,0,0,1,0,0,1,0,0,0
0,-0.9950403079957154,0.6869360172283978,-0.7164145648988194,0,1,1,0,1,0,1,1,0,0,0,0,0,0,0,0,0,0,0,0,1,0,0,1,0,0,0
0,-1.2802480369298874,0.42103627879691763,-0.9731859948887296,1,0,0,0,1,0,1,1,0,0,0,0,0,0,0,0,0,0,0,0,0,0,0,1,0,1,0
0,-1.2802480369298874,-0.9749373479683536,-0.9917158918983107,1,1,0,0,0,1,0,0,0,0,0,0,0,0,0,0,0,0,0,0,1,0,0,1,0,0,0
0,1.1236456783724194,-1.4734993575273791,-0.47552590377426457,0,1,1,1,1,0,0,0,1,1,0,1,0,1,0,1,0,1,0,1,0,0,1,0,0,0,1
0,0.6754621043330061,1.0857856248756181,1.1621640414534784,0,1,1,1,1,0,1,1,0,0,0,0,0,0,0,0,1,0,1,0,1,1,0,1,0,1,0
0,-1.1580161531009565,-0.5428502730171982,-0.9184786799080614,1,1,1,0,0,1,0,0,0,0,0,0,1,0,0,0,0,0,1,0,1,0,0,1,0,1,0
0,-0.13941712119319946,-1.4734993575273791,-0.7428858463410782,0,0,0,0,1,0,0,0,1,1,0,1,0,1,0,1,0,1,0,1,0,1,0,0,0,0,1
0,1.4088534073065913,-1.3073120210077038,-0.24257862708238734,0,0,1,0,1,0,1,0,1,1,0,1,0,1,0,1,0,1,0,1,0,0,1,1,1,0,0
0,0.8384379494382472,1.1190230921795532,1.2645196630302122,1,0,1,0,1,0,1,1,0,0,0,0,1,0,0,0,0,0,1,0,1,0,0,1,1,0,0
0,1.4088534073065913,0.18837400766937243,1.0562789156844432,0,1,1,0,1,0,1,0,0,0,1,0,1,0,1,0,1,0,0,0,0,0,1,0,1,0,0
0,-1.076528230548336,-1.506736824831314,-0.9546560978791484,0,0,1,1,1,0,0,0,1,1,0,1,0,1,0,1,0,1,0,1,0,0,0,0,0,0,1
0,0.5939741817803856,1.3849228306110335,1.1321632558189183,0,0,0,0,1,0,1,1,0,0,0,0,1,0,1,0,0,0,1,0,1,0,0,1,0,1,0
0,0.8384379494382472,1.1522605594834883,1.385846369640565,0,0,0,0,1,0,0,1,0,0,1,0,1,0,1,0,1,0,0,0,1,0,1,0,0,0,1
0,1.4903413298592119,0.6536985499244629,1.5861457325536563,0,1,1,0,1,0,0,0,0,0,1,0,1,0,1,0,1,0,1,0,1,0,1,1,0,0,1
0,-1.1987601143772668,0.7201734845323329,-0.8995075948744427,0,1,0,0,1,0,0,1,0,0,1,0,0,0,0,0,0,0,0,0,1,0,0,1,0,0,1
0,-1.1580161531009565,-0.6758001422329384,-0.9100961074513462,0,1,0,0,1,0,0,0,0,0,0,0,0,0,0,0,0,0,0,0,0,0,0,0,0,0,1
0,0.9606698332671781,0.35456134418904756,0.8727446976847824,0,1,1,1,1,0,1,0,0,0,1,0,1,0,0,0,1,0,0,0,1,0,1,1,1,0,0
1,1.082901717096109,0.9528357556598781,1.452024573246212,1,1,1,0,1,0,1,1,0,0,0,0,0,0,0,0,0,0,1,0,1,0,0,1,0,0,0
1,1.1643896396487294,-1.3073120210077038,-0.34493424865912126,0,1,1,0,1,0,1,0,1,1,0,1,0,1,0,1,0,1,0,1,0,0,1,0,0,0,0
0,-1.2395040756535771,-0.6425626749290033,-0.9678917386002778,0,0,1,0,1,0,0,0,0,0,0,0,0,0,0,0,0,0,0,0,0,0,0,1,0,1,0
1,0.5532302205040753,1.1854980267874233,0.9962773444153233,1,1,1,1,1,0,1,1,0,0,1,0,1,0,1,0,0,0,1,0,0,0,0,1,0,1,0
0,-0.8320644628904743,-1.4734993575273791,-0.8946545266100285,0,1,1,1,1,0,0,0,1,1,0,1,0,1,0,1,0,1,0,1,0,0,0,0,0,0,1
0,-0.7505765403378537,0.5207486807087227,-0.5342039109712715,1,0,0,0,1,0,1,1,0,0,0,0,0,0,1,0,0,0,0,0,0,0,0,1,0,1,0
0,-0.18016108246950976,0.853123353748073,0.09978327957082615,0,0,1,1,1,0,1,1,0,0,0,0,0,0,0,0,1,0,0,0,1,1,0,1,0,1,0
0,-0.3431369275747509,-0.14400066536997788,-0.3718467181254177,0,1,0,0,1,0,0,0,0,0,1,0,1,0,0,0,1,0,0,0,0,0,0,0,0,0,0
0,-0.05792919864057891,-0.310188001889653,-0.250520011515065,1,1,0,0,1,0,0,0,0,0,0,0,0,0,1,0,1,0,0,0,0,0,0,1,0,1,0
0,1.4495973685829016,0.45427374610085264,1.3456982594531393,0,0,1,1,1,0,1,0,0,0,1,0,1,0,1,0,1,0,0,0,1,1,0,1,0,1,0
0,0.2680224915699033,1.1854980267874233,0.7112698808870038,0,1,0,1,1,0,1,1,0,0,0,0,0,0,0,0,1,0,1,0,1,0,1,0,0,0,1
0,0.3902543753988342,-1.4734993575273791,-0.6237650798509137,0,0,1,0,1,0,0,0,1,1,0,1,0,1,0,1,0,1,0,1,0,0,0,0,1,0,0
0,-0.791320501614164,-0.3434254691935881,-0.69567872776905,1,1,1,0,0,1,0,0,0,0,1,0,0,0,0,0,1,0,1,0,1,0,0,1,0,1,0
0,-1.076528230548336,0.853123353748073,-0.7812692044323534,0,0,1,0,1,0,1,1,0,0,0,0,1,0,0,0,0,0,0,0,1,0,0,1,0,1,0
0,0.10504664646466222,0.35456134418904756,0.15581415862360723,1,1,0,0,1,0,1,1,0,0,0,0,0,0,0,0,0,0,0,0,0,0,0,0,1,0,0
0,0.22727853029359305,-1.4734993575273791,-0.6480304211729843,0,0,1,0,1,0,0,0,1,1,0,1,0,1,0,1,0,1,0,1,0,1,0,1,1,0,0
0,-0.5876006952326126,-1.4734993575273791,-0.8359765194130215,0,1,0,0,1,0,0,0,1,1,0,1,0,1,0,1,0,1,0,1,0,0,1,0,1,0,0
0,-1.1580161531009565,-1.506736824831314,-0.9661269865041272,0,0,1,0,1,0,0,0,1,1,0,1,0,1,0,1,0,1,0,1,0,0,0,0,0,0,1
0,-0.22090504374582004,-0.3766629364975231,-0.39434730735133766,0,1,1,0,1,0,0,0,0,0,0,0,1,0,0,0,1,0,0,0,0,0,0,1,0,1,0
0,0.3495104141225239,0.18837400766937243,0.26964066882531995,0,1,0,1,1,0,0,0,0,0,1,0,1,0,1,0,0,0,1,0,0,1,0,0,0,0,1
0,0.7162060656093164,0.35456134418904756,0.7686243240118978,0,1,1,1,1,0,0,0,0,0,1,0,0,0,0,0,1,0,1,0,1,1,0,0,0,1,0
0,1.6125732136881425,-1.4734993575273791,-0.4097888881926553,0,1,1,1,1,0,0,0,1,1,0,1,0,1,0,1,0,1,0,1,0,0,1,0,0,1,0
0,1.5310852911355222,-1.2740745537037688,-0.18831250012575684,0,0,0,0,1,0,1,0,1,1,0,1,0,1,0,1,0,1,0,1,0,1,0,0,1,0,0
0,0.4717422979514547,-1.4734993575273791,-0.5986173624807679,0,1,1,1,1,0,0,0,1,1,0,1,0,1,0,1,0,1,0,1,0,1,0,0,0,0,0
0,-1.2395040756535771,0.35456134418904756,-0.9237729361965131,1,1,0,0,1,0,0,1,0,0,1,0,0,0,0,0,0,0,0,0,0,0,0,1,0,1,0
0,0.06430268518835193,-1.4734993575273791,-0.7062672403459536,0,0,1,1,1,0,0,0,1,1,0,1,0,1,0,1,0,1,0,1,0,1,0,1,0,0,0
1,1.6125732136881425,-1.340549488311639,-0.22272516600069325,0,0,1,0,1,0,1,0,1,1,0,1,0,1,0,1,0,1,0,1,0,0,1,0,0,0,0
0,1.5718292524118322,-1.340549488311639,-0.20596002108726272,0,1,1,0,1,0,1,0,1,1,0,1,0,1,0,1,0,1,0,1,0,0,1,1,0,1,0
0,1.2866215234776603,1.5178726998267735,2.111600669182493,0,0,0,0,1,0,1,1,0,0,0,0,1,0,1,0,1,0,1,0,1,0,1,1,1,0,0
0,1.6125732136881425,-1.3073120210077038,-0.19493032048632156,0,0,1,0,1,0,1,0,1,1,0,1,0,1,0,1,0,1,0,1,0,0,1,1,0,0,0
0,-1.2802480369298874,0.32132387688511255,-0.9745095589608425,1,1,0,0,1,0,1,1,0,0,0,0,0,0,0,0,0,0,0,0,0,0,0,1,0,0,1
1,-0.13941712119319946,0.853123353748073,0.16463791910436015,0,1,1,0,1,0,0,1,0,0,1,0,0,0,1,0,0,0,0,0,1,1,0,0,0,0,0
0,-0.38388088885106114,0.12189907306150236,-0.2619909001400438,0,0,1,0,1,0,0,0,0,0,1,0,0,0,1,0,1,0,0,0,1,1,0,1,0,0,0
0,0.797693988161937,-1.506736824831314,-0.5421452954039492,0,1,1,1,1,0,0,0,1,1,0,1,0,1,0,1,0,1,0,1,0,0,1,0,0,0,1
1,-0.3023929662984406,0.819885886444138,-0.04227926416929594,1,0,0,0,1,0,1,1,0,0,0,0,1,0,0,0,0,0,0,0,1,0,0,1,0,1,0
0,1.2866215234776603,1.6840600363464486,2.2285154955524695,0,0,0,0,1,0,1,1,0,0,1,0,1,0,1,0,1,0,1,0,1,0,1,1,0,0,0
1,-0.6690886177852331,1.052548157571683,-0.30963920673610956,1,0,0,0,1,0,1,1,0,0,0,0,0,0,0,0,0,0,1,0,1,0,0,1,0,1,0
1,-1.2802480369298874,0.1551365403654374,-0.9767154990810307,1,1,0,0,1,0,0,1,0,0,0,0,0,0,0,0,0,0,0,0,0,0,0,1,0,0,0
0,-0.3431369275747509,1.1522605594834883,0.0534585370468733,0,1,0,0,1,0,1,1,0,0,0,0,1,0,0,0,0,0,1,0,1,0,0,1,0,0,0
0,-1.2395040756535771,0.8863608210520081,-0.9317143206291908,0,1,1,0,1,0,1,1,0,0,0,0,0,0,1,0,0,0,1,0,0,0,0,1,0,1,0
0,0.06430268518835193,0.6536985499244629,0.24537532750324942,0,0,1,1,1,0,0,0,0,0,1,0,1,0,1,0,1,0,1,0,1,0,1,0,0,0,1
1,0.1457906077409725,0.6869360172283978,0.37464341854627975,1,1,1,0,1,0,1,1,0,0,0,0,0,0,0,0,0,0,0,0,1,0,0,1,1,0,0
0,0.8384379494382472,0.45427374610085264,0.7320057180167733,0,1,1,1,1,0,1,0,0,0,0,0,0,0,1,0,1,0,1,0,1,1,0,1,0,0,1
0,0.5939741817803856,-1.4734993575273791,-0.6220003277547631,0,0,1,1,1,0,0,0,1,1,0,1,0,1,0,1,0,1,0,1,0,0,1,0,1,0,0
0,1.6125732136881425,-1.506736824831314,-0.33258098398606717,0,1,0,1,1,0,0,0,1,1,0,1,0,1,0,1,0,1,0,1,0,0,1,0,1,0,0
0,1.6125732136881425,1.0857856248756181,2.077188003307557,0,1,1,1,1,0,1,1,0,0,1,0,1,0,0,0,1,0,0,0,1,0,1,1,1,0,0
0,-1.2802480369298874,-1.506736824831314,-0.998774900282913,1,1,0,0,1,0,0,0,1,1,0,1,0,1,0,1,0,1,0,1,0,0,0,0,0,0,1
0,-0.9542963467194051,0.6204610826205278,-0.6528834894373984,1,0,0,0,1,0,1,1,0,0,0,0,0,0,0,0,0,0,0,0,1,0,0,1,0,1,0
0,-0.9950403079957154,0.5207486807087227,-0.7075908044180665,1,0,0,0,1,0,0,1,0,0,0,0,0,0,0,0,0,0,1,0,0,0,0,1,0,0,0
1,0.512486259227765,-0.07752573076210782,0.2241983023494424,1,1,0,0,1,0,0,0,0,0,1,0,0,0,1,0,0,0,0,0,1,1,0,0,1,0,0
0,-1.0357842692720256,1.1854980267874233,-0.6917080355527112,0,0,0,0,1,0,0,1,0,0,0,0,0,0,1,0,1,0,1,0,1,0,0,1,0,1,0
0,1.5718292524118322,-1.340549488311639,-0.265520404332345,0,0,1,0,1,0,1,0,1,1,0,1,0,1,0,1,0,1,0,1,0,0,1,1,1,0,0
1,0.3495104141225239,1.2187354940913584,0.764653631795559,0,0,0,0,1,0,0,1,0,0,0,0,0,0,1,0,1,0,1,0,1,1,0,1,0,0,0
0,1.4088534073065913,-0.47637533840932816,0.4403804341278891,0,1,1,1,0,1,0,0,0,0,1,0,0,0,0,0,0,0,1,0,1,0,1,0,1,0,0
0,1.4903413298592119,1.4181602979149686,2.2210152991438297,0,1,1,0,1,0,1,1,0,0,1,0,1,0,1,0,1,0,0,0,1,1,0,1,1,0,0
1,1.5310852911355222,0.919598288355943,1.8490937948800938,0,0,1,0,1,0,1,0,0,0,1,0,1,0,1,0,1,0,1,0,1,0,1,1,0,0,0
0,-0.3023929662984406,-1.3073120210077038,-0.7089143684901794,1,1,0,0,1,0,1,0,1,1,0,1,0,1,0,1,0,1,0,1,0,1,0,0,0,0,0
0,1.6125732136881425,1.6175851017385787,2.594701555503716,0,1,0,0,1,0,1,1,0,0,1,0,1,0,1,0,1,0,1,0,1,0,1,0,0,0,0
0,0.06430268518835193,-0.8087500114486784,-0.42258334088974703,0,1,1,1,0,1,0,0,0,0,0,0,0,0,0,0,1,0,1,0,0,0,1,1,0,1,0
0,1.3273654847539706,-1.2740745537037688,-0.2774324809813614,0,0,1,1,1,0,1,0,1,1,0,1,0,1,0,1,0,1,0,1,0,0,1,0,1,0,0
0,1.5310852911355222,1.5511101671307086,2.4319031746338244,0,0,0,0,1,0,1,1,0,0,1,0,1,0,1,0,1,0,1,0,1,0,1,1,1,0,0
0,1.6125732136881425,-0.3766629364975231,0.7364175982571497,0,0,1,1,0,1,0,0,0,0,1,0,0,0,1,0,0,0,1,0,1,0,1,1,1,0,0
0,0.10504664646466222,0.2548489422772425,0.09360664723429911,0,1,0,1,1,0,0,0,0,0,0,0,0,0,0,0,1,0,1,0,1,1,0,1,0,0,1
0,-0.791320501614164,1.1190230921795532,-0.4644962031733234,1,1,0,0,1,0,1,1,0,0,1,0,0,0,0,0,0,0,1,0,1,0,0,0,0,0,1
0,-0.8320644628904743,0.45427374610085264,-0.6206767636826502,0,0,1,0,1,0,1,0,0,0,1,0,0,0,1,0,0,0,1,0,1,1,0,0,0,1,0
0,1.2051336009250397,0.18837400766937243,0.8736270737328576,0,0,1,1,1,0,0,0,0,0,1,0,0,0,1,0,1,0,1,0,0,1,0,1,0,0,0
0,-0.3023929662984406,0.3877988114929826,-0.12831092885663697,0,0,0,0,1,0,0,0,0,0,1,0,0,0,0,0,1,0,1,0,1,0,0,1,1,0,0
0,0.797693988161937,-0.8419874787526135,-0.13272280909701342,0,0,0,0,0,1,0,0,0,0,1,0,1,0,0,0,1,0,0,0,0,0,1,0,0,0,1
1,-0.9950403079957154,0.1551365403654374,-0.7592098032304712,0,1,0,0,1,0,0,1,0,0,0,0,0,0,0,0,0,0,0,0,0,0,0,1,1,0,0
0,-1.2395040756535771,-1.4734993575273791,-0.992598267946386,0,1,0,0,1,0,0,0,1,1,0,1,0,1,0,1,0,1,0,1,0,0,0,0,0,0,1
0,0.9606698332671781,-1.4734993575273791,-0.5262625265385938,0,0,1,1,1,0,0,0,1,1,0,1,0,1,0,1,0,1,0,1,0,0,1,0,0,0,1
0,-0.8320644628904743,-1.506736824831314,-0.9070077912830826,0,0,0,0,1,0,0,0,1,1,0,1,0,1,0,1,0,1,0,1,0,0,0,0,0,0,0
0,0.5939741817803856,-1.2740745537037688,-0.4556724426925705,0,0,1,0,1,0,1,0,1,1,0,1,0,1,0,1,0,1,0,1,0,1,0,0,0,1,0
1,-1.2395040756535771,-1.506736824831314,-0.9908335158502354,0,1,0,0,1,0,0,0,1,1,0,1,0,1,0,1,0,1,0,1,0,0,0,0,0,1,0
0,-0.5876006952326126,-0.47637533840932816,-0.6136177552980479,0,0,0,0,1,0,0,0,0,0,0,0,0,0,1,0,0,0,0,0,0,0,0,1,0,0,1
0,-0.9950403079957154,-0.14400066536997788,-0.7922989050332946,0,0,0,0,1,0,0,0,0,0,1,0,0,0,0,0,0,0,1,0,0,0,0,1,0,1,0
0,0.512486259227765,0.6536985499244629,0.6309736605121522,0,1,1,0,1,0,1,1,0,0,1,0,0,0,1,0,0,0,0,0,0,0,0,1,0,0,1
0,-1.1987601143772668,-0.6425626749290033,-0.9449499613503202,0,1,0,0,1,0,0,0,0,0,0,0,0,0,0,0,0,0,0,0,0,0,0,0,0,0,1
0,0.22727853029359305,-1.4734993575273791,-0.7080319924421041,0,0,0,0,1,0,0,0,1,1,0,1,0,1,0,1,0,1,0,1,0,1,0,0,0,0,1
0,1.6125732136881425,1.6840600363464486,2.7098516297775417,0,1,1,0,1,0,1,1,0,0,1,0,1,0,1,0,1,0,1,0,1,0,1,1,0,1,0
0,0.5532302205040753,0.9528357556598781,0.8255375791127543,1,1,0,0,1,0,1,1,0,0,1,0,1,0,0,0,0,0,0,0,1,0,0,1,0,1,0
0,1.5718292524118322,1.1522605594834883,2.108071164990192,0,0,1,1,1,0,1,1,0,0,1,0,1,0,1,0,0,0,1,0,0,0,1,1,1,0,0
0,1.368109446030281,-0.47637533840932816,0.4769990401230137,0,1,1,1,0,1,0,0,0,0,0,0,0,0,0,0,1,0,1,0,1,0,1,0,0,0,0
1,-0.3023929662984406,1.3516853633070984,0.1641967310803225,1,1,0,0,1,0,1,1,0,0,0,0,1,0,1,0,0,0,1,0,1,0,0,0,0,0,1
0,-0.5876006952326126,0.5872236153165927,-0.3784645384859824,1,1,0,0,1,0,1,0,0,0,0,0,0,0,1,0,1,0,1,0,1,1,0,1,1,0,0
0,-0.791320501614164,-1.3073120210077038,-0.8606830487591297,0,0,1,1,1,0,1,0,1,1,0,1,0,1,0,1,0,1,0,1,0,0,1,1,0,0,0
0,1.3273654847539706,0.8863608210520081,1.6236467145968563,0,0,1,1,1,0,1,0,0,0,1,0,1,0,1,0,1,0,1,0,1,0,1,0,0,0,0
0,1.1236456783724194,1.0193106902677482,1.5261441612845366,1,1,1,0,1,0,1,1,0,0,0,0,1,0,1,0,0,0,1,0,0,0,0,1,0,1,0
0,-0.7098325790615434,-1.506736824831314,-0.8845072020571626,0,1,1,1,1,0,0,0,1,1,0,1,0,1,0,1,0,1,0,1,0,0,1,0,0,0,1
0,1.6125732136881425,-1.340549488311639,-0.18169467976519216,0,0,1,0,1,0,1,0,1,1,0,1,0,1,0,1,0,1,0,1,0,0,1,0,1,0,0
0,-0.09867315991688919,0.9860732229638132,0.25728740415226586,1,1,1,0,1,0,1,1,0,0,0,0,0,0,0,0,0,0,1,0,1,0,0,1,1,0,0
0,0.3902543753988342,1.1854980267874233,0.8912745946943635,0,0,1,1,1,0,0,1,0,0,0,0,0,0,1,0,1,0,1,0,1,0,1,1,0,1,0
0,1.5718292524118322,-1.3073120210077038,-0.23375486660163441,0,0,1,0,1,0,1,0,1,1,0,1,0,1,0,1,0,1,0,1,0,0,1,0,0,0,0
0,-1.2802480369298874,-0.3434254691935881,-0.9833333194415954,1,0,0,0,1,0,0,0,0,0,0,0,0,0,0,0,0,0,0,0,1,0,0,1,0,0,1
1,0.2680224915699033,1.0193106902677482,0.651268309617884,1,1,0,0,1,0,1,1,0,0,0,0,0,0,0,0,0,0,1,0,1,0,0,1,0,0,0
0,0.10504664646466222,-1.506736824831314,-0.7349444619084006,0,0,0,0,1,0,0,0,1,1,0,1,0,1,0,1,0,1,0,1,0,0,0,0,0,0,0
0,0.8384379494382472,1.4513977652189036,1.6112934499238023,0,0,1,1,1,0,0,1,0,0,0,0,1,0,1,0,1,0,1,0,1,0,0,1,0,0,0
0,-1.2802480369298874,0.9860732229638132,-0.9656857984800895,1,0,0,0,1,0,1,1,0,0,0,0,0,0,0,0,0,0,1,0,1,0,0,1,0,1,0
1,-0.05792919864057891,1.1190230921795532,0.2771408652339599,1,0,1,1,1,0,0,1,0,0,0,0,0,0,1,0,1,0,1,0,1,0,0,1,0,1,0
0,0.6347181430566958,-1.4734993575273791,-0.5739108331346597,0,1,0,0,1,0,0,0,1,1,0,1,0,1,0,1,0,1,0,1,0,0,1,0,1,0,0
1,-0.09867315991688919,1.2187354940913584,0.30493571074833165,0,0,0,1,1,0,1,1,0,0,0,0,0,0,0,0,1,0,1,0,1,0,0,1,0,1,0
0,-0.9135523854430948,-1.4734993575273791,-0.9198022439801744,0,1,0,0,1,0,0,0,1,1,0,1,0,1,0,1,0,1,0,1,0,0,0,0,1,0,0
0,-0.8320644628904743,1.3516853633070984,-0.44464274209162935,0,0,0,1,1,0,1,1,0,0,0,0,1,0,1,0,0,0,1,0,1,0,0,1,0,1,0
1,1.0014137945434884,0.1551365403654374,0.7589181874830696,0,0,0,0,1,0,0,0,0,0,1,0,0,0,1,0,1,0,1,0,0,0,1,0,0,0,0
0,1.0421577558197987,0.022186671149697273,0.6653863263870886,0,0,1,0,1,0,0,0,0,0,1,0,1,0,0,0,0,0,1,0,0,0,0,1,1,0,0
0,0.18653456901728277,-1.506736824831314,-0.6484716091970218,0,0,0,0,1,0,0,0,1,1,0,1,0,1,0,1,0,1,0,1,0,0,1,0,0,0,1
0,0.4717422979514547,-1.506736824831314,-0.6630308139902642,0,0,1,1,1,0,0,0,1,1,0,1,0,1,0,1,0,1,0,1,0,0,0,0,0,0,1
0,-0.22090504374582004,-1.4734993575273791,-0.7636216834708476,0,1,0,1,1,0,0,0,1,1,0,1,0,1,0,1,0,1,0,1,0,1,0,0,1,0,0
0,-0.9950403079957154,-0.5096128057132632,-0.8271527589322686,0,0,0,0,1,0,0,0,0,0,0,0,0,0,0,0,1,0,0,0,0,0,0,0,0,1,0
1,-1.1987601143772668,0.3877988114929826,-0.905243039186932,1,1,0,0,1,0,1,1,0,0,0,0,0,0,0,0,0,0,0,0,0,0,0,1,0,1,0
1,-0.3023929662984406,0.7866484191402029,-0.04051451207314536,0,0,1,0,1,0,0,1,0,0,0,0,1,0,1,0,0,0,0,0,1,0,0,0,0,0,0
0,1.0014137945434884,1.1854980267874233,1.4683485301356047,0,0,1,1,1,0,1,1,0,0,0,0,1,0,0,0,0,0,1,0,1,0,0,1,0,1,0
0,-0.8320644628904743,-1.506736824831314,-0.8986252188263674,0,0,0,0,1,0,0,0,1,1,0,1,0,1,0,1,0,1,0,1,0,0,0,0,0,0,1
0,1.2051336009250397,-1.4734993575273791,-0.43537779358683876,0,0,1,1,1,0,0,0,1,1,0,1,0,1,0,1,0,1,0,1,0,0,1,0,0,0,0
0,1.3273654847539706,1.4181602979149686,2.1173361134949826,0,0,1,0,1,0,1,1,0,0,0,0,1,0,1,0,1,0,1,0,1,0,1,1,0,0,0
0,1.5718292524118322,0.5207486807087227,1.4908491193615248,0,0,1,0,1,0,1,0,0,0,0,0,0,0,1,0,1,0,1,0,1,0,1,1,0,0,0
0,-0.46536881140368175,-0.21047559997784793,-0.4711140235338881,0,0,1,1,1,0,0,0,0,0,0,0,1,0,0,0,0,0,1,0,0,1,0,1,1,0,0
0,1.5718292524118322,1.4846352325228385,2.4579332680520456,0,1,1,0,1,0,1,1,0,0,1,0,1,0,1,0,0,0,1,0,1,1,0,1,0,1,0
0,-1.0357842692720256,0.35456134418904756,-0.775533760119864,0,0,0,0,1,0,0,1,0,0,0,0,0,0,1,0,0,0,0,0,0,0,0,1,0,1,0
0,1.6125732136881425,0.2880864095811775,1.3156974738185792,0,0,0,0,1,0,0,0,0,0,1,0,1,0,1,0,1,0,0,0,1,0,1,1,1,0,0
0,-1.2802480369298874,0.18837400766937243,-0.976274311056993,0,0,0,0,1,0,0,1,0,0,0,0,0,0,0,0,0,0,0,0,0,0,0,0,0,1,0
0,1.6125732136881425,1.1190230921795532,2.138071950624752,0,0,1,1,1,0,1,1,0,0,0,0,1,0,1,0,1,0,0,0,1,0,1,1,0,0,0
0,1.2866215234776603,1.5511101671307086,2.1985147099179096,0,0,1,1,1,0,1,1,0,0,0,0,1,0,1,0,1,0,1,0,1,1,0,1,0,1,0
0,1.6125732136881425,1.6508225690425138,2.7411759794842143,0,0,0,0,1,0,1,1,0,0,1,0,1,0,1,0,1,0,1,0,1,0,1,1,0,1,0
0,-0.13941712119319946,1.1854980267874233,0.2625816604407176,0,0,0,0,1,0,1,1,0,0,0,0,0,0,1,0,0,0,1,0,1,0,0,0,0,0,0
0,-0.791320501614164,-1.4734993575273791,-0.8920073984658027,0,0,0,0,1,0,0,0,1,1,0,1,0,1,0,1,0,1,0,1,0,0,1,1,0,0,1
0,-0.05792919864057891,1.3184478960031634,0.40685014430102795,0,0,0,0,1,0,1,1,0,0,1,0,1,0,0,0,0,0,1,0,1,0,0,0,0,1,0
1,-1.2802480369298874,0.1551365403654374,-0.9767154990810307,1,1,0,0,1,0,0,1,0,0,0,0,0,0,0,0,0,0,0,0,0,0,0,1,0,1,0
0,-1.0357842692720256,-1.0081748152722887,-0.884066014033125,1,1,1,1,0,1,0,0,0,0,1,0,0,0,0,0,1,0,0,0,0,0,0,1,0,1,0
0,1.1643896396487294,1.3516853633070984,1.7639445062408279,1,1,1,0,1,0,1,1,0,0,0,0,1,0,1,0,0,0,1,0,1,0,0,1,0,1,0
0,0.2680224915699033,-1.1411246844880287,-0.5081738175530504,1,0,0,1,0,1,0,0,0,0,0,0,0,0,1,0,0,0,0,0,0,0,0,0,1,0,0
0,-0.9135523854430948,0.18837400766937243,-0.6815607109998454,1,1,1,0,1,0,0,1,0,0,0,0,0,0,0,0,0,0,0,0,0,0,0,1,0,1,0
0,-0.7505765403378537,0.5207486807087227,-0.5055266894088245,0,0,1,1,1,0,1,0,0,0,0,0,1,0,0,0,1,0,1,0,1,0,0,0,1,0,0
0,-1.2802480369298874,0.5207486807087227,-0.9718624308166166,1,0,0,0,1,0,1,1,0,0,0,0,1,0,0,0,0,0,0,0,0,0,0,1,0,0,1
0,1.4088534073065913,0.9860732229638132,1.7904157876830866,1,0,1,1,1,0,1,1,0,0,1,0,0,0,0,0,1,0,0,0,1,1,0,1,1,0,0
0,1.6125732136881425,0.8863608210520081,1.947478724240489,0,0,0,0,1,0,1,0,0,0,1,0,1,0,1,0,1,0,1,0,1,0,1,1,0,0,0
0,-1.076528230548336,-0.6758001422329384,-0.8924485864898403,1,1,1,1,1,0,0,0,0,0,0,0,0,0,0,0,0,0,0,0,0,0,0,1,0,0,0
0,-1.2802480369298874,-1.506736824831314,-0.998774900282913,1,0,0,0,1,0,0,0,1,1,0,1,0,1,0,1,0,1,0,1,0,0,0,1,0,0,1
0,-0.3023929662984406,-1.506736824831314,-0.7843575206006169,0,1,1,1,1,0,0,0,1,1,0,1,0,1,0,1,0,1,0,1,0,1,0,0,0,1,0
1,0.02355872391204165,1.5178726998267735,0.6053847551179687,1,0,0,0,1,0,1,1,0,0,0,0,1,0,1,0,1,0,1,0,1,0,0,1,0,1,0
0,-0.5876006952326126,0.12189907306150236,-0.43405422951472583,0,1,0,0,1,0,0,0,0,0,1,0,0,0,1,0,1,0,1,0,0,0,0,1,0,1,0
0,1.5718292524118322,0.4875112134047877,1.4476126930058355,0,1,1,0,1,0,0,0,0,0,0,0,1,0,1,0,1,0,1,0,1,0,1,1,1,0,0
1,-0.18016108246950976,-0.44313787110539316,-0.39787681154363885,0,1,1,1,1,0,1,0,0,0,0,0,0,0,0,0,0,0,0,0,0,1,0,1,0,1,0
0,-1.2395040756535771,0.5207486807087227,-0.9242141242205508,0,0,0,1,1,0,1,1,0,0,1,0,0,0,0,0,0,0,0,0,0,0,0,0,1,0,0
0,-0.6283446565089229,0.0554241384536323,-0.5319979708510832,0,1,1,1,1,0,1,0,0,0,0,0,1,0,1,0,1,0,0,0,0,0,0,1,0,0,1
0,0.9606698332671781,0.7201734845323329,1.1643699815736666,0,1,0,0,1,0,1,1,0,0,1,0,1,0,0,0,0,0,0,0,0,0,0,1,0,1,0
0,1.1236456783724194,-0.47637533840932816,0.2771408652339599,0,0,1,0,0,1,0,0,0,0,1,0,1,0,1,0,0,0,0,0,1,1,0,0,0,1,0
0,0.02355872391204165,-1.3073120210077038,-0.6427361648845324,0,0,0,0,1,0,1,0,1,1,0,1,0,1,0,1,0,1,0,1,0,0,1,0,1,0,0
0,-1.2802480369298874,0.6204610826205278,-0.9705388667445036,0,0,0,0,1,0,0,1,0,0,1,0,1,0,0,0,1,0,0,0,0,0,0,1,0,0,1
0,-1.2395040756535771,0.18837400766937243,-0.9453911493743579,1,1,0,0,1,0,0,1,0,0,0,0,0,0,0,0,0,0,0,0,0,0,0,0,1,0,0
0,1.24587756220135,0.6536985499244629,1.3651105325107957,0,1,1,0,1,0,1,1,0,0,1,0,0,0,0,0,1,0,0,0,0,0,1,1,1,0,0
1,-1.0357842692720256,1.1522605594834883,-0.7137674367545935,1,1,1,0,1,0,1,1,0,0,0,0,0,0,1,0,0,0,1,0,1,0,0,1,0,1,0
0,0.9199258719908678,-0.011050796154237758,0.5886196102045382,0,0,0,0,1,0,0,0,0,0,0,0,1,0,1,0,0,0,0,0,1,0,1,1,0,0,1
0,1.3273654847539706,1.1854980267874233,1.923654570942456,0,0,1,0,1,0,1,1,0,0,1,0,1,0,0,0,1,0,1,0,0,1,0,1,0,0,0
0,-1.2802480369298874,0.6536985499244629,-0.970097678720466,1,1,1,0,1,0,0,1,0,0,0,0,0,0,0,0,1,0,1,0,0,0,0,1,0,1,0
0,1.24587756220135,-1.3073120210077038,-0.3193453432649378,0,1,0,0,1,0,1,0,1,1,0,1,0,1,0,1,0,1,0,1,0,0,1,0,0,0,1
1,1.5310852911355222,1.6175851017385787,2.5166112752490526,0,0,1,0,1,0,1,1,0,0,1,0,1,0,1,0,1,0,1,0,1,0,1,1,1,0,0
0,0.1457906077409725,-0.8087500114486784,-0.32463959955338956,0,0,1,1,0,1,0,0,0,0,1,0,0,0,1,0,1,0,0,0,0,0,1,0,1,0,0
0,0.797693988161937,1.3516853633070984,1.3867287456886404,1,1,0,0,1,0,0,1,0,0,0,0,1,0,1,0,1,0,1,0,1,1,0,1,0,0,0
0,-0.42462485012737144,-0.3434254691935881,-0.5099385696492009,1,1,0,0,1,0,1,0,0,0,1,0,0,0,0,0,0,0,0,0,0,0,0,1,0,1,0
0,-0.42462485012737144,0.9860732229638132,-0.06213272525099003,0,1,0,0,1,0,0,1,0,0,0,0,1,0,1,0,1,0,0,0,1,0,0,1,0,0,0
1,-1.1172721918246462,-0.1772381326739129,-0.8805365098408239,0,0,0,0,1,0,0,0,0,0,1,0,1,0,0,0,1,0,0,0,0,0,0,0,1,0,0
0,0.5939741817803856,0.6869360172283978,0.7774480844926508,1,0,1,0,1,0,0,1,0,0,0,0,0,0,1,0,0,0,0,0,1,0,0,1,0,1,0
0,0.02355872391204165,0.6204610826205278,0.2091979095321624,1,0,0,0,1,0,1,1,0,0,0,0,0,0,0,0,0,0,0,0,1,0,0,1,0,1,0
0,-0.5876006952326126,-1.0414122825762238,-0.7424446583170405,1,1,0,0,0,1,0,0,0,0,0,0,1,0,1,0,0,0,0,0,0,0,0,1,1,0,0
0,-1.2802480369298874,-1.506736824831314,-0.998774900282913,0,0,0,0,1,0,0,0,1,1,0,1,0,1,0,1,0,1,0,1,0,0,0,0,1,0,0
0,0.9606698332671781,0.5539861480126578,0.9931890282470598,0,1,0,0,1,0,0,0,0,0,0,0,1,0,1,0,1,0,1,0,1,0,1,1,1,0,0
0,-1.2395040756535771,-1.4734993575273791,-0.9895099517781225,0,0,0,0,1,0,0,0,1,1,0,1,0,1,0,1,0,1,0,1,0,0,0,1,0,0,1
0,0.10504664646466222,-0.1772381326739129,-0.08330975040479704,0,1,0,0,1,0,1,0,0,0,1,0,0,0,1,0,0,0,0,0,0,0,0,1,0,1,0
0,1.2866215234776603,-1.3073120210077038,-0.30831564266399664,0,0,1,0,1,0,1,0,1,1,0,1,0,1,0,1,0,1,0,1,0,0,1,0,1,0,0
0,-0.7098325790615434,0.6536985499244629,-0.4327306654426129,0,0,0,0,1,0,1,1,0,0,1,0,0,0,1,0,0,0,0,0,0,0,0,1,1,0,0
0,-0.3431369275747509,0.853123353748073,-0.019778674943375985,1,1,0,0,1,0,0,1,0,0,0,0,0,0,0,0,0,0,1,0,1,0,0,1,0,1,0
0,-1.2802480369298874,-0.310188001889653,-0.9828921314175577,0,1,0,0,1,0,0,0,0,0,0,0,0,0,0,0,0,0,0,0,1,0,0,0,0,0,1
0,1.5310852911355222,0.35456134418904756,1.3915818139530545,0,0,1,1,1,0,0,0,0,0,1,0,0,0,0,0,1,0,1,0,1,0,1,0,1,0,0
0,-1.2802480369298874,0.853123353748073,-0.9674505505762402,1,1,1,0,1,0,0,1,0,0,0,0,0,0,0,0,0,0,1,0,1,0,0,1,0,1,0
0,-1.1580161531009565,0.819885886444138,-0.8461238439658875,1,0,0,1,1,0,1,1,0,0,0,0,1,0,0,0,0,0,1,0,0,0,0,0,0,0,1
0,0.2680224915699033,-0.1772381326739129,-0.03257312764046773,0,0,0,0,1,0,0,0,0,0,0,0,0,0,0,0,1,0,0,0,1,1,0,0,0,1,0
0,-0.13941712119319946,0.0554241384536323,-0.16360597077964867,0,0,0,0,1,0,1,0,0,0,1,0,0,0,0,0,0,0,0,0,1,0,0,1,0,1,0
0,-0.7505765403378537,-1.539974292135249,-0.8946545266100285,0,0,1,1,1,0,0,0,1,1,0,1,0,1,0,1,0,1,0,1,0,0,1,0,0,0,1
0,1.1643896396487294,0.7201734845323329,1.275990551655191,0,0,0,0,1,0,1,0,0,0,1,0,0,0,1,0,1,0,1,0,1,0,1,0,1,0,0
0,-0.791320501614164,-0.4099004038014581,-0.7115614966344053,0,1,0,1,1,0,0,0,0,0,1,0,0,0,0,0,0,0,0,0,0,0,0,1,1,0,0
0,1.368109446030281,-0.5760877403211333,0.39449687962797386,0,0,0,0,0,1,0,0,0,0,1,0,1,0,1,0,1,0,0,0,0,0,1,1,0,0,1
0,-1.2395040756535771,-0.5096128057132632,-0.9674505505762402,1,1,0,0,0,1,0,0,0,0,0,0,0,0,1,0,0,0,1,0,1,0,0,1,0,1,0
0,1.082901717096109,1.4846352325228385,1.8857124008752184,0,0,1,0,1,0,1,1,0,0,1,0,1,0,1,0,0,0,1,0,1,1,0,1,1,0,0
0,1.2051336009250397,0.9860732229638132,1.5477623744623812,0,1,1,1,1,0,1,1,0,0,1,0,1,0,0,0,0,0,1,0,0,1,0,1,1,0,0
1,0.02355872391204165,0.9528357556598781,0.340671940695381,0,1,1,0,1,0,0,1,0,0,1,0,1,0,0,0,1,0,0,0,1,1,0,1,0,1,0
0,1.368109446030281,0.4875112134047877,1.2852555001599817,0,1,0,1,1,0,0,0,0,0,0,0,1,0,1,0,1,0,1,0,1,0,1,1,1,0,0
0,1.6125732136881425,1.6840600363464486,2.7010278692967886,0,0,0,0,1,0,1,1,0,0,1,0,1,0,1,0,1,0,1,0,1,0,1,0,1,0,0
0,-1.2802480369298874,-1.506736824831314,-0.998774900282913,1,1,0,1,1,0,0,0,1,1,0,1,0,1,0,1,0,1,0,1,0,0,0,0,0,0,1
0,-0.5468567339563023,1.0193106902677482,-0.21787209773627916,1,0,0,0,1,0,1,1,0,0,1,0,1,0,0,0,0,0,0,0,1,0,0,1,0,1,0
0,0.7569500268856267,1.0193106902677482,1.198782647448603,0,0,1,1,1,0,1,1,0,0,1,0,0,0,0,0,1,0,1,0,0,1,0,1,0,0,1
0,1.24587756220135,1.3516853633070984,1.9545377326250912,0,1,0,0,1,0,1,1,0,0,0,0,1,0,0,0,1,0,1,0,1,0,0,0,0,1,0
0,-0.22090504374582004,-1.4734993575273791,-0.7592098032304712,0,1,0,0,1,0,0,0,1,1,0,1,0,1,0,1,0,1,0,1,0,1,0,0,0,0,0
0,-0.42462485012737144,1.2187354940913584,0.015075178955598071,1,1,0,0,1,0,1,1,0,0,1,0,0,0,0,0,0,0,1,0,1,0,0,1,0,0,0
1,-1.1580161531009565,-1.4734993575273791,-0.9670093625522025,0,0,0,0,1,0,0,0,1,1,0,1,0,1,0,1,0,1,0,1,0,0,0,0,0,0,1
0,0.3902543753988342,-1.4734993575273791,-0.6418537888364572,0,1,1,1,1,0,0,0,1,1,0,1,0,1,0,1,0,1,0,1,0,0,1,0,0,0,1
0,-0.13941712119319946,-1.4734993575273791,-0.7349444619084006,0,0,0,0,1,0,0,0,1,1,0,1,0,1,0,1,0,1,0,1,0,1,0,0,0,0,1
0,-1.1580161531009565,0.18837400766937243,-0.8898014583456144,1,0,0,0,1,0,0,1,0,0,0,0,0,0,0,0,0,0,0,0,0,0,0,1,1,0,0
0,-0.09867315991688919,-1.506736824831314,-0.7314149577160994,0,1,0,0,1,0,0,0,1,1,0,1,0,1,0,1,0,1,0,1,0,1,0,0,0,0,1
0,-1.1580161531009565,0.32132387688511255,-0.8743598775042968,1,1,1,0,1,0,1,1,0,0,0,0,0,0,0,0,0,0,0,0,0,0,0,1,0,1,0
0,1.5718292524118322,0.6869360172283978,1.652765124183341,0,1,1,1,1,0,0,0,0,0,1,0,1,0,1,0,1,0,1,0,1,0,1,0,0,0,0
0,0.5532302205040753,-0.8087500114486784,-0.19448913246228391,0,1,1,0,0,1,0,0,0,0,1,0,0,0,1,0,1,0,0,0,0,0,1,0,1,0,0
0,-1.1580161531009565,-0.47637533840932816,-0.9162727397878732,1,1,0,0,1,0,1,0,0,0,0,0,0,0,0,0,0,0,0,0,0,0,0,0,0,0,1
0,-1.0357842692720256,0.4875112134047877,-0.74067990622089,1,0,0,0,1,0,1,1,0,0,1,0,0,0,0,0,0,0,0,0,0,0,0,1,0,0,1
0,1.4903413298592119,1.3516853633070984,2.251457272802427,0,1,0,0,1,0,1,1,0,0,0,0,1,0,0,0,1,0,1,0,1,1,0,1,0,0,0
0,1.6125732136881425,1.1854980267874233,2.2285154955524695,0,0,1,0,1,0,1,1,0,0,1,0,1,0,1,0,0,0,1,0,0,0,1,0,0,0,0
1,-0.5468567339563023,0.4875112134047877,-0.3581698893802507,1,1,0,0,1,0,1,1,0,0,0,0,0,0,1,0,0,0,0,0,0,0,0,1,0,1,0
0,-0.18016108246950976,0.8863608210520081,0.15140227838323075,0,1,0,0,1,0,0,1,0,0,0,0,0,0,1,0,1,0,0,0,1,0,0,0,0,1,0
0,-1.1172721918246462,0.45427374610085264,-0.825388006836118,1,1,1,0,1,0,1,1,0,0,0,0,1,0,0,0,0,0,0,0,0,0,0,1,0,1,0
1,1.6125732136881425,1.7172975036503837,2.64455580221997,0,0,1,0,1,0,1,1,0,0,1,0,1,0,1,0,1,0,1,0,1,0,1,1,1,0,0
1,-0.9950403079957154,0.5207486807087227,-0.7499448547256805,1,1,1,1,1,0,0,1,0,0,0,0,0,0,0,0,0,0,1,0,0,0,0,1,1,0,0
0,-1.0357842692720256,-0.1772381326739129,-0.8443590918697368,0,0,0,0,1,0,0,0,0,0,1,0,0,0,0,0,0,0,0,0,1,1,0,1,0,1,0
0,-0.42462485012737144,-0.5096128057132632,-0.5443512355241373,0,0,0,0,1,0,0,0,0,0,1,0,0,0,0,0,0,0,0,0,0,0,0,1,0,1,0
0,1.6125732136881425,-1.506736824831314,-0.3833176067503965,0,1,0,0,1,0,0,0,1,1,0,1,0,1,0,1,0,1,0,1,0,0,1,0,0,0,0
0,-0.9950403079957154,-1.506736824831314,-0.9325966966772661,0,1,1,1,1,0,0,0,1,1,0,1,0,1,0,1,0,1,0,1,0,0,0,0,1,0,0
0,0.797693988161937,0.5539861480126578,0.9137751839202835,0,1,1,0,1,0,1,0,0,0,1,0,1,0,1,0,1,0,0,0,1,1,0,1,1,0,0
0,1.4495973685829016,-0.8752249460565485,0.19243276461873188,0,0,0,0,0,1,0,0,0,0,1,0,0,0,1,0,1,0,0,0,0,0,1,0,0,0,1
0,1.5718292524118322,0.7534109518362679,1.80100430025999,0,0,1,0,1,0,1,0,0,0,1,0,1,0,1,0,1,0,1,0,1,0,1,0,0,0,0
0,-1.2395040756535771,-1.506736824831314,-0.9846568835137084,0,1,0,0,1,0,0,0,1,1,0,1,0,1,0,1,0,1,0,1,0,0,0,0,0,0,1
1,0.06430268518835193,1.052548157571683,0.40023232394046326,0,0,0,0,1,0,1,1,0,0,0,0,1,0,0,0,1,0,1,0,0,0,0,1,0,1,0
0,0.10504664646466222,-1.340549488311639,-0.6489127972210595,0,0,0,0,0,1,0,0,0,0,0,0,0,0,0,0,0,0,0,0,0,0,0,0,0,1,0
0,1.1643896396487294,-1.506736824831314,-0.5028795612645987,0,0,1,1,1,0,0,0,1,1,0,1,0,1,0,1,0,1,0,1,0,1,0,0,1,0,0
0,-1.2802480369298874,-0.6758001422329384,-0.9877451996819718,0,1,0,0,1,0,0,0,0,0,0,0,0,0,0,0,0,0,0,0,0,0,0,0,0,1,0
0,-1.2802480369298874,-0.47637533840932816,-0.985098071537746,1,0,0,0,1,0,1,0,0,0,0,0,0,0,0,0,0,0,0,0,0,0,0,1,0,0,1
0,0.8384379494382472,-0.14400066536997788,0.4474394425124914,0,0,1,1,1,0,0,0,0,0,0,0,0,0,1,0,0,0,0,0,1,1,0,0,1,0,0
0,1.6125732136881425,-1.3073120210077038,-0.17463567138058983,0,0,1,0,1,0,1,0,1,1,0,1,0,1,0,1,0,1,0,1,0,0,1,0,0,0,0
0,-1.2395040756535771,0.3877988114929826,-0.9405380811099437,1,1,1,0,1,0,0,1,0,0,0,0,0,0,1,0,0,0,0,0,0,0,0,0,0,1,0
0,-1.1987601143772668,1.1190230921795532,-0.8778893816965979,1,1,0,0,1,0,0,1,0,0,0,0,0,0,1,0,1,0,1,0,1,0,0,1,0,1,0
1,-0.791320501614164,1.1854980267874233,-0.430083537298387,1,0,0,0,1,0,1,1,0,0,1,0,0,0,0,0,0,0,1,0,1,0,0,1,0,1,0
1,0.3495104141225239,-0.3766629364975231,-0.029925999496241848,0,1,1,0,0,1,0,0,0,0,0,0,1,0,1,0,0,0,1,0,1,0,0,1,0,1,0
0,-0.3431369275747509,-1.4734993575273791,-0.7945048451534829,0,0,1,0,1,0,0,0,1,1,0,1,0,1,0,1,0,1,0,1,0,1,0,0,1,0,0
0,-0.18016108246950976,0.853123353748073,0.13904901371017667,1,0,1,1,1,0,0,1,0,0,0,0,0,0,0,0,0,0,1,0,1,1,0,1,0,0,0
0,-0.9950403079957154,-1.1743621517919638,-0.9118608595474967,0,1,0,0,0,1,0,0,0,0,1,0,0,0,0,0,0,0,0,0,0,0,0,0,0,0,1
0,-1.2802480369298874,-1.4734993575273791,-0.9983337122588753,0,1,0,0,1,0,0,0,1,1,0,1,0,1,0,1,0,1,0,1,0,0,0,1,0,0,1
0,0.8791819107145575,1.0193106902677482,1.2270186809870123,0,0,0,0,1,0,1,1,0,0,0,0,0,0,1,0,1,0,0,0,1,0,1,1,0,0,0
0,0.3495104141225239,-1.3073120210077038,-0.5677342007981326,0,1,0,0,1,0,1,0,1,1,0,1,0,1,0,1,0,1,0,1,0,0,0,1,0,0,0
0,-0.5468567339563023,-0.6758001422329384,-0.637000720572043,0,0,1,0,1,0,0,0,0,0,0,0,0,0,0,0,0,0,0,0,0,0,0,0,0,0,1
0,1.6125732136881425,0.919598288355943,1.963361493105844,0,0,1,1,1,0,1,0,0,0,1,0,1,0,1,0,1,0,1,0,1,0,1,0,0,0,0
0,1.2051336009250397,-0.7090376095368733,0.1478727741909296,0,1,0,0,0,1,0,0,0,0,1,0,1,0,1,0,1,0,0,0,0,0,1,1,0,0,0
1,0.9606698332671781,0.2548489422772425,0.794654417430119,0,0,1,1,1,0,0,0,0,0,1,0,0,0,0,0,1,0,1,0,1,0,1,1,1,0,0
0,-0.7098325790615434,-0.44313787110539316,-0.6696486343508289,1,1,0,0,1,0,1,0,0,0,0,0,0,0,0,0,0,0,0,0,0,0,0,0,0,1,0
1,-0.9135523854430948,0.4875112134047877,-0.6572953696777748,1,1,0,0,1,0,0,1,0,0,0,0,0,0,0,0,0,0,0,0,1,0,0,1,0,1,0
0,-0.01718523736426863,-1.539974292135249,-0.7367092140045511,0,1,1,1,1,0,0,0,1,1,0,1,0,1,0,1,0,1,0,1,0,0,1,0,0,0,1
0,-0.46536881140368175,-1.4734993575273791,-0.8297998870764945,0,1,0,0,1,0,0,0,1,1,0,1,0,1,0,1,0,1,0,1,0,0,0,0,1,0,0
0,1.2051336009250397,-1.506736824831314,-0.45831957083679636,0,1,1,1,1,0,0,0,1,1,0,1,0,1,0,1,0,1,0,1,0,1,0,0,0,0,0
0,-1.2395040756535771,-1.340549488311639,-0.9868628236338965,0,0,0,0,0,1,0,0,0,0,0,0,0,0,0,0,0,0,0,0,0,0,0,0,0,1,0
0,-0.22090504374582004,-1.4734993575273791,-0.7508272307737558,0,1,0,1,1,0,0,0,1,1,0,1,0,1,0,1,0,1,0,1,0,0,1,0,0,0,1
0,-1.1172721918246462,0.9860732229638132,-0.8033286056342357,1,1,0,0,1,0,1,1,0,0,0,0,0,0,0,0,0,0,1,0,1,0,0,1,0,0,0
0,-0.3023929662984406,-0.11076319806604285,-0.32772791572165305,0,0,0,0,0,1,0,0,0,0,1,0,1,0,1,0,0,0,1,0,1,1,0,0,0,1,0
0,-1.2395040756535771,0.6869360172283978,-0.9325966966772661,1,0,0,0,1,0,1,1,0,0,0,0,0,0,0,0,0,0,0,0,1,0,0,1,0,1,0
0,0.6754621043330061,1.3849228306110335,1.2729022354869275,0,1,0,0,1,0,1,1,0,0,0,0,1,0,0,0,1,0,1,0,1,1,0,1,0,0,0
0,1.24587756220135,1.4513977652189036,1.9840973302356135,0,0,0,0,1,0,1,1,0,0,1,0,1,0,1,0,0,0,1,0,1,0,0,0,1,0,0
0,-1.1580161531009565,-1.4734993575273791,-0.9656857984800895,0,0,0,1,1,0,0,0,1,1,0,1,0,1,0,1,0,1,0,1,0,0,0,0,1,0,0
0,-1.2802480369298874,-0.310188001889653,-0.9828921314175577,0,0,1,0,1,0,0,0,0,0,0,0,0,0,0,0,0,0,1,0,0,0,0,1,0,0,1
0,-0.8728084241667845,-1.4734993575273791,-0.9153903637397979,0,1,0,0,1,0,0,0,1,1,0,1,0,1,0,1,0,1,0,1,0,0,0,0,0,0,1
1,0.797693988161937,0.2548489422772425,0.6821514713005192,0,1,0,0,1,0,1,1,0,0,0,0,0,0,0,0,0,0,0,0,0,0,0,1,0,0,0
1,1.1236456783724194,0.819885886444138,1.328491926515671,0,0,1,0,1,0,1,1,0,0,0,0,1,0,0,0,0,0,0,0,1,0,0,0,0,1,0
0,1.2866215234776603,1.3184478960031634,2.032186824855717,0,1,0,0,1,0,1,1,0,0,0,0,0,0,1,0,1,0,1,0,1,1,0,1,1,0,0
0,0.4309983366751445,0.35456134418904756,0.42846835747887263,0,0,1,1,1,0,0,0,0,0,1,0,0,0,1,0,0,0,1,0,1,0,1,0,0,0,0
0,1.1643896396487294,1.2187354940913584,1.808945684692668,0,0,1,0,1,0,1,1,0,0,0,0,0,0,0,0,1,0,1,0,1,1,0,0,0,0,0
0,-1.2802480369298874,-0.6758001422329384,-0.9877451996819718,1,0,0,0,1,0,0,0,0,0,0,0,0,0,0,0,0,0,0,0,0,0,0,0,0,0,1
1,-1.1172721918246462,0.819885886444138,-0.796710785273671,1,1,0,0,1,0,0,1,0,0,0,0,0,0,0,0,0,0,1,0,1,0,0,1,0,1,0
0,1.368109446030281,0.12189907306150236,0.9548056701557845,0,1,0,0,1,0,1,0,0,0,1,0,1,0,1,0,1,0,0,0,0,0,1,0,0,0,0
0,1.4088534073065913,1.5511101671307086,2.22278005123998,0,1,1,0,1,0,0,1,0,0,1,0,1,0,1,0,1,0,1,0,1,0,1,1,0,1,0
0,0.3902543753988342,1.1522605594834883,0.817155006656039,0,0,1,0,1,0,0,1,0,0,0,0,0,0,1,0,1,0,1,0,1,0,1,1,1,0,0
1,-1.2802480369298874,0.7201734845323329,-0.9692153026723908,1,1,1,0,1,0,1,1,0,0,0,0,0,0,0,0,0,0,1,0,0,0,0,1,0,1,0
0,-0.05792919864057891,-1.440261890223444,-0.6996494199853889,0,0,1,1,1,0,0,0,1,1,0,1,0,1,0,1,0,1,0,1,0,0,1,0,0,0,1
0,-1.0357842692720256,-1.506736824831314,-0.9330378847013038,0,1,0,0,1,0,0,0,1,1,0,1,0,1,0,1,0,1,0,1,0,0,0,1,0,0,1
0,-1.1580161531009565,-0.6758001422329384,-0.9303907565570778,1,1,0,0,0,1,0,0,0,0,0,0,0,0,0,0,0,0,1,0,1,0,0,1,0,1,0
0,0.06430268518835193,0.42103627879691763,0.20743315743601184,0,1,1,1,1,0,1,0,0,0,0,0,0,0,1,0,0,0,1,0,1,1,0,0,0,0,0
0,-1.1987601143772668,-1.506736824831314,-0.9767154990810307,0,1,0,0,1,0,0,0,1,1,0,1,0,1,0,1,0,1,0,1,0,1,0,1,0,0,1
0,-0.5468567339563023,-1.340549488311639,-0.8156818703072898,0,0,1,1,0,1,0,0,0,0,0,0,0,0,0,0,0,0,0,0,0,0,0,1,0,0,1
0,-0.05792919864057891,-0.9749373479683536,-0.5319979708510832,1,1,1,1,0,1,0,0,0,0,1,0,0,0,0,0,1,0,0,0,0,0,0,0,0,0,0
0,-1.2802480369298874,1.0193106902677482,-0.9652446104560519,1,0,0,0,1,0,1,1,0,0,0,0,0,0,0,0,0,0,1,0,1,0,0,0,0,0,1
0,-1.1987601143772668,-0.7755125441447435,-0.9599503541676001,0,1,0,0,0,1,0,0,0,0,1,0,0,0,1,0,1,0,0,0,0,0,0,0,0,0,1
0,0.5532302205040753,-1.506736824831314,-0.6317064642835913,0,1,1,0,1,0,0,0,1,1,0,1,0,1,0,1,0,1,0,1,0,0,0,0,0,1,0
0,-1.2802480369298874,-1.4734993575273791,-0.9983337122588753,1,0,0,0,1,0,0,0,1,1,0,1,0,1,0,1,0,1,0,1,0,0,0,0,0,0,1
0,1.4903413298592119,0.6536985499244629,1.572910091832527,0,0,1,1,1,0,1,1,0,0,1,0,0,0,1,0,0,0,0,0,0,1,0,0,0,0,0
0,-1.1172721918246462,-1.4734993575273791,-0.9590679781195248,0,1,0,0,1,0,0,0,1,1,0,1,0,1,0,1,0,1,0,1,0,0,0,0,0,0,1
0,-1.2802480369298874,-1.506736824831314,-0.998774900282913,0,1,0,0,1,0,0,0,1,1,0,1,0,1,0,1,0,1,0,1,0,0,0,0,0,0,0
0,-0.26164900502213034,-1.4734993575273791,-0.7446505984372288,0,1,0,0,1,0,0,0,1,1,0,1,0,1,0,1,0,1,0,1,0,1,0,1,1,0,0
1,-0.9135523854430948,-1.0081748152722887,-0.8620066128312427,1,0,0,0,0,1,0,0,0,0,0,0,0,0,0,0,0,0,0,0,1,0,0,1,0,1,0
0,-0.3023929662984406,1.1522605594834883,0.10154803166697673,0,1,0,0,1,0,0,1,0,0,0,0,0,0,1,0,1,0,1,0,1,0,1,0,0,0,0
0,1.2866215234776603,0.5539861480126578,1.2583430306936851,0,1,1,1,1,0,0,1,0,0,1,0,1,0,0,0,0,0,0,0,0,0,0,0,0,1,0
0,-0.09867315991688919,0.08866160575756733,-0.1247814246643358,0,1,1,1,1,0,1,0,0,0,1,0,1,0,1,0,1,0,0,0,0,0,0,0,0,1,0
0,-0.791320501614164,0.18837400766937243,-0.5964114223605796,0,1,0,0,1,0,0,1,0,0,0,0,0,0,0,0,0,0,0,0,0,0,0,1,0,1,0
0,1.2866215234776603,1.6840600363464486,2.2558691530428034,0,0,1,0,1,0,1,1,0,0,1,0,1,0,1,0,1,0,1,0,1,1,0,1,0,1,0
0,0.5532302205040753,0.6536985499244629,0.7390647264013755,0,0,0,1,1,0,1,1,0,0,0,0,0,0,1,0,1,0,0,0,0,0,0,1,0,0,0
0,-0.8320644628904743,-1.506736824831314,-0.8924485864898403,0,0,0,0,1,0,0,0,1,1,0,1,0,1,0,1,0,1,0,1,0,1,0,0,0,0,1
0,-0.7098325790615434,-1.506736824831314,-0.8761246296004473,1,0,0,0,1,0,0,0,1,1,0,1,0,1,0,1,0,1,0,1,0,0,0,0,0,0,0
0,-0.6283446565089229,0.919598288355943,-0.3387576163225942,1,1,1,1,1,0,1,1,0,0,0,0,0,0,0,0,0,0,1,0,1,0,0,1,0,1,0
0,-0.791320501614164,-0.044288263458172786,-0.647148045124909,0,0,1,1,1,0,0,0,0,0,1,0,0,0,1,0,0,0,0,0,1,0,0,1,0,0,1
0,1.4088534073065913,0.32132387688511255,1.1405458282756338,0,0,1,1,1,0,1,0,0,0,1,0,1,0,0,0,1,0,1,0,0,0,1,0,1,0,0
0,-0.3431369275747509,-1.1743621517919638,-0.7036201122017277,0,1,1,0,0,1,0,0,0,0,0,0,0,0,1,0,0,0,0,0,0,0,0,0,0,1,0
0,-1.076528230548336,-0.47637533840932816,-0.8800953218167862,0,1,0,0,1,0,0,0,0,0,0,0,0,0,0,0,1,0,0,0,0,0,0,0,0,0,1
1,0.8384379494382472,-0.14400066536997788,0.41743865687793147,1,1,1,0,1,0,1,0,0,0,1,0,0,0,0,0,1,0,0,0,0,1,0,1,0,1,0
1,-0.6690886177852331,0.32132387688511255,-0.487437980423281,1,1,1,0,1,0,0,1,0,0,0,0,1,0,0,0,0,0,0,0,0,0,0,1,1,0,0
0,-0.9135523854430948,-1.4734993575273791,-0.9255376882926637,0,1,0,0,1,0,0,0,1,1,0,1,0,1,0,1,0,1,0,1,0,0,0,0,0,1,0
0,-0.791320501614164,0.32132387688511255,-0.580969841519262,0,0,0,0,1,0,0,1,0,0,0,0,1,0,0,0,0,0,0,0,0,1,0,1,0,0,1
0,-0.9542963467194051,0.6869360172283978,-0.6727369505190924,1,1,0,0,1,0,1,1,0,0,0,0,0,0,0,0,0,0,1,0,0,0,0,1,0,1,0
0,-0.3023929662984406,0.32132387688511255,-0.18522418395749332,1,0,0,0,1,0,0,0,0,0,1,0,1,0,1,0,1,0,1,0,0,1,0,0,0,0,1
1,-1.0357842692720256,-0.6758001422329384,-0.890242646369652,0,1,0,0,0,1,0,0,0,0,0,0,1,0,0,0,1,0,0,0,1,0,0,1,0,1,0
0,0.22727853029359305,0.6869360172283978,0.4474394425124914,0,1,1,1,1,0,1,0,0,0,1,0,0,0,1,0,1,0,1,0,1,0,1,1,0,0,0
0,0.4309983366751445,0.9860732229638132,0.8048017419829848,0,0,1,0,1,0,1,1,0,0,1,0,1,0,0,0,0,0,0,0,1,0,0,1,0,1,0
0,-1.1580161531009565,1.1190230921795532,-0.8324470152207204,1,0,0,1,1,0,0,1,0,0,0,0,0,0,1,0,1,0,1,0,1,0,0,1,0,0,0
0,-0.3023929662984406,1.4513977652189036,0.23213968678212002,0,0,0,0,1,0,1,1,0,0,0,0,1,0,1,0,1,0,1,0,1,0,1,0,0,1,0
0,-0.22090504374582004,-0.276950534585718,-0.3158158390726366,0,1,0,1,1,0,0,0,0,0,1,0,1,0,0,0,0,0,0,0,0,1,0,0,0,0,1
0,1.6125732136881425,-1.2740745537037688,-0.19051844024594508,0,1,1,1,1,0,1,0,1,1,0,1,0,1,0,1,0,1,0,1,0,0,1,0,0,0,1
0,1.5718292524118322,0.6869360172283978,1.6523239361593034,0,1,0,1,1,0,1,1,0,0,1,0,1,0,0,0,0,0,0,0,0,1,0,1,1,0,0
0,-0.3431369275747509,0.7866484191402029,-0.09301588693362527,0,0,0,0,1,0,1,1,0,0,0,0,0,0,1,0,0,0,1,0,0,0,0,1,1,0,0
0,0.7162060656093164,1.4846352325228385,1.441877248693346,1,0,0,0,1,0,1,1,0,0,1,0,1,0,0,0,1,0,1,0,1,0,1,1,0,1,0
0,1.0014137945434884,0.32132387688511255,0.8974512270308906,0,1,0,0,1,0,0,0,0,0,1,0,0,0,1,0,0,0,1,0,1,0,1,1,0,0,0
0,-0.7098325790615434,-0.5428502730171982,-0.6824430870479207,0,0,0,0,1,0,0,0,0,0,0,0,1,0,0,0,0,0,0,0,0,0,0,0,0,1,0
0,-1.1580161531009565,0.5207486807087227,-0.8589182966629791,0,1,0,0,1,0,1,1,0,0,1,0,0,0,0,0,0,0,0,0,0,0,0,1,0,1,0
0,-0.18016108246950976,-0.276950534585718,-0.3356693001543307,0,0,0,0,1,0,0,0,0,0,1,0,1,0,0,0,0,0,0,0,0,0,0,0,0,1,0
1,-0.9542963467194051,0.32132387688511255,-0.7327385217882123,1,0,0,0,1,0,1,1,0,0,0,0,0,0,0,0,0,0,0,0,0,0,0,1,0,1,0
0,0.9199258719908678,0.819885886444138,1.1806939384630595,0,0,1,0,1,0,1,1,0,0,1,0,0,0,0,0,0,0,1,0,0,0,0,1,0,0,0
0,-1.1987601143772668,1.1854980267874233,-0.8620066128312427,1,1,0,0,1,0,1,1,0,0,0,0,0,0,1,0,0,0,1,0,1,0,0,1,0,1,0
0,-0.9135523854430948,0.9860732229638132,-0.544792423548175,1,1,0,0,1,0,0,1,0,0,0,0,0,0,1,0,0,0,1,0,1,0,0,1,0,1,0
0,0.9199258719908678,-1.506736824831314,-0.5655282606779444,0,1,0,1,1,0,0,0,1,1,0,1,0,1,0,1,0,1,0,1,0,1,0,0,0,0,0
0,-0.506112772679992,-1.4734993575273791,-0.8121523661149886,0,0,1,1,1,0,0,0,1,1,0,1,0,1,0,1,0,1,0,1,0,0,0,0,0,0,1
0,1.2051336009250397,1.3849228306110335,1.9501258523847147,0,0,1,1,1,0,1,1,0,0,0,0,1,0,0,0,1,0,1,0,1,1,0,1,1,0,0
1,-0.01718523736426863,1.3184478960031634,0.4712635958105243,1,1,1,0,1,0,1,1,0,0,0,0,0,0,1,0,1,0,1,0,1,0,0,1,0,1,0
0,0.4309983366751445,-1.506736824831314,-0.6634720020143019,0,0,0,0,1,0,0,0,1,1,0,1,0,1,0,1,0,1,0,1,0,0,1,1,0,0,0
0,-0.9542963467194051,-1.340549488311639,-0.892889774513878,1,1,1,0,0,1,0,0,0,0,0,0,0,0,0,0,0,0,0,0,0,1,0,0,0,0,0
0,1.1236456783724194,-0.1772381326739129,0.5295004149834937,0,0,1,0,1,0,0,0,0,0,1,0,1,0,0,0,1,0,0,0,0,0,1,0,0,0,0
0,1.0421577558197987,0.7201734845323329,1.1502519648044618,0,1,1,0,1,0,1,0,0,0,1,0,1,0,1,0,0,0,1,0,1,0,1,1,0,1,0
0,-1.0357842692720256,-1.506736824831314,-0.9471559014705084,0,1,0,1,1,0,0,0,1,1,0,1,0,1,0,1,0,1,0,1,0,1,0,0,0,0,1
0,-1.2395040756535771,1.0857856248756181,-0.9259788763167014,0,1,1,1,1,0,0,1,0,0,1,0,0,0,0,0,0,0,1,0,1,0,0,0,0,1,0
1,0.18653456901728277,-0.9416998806644186,-0.4269952211301235,0,1,0,0,0,1,0,0,0,0,0,0,1,0,1,0,0,0,0,0,0,0,0,0,0,1,0
1,1.3273654847539706,1.2852104286992283,1.978361885923124,0,0,1,1,1,0,1,1,0,0,0,0,0,0,1,0,1,0,1,0,1,1,0,1,0,0,0
0,0.2680224915699033,-1.506736824831314,-0.6731781385431301,0,0,1,1,1,0,0,0,1,1,0,1,0,1,0,1,0,1,0,1,0,0,1,0,0,0,1
0,1.368109446030281,1.3184478960031634,2.0326280128797545,1,1,1,0,1,0,1,1,0,0,0,0,1,0,0,0,1,0,1,0,1,1,0,1,0,1,0
0,1.4495973685829016,-1.340549488311639,-0.27610891690924844,0,1,0,0,1,0,1,0,1,1,0,1,0,1,0,1,0,1,0,1,0,0,1,0,0,0,1
0,1.2051336009250397,-0.5428502730171982,0.31993610356561164,0,0,1,1,0,1,0,0,0,0,1,0,1,0,0,0,1,0,1,0,0,0,1,0,0,0,0
0,-1.1987601143772668,0.7866484191402029,-0.891566210441765,1,1,0,0,1,0,0,1,0,0,0,0,0,0,1,0,1,0,1,0,0,0,0,1,0,0,1
0,1.6125732136881425,1.4846352325228385,2.5951427435277536,0,0,1,0,1,0,1,1,0,0,1,0,1,0,1,0,0,0,1,0,1,0,1,1,0,1,0
0,0.3495104141225239,-1.4734993575273791,-0.6211179517066878,0,0,1,0,1,0,0,0,1,1,0,1,0,1,0,1,0,1,0,1,0,0,1,0,1,0,0
0,-0.13941712119319946,0.9860732229638132,0.16154960293609663,1,1,1,1,1,0,0,1,0,0,1,0,0,0,0,0,0,0,1,0,1,0,0,0,1,0,0
0,-1.1580161531009565,-0.310188001889653,-0.9100961074513462,0,0,0,0,1,0,0,0,0,0,1,0,1,0,0,0,0,0,0,0,0,0,0,0,0,1,0
0,0.8384379494382472,-1.340549488311639,-0.43317185346665055,0,1,0,0,1,0,1,0,1,1,0,1,0,1,0,1,0,1,0,1,0,1,0,0,0,0,0
1,-1.2802480369298874,0.32132387688511255,-0.9745095589608425,1,1,1,0,1,0,1,1,0,0,0,0,0,0,0,0,0,0,0,0,0,0,0,1,0,1,0
0,0.3495104141225239,0.4875112134047877,0.46023389520958313,1,0,1,1,1,0,1,0,0,0,1,0,1,0,1,0,1,0,0,0,1,0,0,0,1,0,0
0,0.2680224915699033,-1.4734993575273791,-0.6586189337498878,0,1,1,0,1,0,0,0,1,1,0,1,0,1,0,1,0,1,0,1,0,0,1,1,0,0,0
0,1.24587756220135,-1.506736824831314,-0.4614078870050599,0,1,1,0,1,0,0,0,1,1,0,1,0,1,0,1,0,1,0,1,0,0,1,0,0,0,1
0,-0.7098325790615434,-1.2740745537037688,-0.8403883996533981,0,1,0,0,1,0,1,0,1,1,0,1,0,1,0,1,0,1,0,1,0,0,0,1,0,1,0
0,-0.791320501614164,-0.7090376095368733,-0.7459741625093417,0,0,1,0,1,0,0,0,0,0,0,0,0,0,0,0,0,0,0,0,0,1,0,0,0,1,0
0,-1.2802480369298874,-0.47637533840932816,-0.985098071537746,0,1,0,0,1,0,0,0,0,0,0,0,1,0,0,0,0,0,0,0,0,0,0,1,0,0,1
0,-1.2802480369298874,-1.4734993575273791,-0.9983337122588753,0,1,0,0,1,0,0,0,1,1,0,1,0,1,0,1,0,1,0,1,0,0,1,0,0,0,1
1,-0.9950403079957154,0.1551365403654374,-0.7600921792785464,1,1,0,0,1,0,0,1,0,0,0,0,0,0,0,0,0,0,0,0,0,0,0,1,0,1,0
0,1.1236456783724194,-0.11076319806604285,0.5978845587093288,0,1,0,0,1,0,0,0,0,0,1,0,1,0,1,0,0,0,0,0,0,0,1,0,0,1,0
1,-0.8320644628904743,1.1190230921795532,-0.5394981672597233,1,0,1,0,1,0,1,1,0,0,0,0,1,0,1,0,0,0,1,0,0,0,0,1,0,1,0
0,0.3087664528462136,0.18837400766937243,0.2815527454743364,0,1,1,0,1,0,1,0,0,0,0,0,1,0,0,0,1,0,1,0,0,1,0,0,1,0,0
0,1.368109446030281,-0.11076319806604285,0.7650948198195967,0,0,0,0,1,0,0,0,0,0,1,0,1,0,1,0,0,0,0,0,0,0,1,1,0,0,0
0,0.3902543753988342,-1.4734993575273791,-0.6303829002114784,0,1,1,1,1,0,0,0,1,1,0,1,0,1,0,1,0,1,0,1,0,1,0,0,0,0,1
1,1.368109446030281,-0.044288263458172786,0.8343613395935072,0,0,0,0,1,0,1,0,0,0,1,0,1,0,0,0,1,0,0,0,0,1,0,1,1,0,0
0,0.6754621043330061,1.1190230921795532,1.1634876055255914,0,1,0,0,1,0,1,1,0,0,0,0,1,0,0,0,0,0,1,0,1,0,0,0,0,1,0
0,-1.2802480369298874,-1.4734993575273791,-0.9983337122588753,1,0,0,0,1,0,0,0,1,1,0,1,0,1,0,1,0,1,0,1,0,0,0,0,0,0,1
0,0.3495104141225239,-1.4734993575273791,-0.6497951732691348,0,0,0,0,1,0,0,0,1,1,0,1,0,1,0,1,0,1,0,1,0,0,1,0,0,0,1
0,0.3495104141225239,-1.506736824831314,-0.6665603181825654,0,0,1,1,1,0,0,0,1,1,0,1,0,1,0,1,0,1,0,1,0,0,1,0,0,0,0
0,-0.38388088885106114,0.6536985499244629,-0.15301745820274515,0,0,1,1,1,0,0,1,0,0,1,0,1,0,0,0,1,0,0,0,0,0,0,0,0,0,1
0,-1.1987601143772668,-1.3073120210077038,-0.9723036188406543,0,1,0,0,0,1,0,0,0,0,0,0,0,0,0,0,0,0,0,0,0,0,0,0,0,1,0
0,-1.1580161531009565,-0.5428502730171982,-0.9180374918840237,0,0,0,0,0,1,0,0,0,0,1,0,0,0,1,0,1,0,0,0,1,0,0,0,0,0,1
0,0.797693988161937,-1.506736824831314,-0.5350862870193468,0,0,1,1,1,0,0,0,1,1,0,1,0,1,0,1,0,1,0,1,0,0,1,0,0,0,1
1,-1.1580161531009565,1.1522605594834883,-0.854065228398565,1,0,1,0,1,0,1,1,0,0,1,0,0,0,0,0,0,0,1,0,1,0,0,1,0,1,0
0,-0.8728084241667845,0.9860732229638132,-0.5664106367260197,0,0,0,0,1,0,0,1,0,0,0,0,1,0,1,0,1,0,0,0,1,0,0,1,0,1,0
0,-1.2395040756535771,-0.07752573076210782,-0.9573032260233743,0,0,1,0,1,0,0,0,0,0,1,0,0,0,0,0,0,0,0,0,1,0,0,1,0,0,1
0,-0.26164900502213034,0.4875112134047877,-0.1181636043037711,0,0,1,0,1,0,1,1,0,0,0,0,1,0,0,0,0,0,0,0,0,0,0,0,0,0,0
0,-0.3431369275747509,-0.276950534585718,-0.36567008578889065,0,1,1,1,1,0,0,0,0,0,1,0,0,0,1,0,0,0,0,0,0,1,0,1,1,0,0
0,-0.8320644628904743,-1.4734993575273791,-0.8986252188263674,0,0,0,0,1,0,0,0,1,1,0,1,0,1,0,1,0,1,0,1,0,0,0,0,0,0,1
1,1.1236456783724194,1.1522605594834883,1.6474708678948893,0,1,1,0,1,0,1,1,0,0,0,0,0,0,0,0,1,0,1,0,1,0,0,1,0,1,0
0,1.2866215234776603,0.853123353748073,1.55923326308736,0,0,1,1,1,0,1,0,0,0,1,0,1,0,1,0,1,0,1,0,1,0,1,1,0,0,1
0,1.368109446030281,0.6869360172283978,1.4612895217510025,0,1,1,0,1,0,0,0,0,0,1,0,1,0,1,0,1,0,1,0,1,0,1,1,0,0,0
0,1.1236456783724194,0.4875112134047877,1.0951034617997562,0,0,0,0,1,0,1,1,0,0,0,0,0,0,1,0,0,0,0,0,0,1,0,1,0,0,0
0,-0.6283446565089229,0.18837400766937243,-0.47729065587041514,0,1,1,1,1,0,1,0,0,0,1,0,0,0,1,0,0,0,1,0,0,1,0,1,0,0,0
0,0.3902543753988342,-1.506736824831314,-0.624647455898989,0,1,1,1,1,0,0,0,1,1,0,1,0,1,0,1,0,1,0,1,0,0,1,0,0,0,1
0,-1.2802480369298874,-0.47637533840932816,-0.985098071537746,0,1,0,0,1,0,1,0,0,0,0,0,0,0,0,0,0,0,0,0,0,0,0,1,0,1,0
0,0.5939741817803856,-0.044288263458172786,0.319494915541574,0,0,1,1,1,0,0,0,0,0,0,0,1,0,0,0,1,0,0,0,1,0,1,0,0,0,0
0,-0.9135523854430948,-1.4734993575273791,-0.8959780906821414,0,0,1,0,1,0,0,0,1,1,0,1,0,1,0,1,0,1,0,1,0,0,0,1,0,0,1
1,1.5310852911355222,0.7866484191402029,1.774974206841769,0,1,1,0,1,0,1,0,0,0,1,0,1,0,1,0,1,0,1,0,1,0,1,1,1,0,0
1,1.4088534073065913,1.2187354940913584,2.01100979970191,0,1,0,0,1,0,1,1,0,0,0,0,0,0,1,0,0,0,1,0,1,0,0,1,1,0,0
0,-1.2802480369298874,0.5539861480126578,-0.9714212427925789,1,0,0,0,1,0,0,1,0,0,0,0,0,0,0,0,0,0,0,0,1,0,0,1,0,1,0
0,-1.0357842692720256,0.1551365403654374,-0.8081816738986498,1,1,1,0,1,0,0,1,0,0,0,0,0,0,0,0,0,0,0,0,0,0,0,1,0,1,0
0,-1.2802480369298874,-0.6758001422329384,-0.9877451996819718,0,1,0,0,1,0,0,0,0,0,0,0,0,0,0,0,0,0,0,0,0,0,0,0,0,0,1
0,-1.1580161531009565,-0.044288263458172786,-0.9074489793071202,0,1,0,0,1,0,0,0,0,0,0,0,1,0,0,0,1,0,1,0,0,0,0,1,0,0,0
0,1.368109446030281,1.4846352325228385,2.1173361134949826,0,0,1,1,1,0,1,1,0,0,1,0,1,0,1,0,0,0,1,0,1,0,1,0,0,0,0
0,-0.8320644628904743,0.6536985499244629,-0.5584692522933421,0,0,0,0,1,0,0,1,0,0,0,0,1,0,0,0,0,0,0,0,1,0,0,1,0,1,0
0,-0.3431369275747509,-1.4734993575273791,-0.7746513840717887,0,0,0,0,1,0,0,0,1,1,0,1,0,1,0,1,0,1,0,1,0,1,0,0,1,0,0
0,-0.26164900502213034,0.6869360172283978,-0.06036797315483944,0,1,0,0,1,0,0,1,0,0,0,0,1,0,0,0,0,0,1,0,0,0,0,1,0,1,0
0,-1.076528230548336,0.8863608210520081,-0.8064169218024992,1,0,0,0,1,0,0,1,0,0,0,0,0,0,0,0,0,0,1,0,1,0,0,1,0,1,0
0,1.0014137945434884,1.4181602979149686,1.6262938427410822,0,1,1,0,1,0,1,1,0,0,0,0,0,0,1,0,1,0,1,0,1,0,1,0,0,1,0
0,-0.7505765403378537,0.7201734845323329,-0.4622902630531352,1,1,1,0,1,0,1,1,0,0,0,0,0,0,0,0,0,0,1,0,0,0,0,1,0,1,0
0,0.3902543753988342,-1.407024422919509,-0.559792816365455,0,0,1,1,1,0,1,0,1,1,0,1,0,1,0,1,0,1,0,1,0,0,1,0,0,1,0
0,-0.3023929662984406,0.9860732229638132,0.03492864003729215,1,1,0,0,1,0,1,1,0,0,0,0,0,0,0,0,0,0,1,0,1,0,0,1,0,0,0
0,1.2866215234776603,-1.506736824831314,-0.4667021432935116,0,0,1,0,1,0,0,0,1,1,0,1,0,1,0,1,0,1,0,1,0,0,1,0,1,0,0
0,-0.42462485012737144,0.6869360172283978,-0.18081230371711687,1,1,1,0,1,0,1,1,0,0,0,0,0,0,0,0,0,0,0,0,1,0,0,1,0,1,0
0,-0.5468567339563023,-1.506736824831314,-0.8368588954610968,0,1,0,0,1,0,0,0,1,1,0,1,0,1,0,1,0,1,0,1,0,1,0,1,1,0,0
0,1.1643896396487294,1.1522605594834883,1.6443825517266257,1,0,1,1,1,0,1,1,0,0,0,0,1,0,0,0,0,0,1,0,1,0,0,1,0,1,0
0,-0.42462485012737144,0.7534109518362679,-0.19095962826998272,0,1,1,0,1,0,0,1,0,0,0,0,0,0,1,0,0,0,1,0,0,0,0,1,0,0,0
1,1.5310852911355222,1.2519729613952935,2.125718685951698,1,1,1,0,1,0,1,1,0,0,0,0,1,0,1,0,0,0,1,0,1,0,0,1,0,1,0
0,-0.8320644628904743,0.4875112134047877,-0.5469983636683633,0,1,0,0,1,0,0,1,0,0,0,0,0,0,0,0,0,0,0,0,1,0,0,1,0,0,0
0,-0.05792919864057891,-0.011050796154237758,-0.16448834682772395,0,0,1,0,1,0,0,0,0,0,1,0,0,0,0,0,1,0,0,0,1,1,0,1,0,1,0
0,-0.8728084241667845,-0.011050796154237758,-0.6912668475286736,0,0,0,0,1,0,0,0,0,0,0,0,0,0,0,0,0,0,1,0,1,0,0,1,0,1,0
0,1.4495973685829016,-1.3073120210077038,-0.2633144642121567,0,1,1,1,1,0,1,0,1,1,0,1,0,1,0,1,0,1,0,1,0,0,1,0,0,0,1
1,1.6125732136881425,0.853123353748073,1.9558612966972042,0,0,1,1,1,0,1,0,0,0,1,0,1,0,1,0,1,0,1,0,1,0,1,1,0,0,0
1,1.4088534073065913,1.7172975036503837,2.451315447691481,0,1,0,0,1,0,1,1,0,0,1,0,1,0,1,0,1,0,1,0,1,0,1,1,1,0,0
0,1.1236456783724194,1.3184478960031634,1.7440910451591338,0,0,0,0,1,0,0,1,0,0,1,0,0,0,1,0,1,0,1,0,1,0,0,1,0,0,0
0,-1.2802480369298874,-0.6425626749290033,-0.9873040116579342,1,1,0,0,1,0,0,0,0,0,0,0,0,0,0,0,0,0,0,0,0,0,0,1,0,0,1
1,-1.2802480369298874,0.22161147497330744,-0.9758331230329554,1,0,0,1,1,0,0,1,0,0,0,0,0,0,0,0,0,0,0,0,0,0,0,1,0,1,0
0,1.0421577558197987,-0.47637533840932816,0.2806703694262611,0,1,1,1,0,1,0,0,0,0,1,0,1,0,1,0,0,0,1,0,0,1,0,0,0,0,1
1,0.5939741817803856,0.18837400766937243,0.45273369880094316,1,0,1,1,1,0,0,1,0,0,0,0,0,0,0,0,0,0,0,0,0,0,0,0,0,0,0
0,-1.2802480369298874,0.4875112134047877,-0.9723036188406543,1,0,0,0,1,0,0,1,0,0,0,0,0,0,0,0,0,0,0,0,1,0,0,1,0,1,0
0,-1.2802480369298874,-1.4734993575273791,-0.9983337122588753,0,1,0,0,1,0,0,0,1,1,0,1,0,1,0,1,0,1,0,1,0,0,0,0,0,0,1
0,-0.42462485012737144,-0.1772381326739129,-0.4539076905964199,1,1,0,0,1,0,1,0,0,0,1,0,1,0,0,0,0,0,0,0,0,0,0,0,0,1,0
0,0.6347181430566958,-0.14400066536997788,0.27052304487339524,1,0,0,0,1,0,0,0,0,0,1,0,0,0,1,0,1,0,0,0,0,1,0,1,1,0,0
0,0.18653456901728277,-1.506736824831314,-0.6908256595046359,0,0,1,0,1,0,0,0,1,1,0,1,0,1,0,1,0,1,0,1,0,1,0,1,0,0,0
0,-0.791320501614164,-1.506736824831314,-0.8955369026581038,0,1,0,0,1,0,0,0,1,1,0,1,0,1,0,1,0,1,0,1,0,1,0,1,0,1,0
0,0.4309983366751445,-1.2740745537037688,-0.517438766057841,0,1,0,0,1,0,1,0,1,1,0,1,0,1,0,1,0,1,0,1,0,0,1,0,0,0,0
0,-1.076528230548336,-0.044288263458172786,-0.8536240403745274,0,0,0,0,0,1,0,0,0,0,1,0,1,0,1,0,1,0,1,0,1,0,1,1,0,0,1
0,1.5718292524118322,-0.3766629364975231,0.7081815647187404,0,1,0,0,0,1,0,0,0,0,1,0,1,0,1,0,1,0,1,0,0,0,1,0,0,0,0
1,-1.2802480369298874,0.1551365403654374,-0.9767154990810307,1,0,1,1,1,0,0,1,0,0,0,0,0,0,0,0,0,0,0,0,0,0,0,1,0,1,0
0,1.6125732136881425,1.0193106902677482,2.0118921757499852,0,0,1,1,1,0,1,1,0,0,1,0,1,0,0,0,0,0,1,0,0,0,1,1,0,1,0
1,-1.076528230548336,0.32132387688511255,-0.8086228619226875,0,0,0,0,1,0,0,1,0,0,1,0,0,0,0,0,0,0,0,0,0,0,0,1,0,1,0
0,-0.8320644628904743,-0.9749373479683536,-0.8165642463553652,0,1,1,1,0,1,0,0,0,0,0,0,1,0,0,0,1,0,0,0,0,0,0,0,0,0,1
0,-0.3023929662984406,0.18837400766937243,-0.22757823426510737,1,1,0,0,1,0,0,1,0,0,0,0,0,0,0,0,0,0,0,0,0,0,0,0,0,0,1
0,-0.46536881140368175,0.4875112134047877,-0.23860793486604853,0,0,1,0,1,0,0,1,0,0,0,0,0,0,1,0,1,0,0,0,0,1,0,0,0,1,0
0,-1.076528230548336,-0.5428502730171982,-0.8761246296004473,0,0,1,1,1,0,0,0,0,0,0,0,0,0,0,0,1,0,0,0,0,0,0,1,0,0,1
0,-0.506112772679992,0.819885886444138,-0.20419526899111212,1,1,1,0,1,0,0,1,0,0,0,0,0,0,0,0,0,0,1,0,1,0,0,1,0,0,1
0,-0.5876006952326126,1.1522605594834883,-0.23860793486604853,1,1,1,0,1,0,1,1,0,0,1,0,0,0,0,0,0,0,1,0,1,0,0,1,0,1,0
0,0.4309983366751445,-0.310188001889653,0.07110605800837914,0,0,0,0,1,0,0,0,0,0,0,0,1,0,0,0,1,0,0,0,0,1,0,0,0,1,0
0,0.10504664646466222,-1.3073120210077038,-0.588470037927902,0,0,1,1,1,0,1,0,1,1,0,1,0,1,0,1,0,1,0,1,0,0,1,1,1,0,0
0,-1.2802480369298874,0.2880864095811775,-0.9749507469848802,1,0,0,0,1,0,0,1,0,0,0,0,0,0,1,0,0,0,0,0,0,0,0,0,0,0,0
1,-0.01718523736426863,0.9528357556598781,0.3031709586521811,0,1,1,0,1,0,1,1,0,0,0,0,1,0,1,0,0,0,0,0,1,0,0,1,0,1,0
0,0.797693988161937,-0.044288263458172786,0.4637633994018843,0,1,0,0,0,1,0,0,0,0,1,0,1,0,1,0,1,0,1,0,1,0,1,0,1,0,0
0,-0.01718523736426863,-0.011050796154237758,-0.12036954442395933,0,1,0,0,1,0,0,0,0,0,0,0,0,0,0,0,0,0,1,0,1,1,0,1,0,0,0
0,1.6125732136881425,-0.044288263458172786,1.0593672318527068,0,0,1,1,0,1,0,0,0,0,1,0,1,0,1,0,1,0,1,0,1,0,1,1,0,0,0
0,0.7569500268856267,-0.6758001422329384,-0.04492639231352182,0,1,0,0,0,1,0,0,0,0,1,0,0,0,0,0,1,0,0,0,1,0,0,1,1,0,0
0,1.4495973685829016,-1.506736824831314,-0.4322894774185752,0,1,1,1,1,0,0,0,1,1,0,1,0,1,0,1,0,1,0,1,0,0,1,1,0,0,0
1,-0.9950403079957154,-0.7090376095368733,-0.8434767158216615,0,1,1,0,0,1,0,0,0,0,0,0,1,0,1,0,0,0,0,0,1,0,0,1,0,0,1
0,0.6754621043330061,-0.5096128057132632,0.05566447716706153,0,1,1,0,0,1,0,0,0,0,0,0,1,0,0,0,0,0,1,0,1,0,1,0,1,0,0
0,1.6125732136881425,0.6869360172283978,1.7083548152120844,0,0,1,0,1,0,0,0,0,0,1,0,1,0,1,0,1,0,1,0,1,0,1,0,0,0,1
0,-0.9542963467194051,1.0193106902677482,-0.6414126008124196,1,1,0,0,1,0,1,1,0,0,0,0,0,0,0,0,0,0,1,0,1,0,0,1,0,1,0
0,-0.18016108246950976,0.919598288355943,0.14081376580632726,1,0,1,0,1,0,0,1,0,0,1,0,0,0,0,0,0,0,1,0,1,0,0,1,0,0,1
0,0.8791819107145575,0.819885886444138,1.0518670354440667,0,1,0,0,1,0,0,1,0,0,1,0,0,0,1,0,0,0,1,0,0,0,0,0,0,0,1
0,-0.8728084241667845,0.32132387688511255,-0.6436185409326078,1,1,0,0,1,0,0,1,0,0,0,0,1,0,0,0,0,0,0,0,0,0,0,1,0,1,0
0,0.7162060656093164,1.2852104286992283,1.2662844151263628,0,0,1,1,1,0,0,1,0,0,0,0,0,0,1,0,1,0,1,0,1,1,0,0,0,0,1
0,1.4903413298592119,1.7172975036503837,2.6026429399363935,0,0,1,0,1,0,1,1,0,0,1,0,1,0,1,0,1,0,1,0,1,0,1,1,0,1,0
0,-1.2802480369298874,0.1551365403654374,-0.9767154990810307,0,1,0,0,1,0,0,1,0,0,0,0,0,0,0,0,0,0,0,0,0,0,0,1,0,1,0
0,1.4495973685829016,1.0193106902677482,1.9413020919039619,0,1,1,1,1,0,0,1,0,0,1,0,1,0,0,0,1,0,0,0,1,0,1,0,0,0,0
0,0.3087664528462136,-0.8087500114486784,-0.3171394031447496,0,1,0,1,0,1,0,0,0,0,1,0,1,0,0,0,1,0,0,0,0,1,0,0,0,0,1
0,-0.05792919864057891,-1.3073120210077038,-0.6740605145912054,0,1,1,1,1,0,1,0,1,1,0,1,0,1,0,1,0,1,0,1,0,0,1,0,0,0,1
1,0.02355872391204165,1.3516853633070984,0.521559030550816,0,0,0,1,1,0,1,1,0,0,0,0,1,0,1,0,0,0,1,0,1,0,0,1,0,0,0
1,0.9199258719908678,1.6175851017385787,1.768797574505242,0,1,1,0,1,0,1,1,0,0,0,0,1,0,1,0,1,0,1,0,1,0,1,1,0,1,0
0,1.4495973685829016,-1.340549488311639,-0.27302060074098494,0,1,1,1,1,0,1,0,1,1,0,1,0,1,0,1,0,1,0,1,0,0,1,1,0,0,0
0,-0.8320644628904743,-1.506736824831314,-0.9198022439801744,0,0,1,1,1,0,0,0,1,1,0,1,0,1,0,1,0,1,0,1,0,0,0,0,0,0,0
0,1.5718292524118322,0.7201734845323329,1.6598241325679433,0,1,1,0,1,0,0,0,0,0,1,0,1,0,1,0,1,0,1,0,1,0,1,1,0,0,0
0,0.3087664528462136,1.2519729613952935,0.8052429300070225,0,1,0,0,1,0,1,1,0,0,0,0,1,0,1,0,0,0,1,0,1,0,0,1,0,0,1
0,1.2866215234776603,0.919598288355943,1.6311469110054964,0,0,1,1,1,0,1,1,0,0,0,0,1,0,1,0,0,0,0,0,1,1,0,1,0,1,0
0,0.8384379494382472,1.0857856248756181,1.2177537324822219,0,1,1,0,1,0,1,1,0,0,0,0,1,0,0,0,1,0,0,0,1,1,0,0,0,0,0
1,-0.8320644628904743,0.6204610826205278,-0.5531749960048903,1,1,0,0,1,0,0,1,0,0,0,0,1,0,1,0,1,0,0,0,0,0,0,1,0,0,1
1,0.8384379494382472,-0.3434254691935881,0.2519931478638141,1,1,0,0,0,1,0,0,0,0,0,0,1,0,1,0,0,0,1,0,1,0,0,1,0,1,0
0,1.6125732136881425,1.0857856248756181,2.131454130264187,0,1,1,0,1,0,1,1,0,0,1,0,1,0,1,0,0,0,1,0,0,0,1,1,1,0,0
0,0.5532302205040753,-1.506736824831314,-0.6069999349374832,0,1,0,0,1,0,0,0,1,1,0,1,0,1,0,1,0,1,0,1,0,0,1,0,0,1,0
0,0.3087664528462136,-1.340549488311639,-0.5778815253509985,0,1,0,0,1,0,1,0,1,1,0,1,0,1,0,1,0,1,0,1,0,0,1,1,0,0,1
0,-0.8320644628904743,-0.47637533840932816,-0.7402387181968523,0,1,0,0,0,1,0,0,0,0,1,0,1,0,0,0,1,0,1,0,0,0,0,1,0,0,0
0,-0.9542963467194051,0.35456134418904756,-0.7155321888507441,0,1,0,0,1,0,0,1,0,0,1,0,0,0,0,0,0,0,0,0,0,0,0,0,0,1,0
0,0.7569500268856267,0.5207486807087227,0.8087724341993237,0,0,1,1,1,0,1,1,0,0,0,0,0,0,0,0,1,0,0,0,0,0,0,1,0,1,0
0,0.6754621043330061,0.853123353748073,0.975541507285554,0,1,1,1,1,0,0,1,0,0,0,0,1,0,1,0,0,0,1,0,0,0,0,1,1,0,0
1,0.3495104141225239,1.1522605594834883,0.8718623216367071,1,1,1,0,1,0,1,1,0,0,0,0,0,0,1,0,0,0,1,0,1,0,0,1,0,1,0
0,0.9606698332671781,-0.14400066536997788,0.4408216221519267,0,0,0,0,1,0,0,0,0,0,1,0,0,0,1,0,1,0,0,0,0,1,0,1,1,0,0
0,-1.1580161531009565,-1.4734993575273791,-0.9828921314175577,0,1,0,0,1,0,0,0,1,1,0,1,0,1,0,1,0,1,0,1,0,0,0,1,0,1,0
0,-0.506112772679992,-0.011050796154237758,-0.445083930115667,0,1,1,0,1,0,0,0,0,0,1,0,0,0,0,0,1,0,0,0,1,1,0,1,0,0,1
0,-0.26164900502213034,-1.4734993575273791,-0.7896517768890687,0,0,1,1,1,0,0,0,1,1,0,1,0,1,0,1,0,1,0,1,0,0,0,1,1,0,0
0,-0.506112772679992,1.3516853633070984,-0.01933748691933834,1,0,1,1,1,0,1,1,0,0,0,0,1,0,1,0,0,0,1,0,1,0,0,1,0,0,0
0,-1.0357842692720256,0.35456134418904756,-0.7953872212015581,1,0,0,0,1,0,1,1,0,0,0,0,0,0,0,0,0,0,0,0,0,0,0,0,0,0,1
0,-1.0357842692720256,0.9528357556598781,-0.7270030774757229,1,1,0,0,1,0,1,1,0,0,0,0,0,0,0,0,0,0,1,0,1,0,0,1,0,1,0
0,0.7569500268856267,1.1522605594834883,1.2155477923620335,0,1,0,0,1,0,0,1,0,0,0,0,1,0,1,0,0,0,1,0,1,0,0,1,0,1,0
0,-1.1580161531009565,0.5207486807087227,-0.864212552951431,0,0,0,0,1,0,1,1,0,0,0,0,1,0,0,0,0,0,0,0,0,0,0,1,0,0,1
0,-1.2802480369298874,-1.506736824831314,-0.998774900282913,0,0,0,0,1,0,0,0,1,1,0,1,0,1,0,1,0,1,0,1,0,0,0,0,1,0,0
0,-0.22090504374582004,1.1854980267874233,0.2250806783975177,0,1,1,1,1,0,1,1,0,0,1,0,1,0,0,0,1,0,1,0,0,0,0,0,0,1,0
0,-0.42462485012737144,1.1854980267874233,-0.0828685623807594,1,1,0,0,1,0,1,1,0,0,1,0,0,0,0,0,0,0,1,0,1,0,0,1,0,1,0
0,-0.8320644628904743,-0.3766629364975231,-0.7212676331632335,0,1,0,0,1,0,0,0,0,0,0,0,1,0,0,0,1,0,0,0,0,0,0,1,0,0,1
0,-1.1987601143772668,-1.1078872171840937,-0.9652446104560519,1,0,1,1,0,1,0,0,0,0,0,0,0,0,0,0,1,0,0,0,0,0,0,1,0,0,1
0,0.06430268518835193,-1.3073120210077038,-0.6025880546971067,0,0,1,1,1,0,1,0,1,1,0,1,0,1,0,1,0,1,0,1,0,1,0,1,1,0,0
0,-0.3431369275747509,-0.21047559997784793,-0.41331839238495643,0,1,1,0,1,0,1,0,0,0,1,0,0,0,0,0,1,0,0,0,0,1,0,1,0,1,0
0,0.7569500268856267,0.5207486807087227,0.8643621252280671,1,1,0,0,1,0,1,1,0,0,0,0,0,0,1,0,0,0,0,0,0,0,0,0,1,0,0
1,-0.7505765403378537,-0.6093252076250683,-0.71067912058633,0,0,0,0,0,1,0,0,0,0,0,0,0,0,0,0,0,0,1,0,1,0,0,1,0,1,0
0,1.082901717096109,1.6175851017385787,1.887477152971369,0,1,1,0,1,0,1,1,0,0,1,0,1,0,1,0,1,0,1,0,1,0,1,0,0,1,0
0,-1.1987601143772668,0.853123353748073,-0.8889190822975391,0,1,0,0,1,0,0,1,0,0,0,0,1,0,1,0,0,0,0,0,1,0,0,0,0,1,0
0,1.3273654847539706,1.4846352325228385,2.2298390596245823,0,0,1,1,1,0,1,1,0,0,1,0,0,0,1,0,1,0,1,0,1,0,1,0,0,1,0
1,-1.1172721918246462,0.18837400766937243,-0.8611242367831674,1,1,0,0,1,0,0,1,0,0,0,0,0,0,0,0,0,0,0,0,0,0,0,1,0,0,1
0,1.082901717096109,0.853123353748073,1.2843731241119063,0,0,1,1,1,0,1,0,0,0,1,0,1,0,1,0,1,0,1,0,1,0,1,0,1,0,0
0,1.6125732136881425,0.022186671149697273,0.9684824989009516,0,1,1,1,0,1,0,0,0,0,1,0,1,0,1,0,1,0,1,0,1,0,1,1,1,0,0
0,1.2051336009250397,1.1854980267874233,1.764826882288903,1,0,1,1,1,0,0,1,0,0,0,0,1,0,1,0,0,0,1,0,1,0,0,1,0,1,0
0,-0.18016108246950976,0.9860732229638132,0.16596148317647308,1,1,0,0,1,0,1,1,0,0,1,0,1,0,0,0,0,0,0,0,1,0,0,1,1,0,0
0,-1.1987601143772668,-0.14400066536997788,-0.9206846200282497,0,1,0,0,1,0,0,0,0,0,0,0,0,0,0,0,1,0,0,0,1,0,0,0,0,0,1
0,-0.5468567339563023,-1.340549488311639,-0.8134759301871016,0,1,0,1,1,0,1,0,1,1,0,1,0,1,0,1,0,1,0,1,0,0,0,1,1,0,0
0,-1.2802480369298874,-1.506736824831314,-0.998774900282913,0,1,0,0,1,0,0,0,1,1,0,1,0,1,0,1,0,1,0,1,0,0,0,1,0,0,1
0,-0.3431369275747509,0.6869360172283978,-0.07757430609230764,0,1,0,0,1,0,0,1,0,0,0,0,1,0,1,0,1,0,0,0,0,0,0,1,0,1,0
1,1.0014137945434884,-0.3766629364975231,0.3318481802146281,0,1,0,0,1,0,0,0,0,0,0,0,0,0,1,0,1,0,0,0,0,1,0,1,0,1,0
0,1.6125732136881425,-1.3073120210077038,-0.1839006198853804,0,0,0,0,1,0,1,0,1,1,0,1,0,1,0,1,0,1,0,1,0,0,1,0,1,0,0
0,1.4088534073065913,-1.4734993575273791,-0.3762585983657942,0,1,0,0,1,0,0,0,1,1,0,1,0,1,0,1,0,1,0,1,0,0,1,0,0,0,0
0,0.797693988161937,-1.4734993575273791,-0.5346450989953092,0,1,1,1,1,0,0,0,1,1,0,1,0,1,0,1,0,1,0,1,0,1,0,1,1,0,0
0,1.5718292524118322,0.819885886444138,1.8415935984714538,0,1,1,1,1,0,1,0,0,0,1,0,1,0,1,0,1,0,1,0,1,0,1,0,1,0,0
0,-0.26164900502213034,-1.2740745537037688,-0.7053848642978783,0,0,1,0,1,0,1,0,1,1,0,1,0,1,0,1,0,1,0,1,0,1,0,0,0,0,1
0,0.10504664646466222,1.6175851017385787,0.7196524533437192,0,0,0,0,1,0,1,1,0,0,1,0,1,0,1,0,1,0,1,0,1,0,1,1,0,0,1
0,0.9199258719908678,0.1551365403654374,0.6878869156130086,0,0,1,1,1,0,0,1,0,0,0,0,0,0,0,0,0,0,0,0,0,0,1,1,1,0,0
0,0.02355872391204165,-1.4734993575273791,-0.7115614966344053,0,0,1,1,1,0,0,0,1,1,0,1,0,1,0,1,0,1,0,1,0,0,1,0,0,0,1
0,1.6125732136881425,1.4846352325228385,2.4694041566770246,0,1,1,0,1,0,1,1,0,0,1,0,1,0,1,0,0,0,1,0,1,0,1,1,0,1,0
0,-1.2802480369298874,-1.506736824831314,-0.998774900282913,0,1,0,1,1,0,0,0,1,1,0,1,0,1,0,1,0,1,0,1,0,0,0,1,0,0,1
0,-0.9135523854430948,-1.0414122825762238,-0.8756834415764098,1,1,0,0,0,1,0,0,0,0,0,0,0,0,0,0,0,0,0,0,1,0,0,1,0,0,1
1,0.18653456901728277,0.853123353748073,0.48008735629127725,0,0,1,0,1,0,0,1,0,0,0,0,0,0,1,0,1,0,1,0,0,0,0,0,0,1,0
0,-0.8320644628904743,-1.0081748152722887,-0.8121523661149886,0,1,0,0,0,1,0,0,0,0,0,0,1,0,0,0,1,0,0,0,0,0,0,0,0,0,1
0,-1.2802480369298874,-1.4734993575273791,-0.9983337122588753,0,1,1,1,1,0,0,0,1,1,0,1,0,1,0,1,0,1,0,1,0,1,0,0,0,0,1
0,1.2051336009250397,-0.8752249460565485,0.027428443628652165,0,1,1,0,0,1,0,0,0,0,1,0,1,0,0,0,1,0,0,0,0,0,1,1,1,0,0
0,-1.2802480369298874,-1.3073120210077038,-0.9961277721386872,0,0,0,0,0,1,0,0,0,0,0,0,0,0,0,0,0,0,0,0,0,0,0,0,0,0,0
0,-0.5876006952326126,-0.14400066536997788,-0.49714411695210925,0,0,0,0,1,0,1,0,0,0,1,0,0,0,1,0,0,0,0,0,0,0,0,1,0,0,1
1,1.4903413298592119,0.819885886444138,1.7030605589236327,1,1,1,0,1,0,1,1,0,0,0,0,1,0,0,0,0,0,1,0,0,0,0,1,0,1,0
0,-1.2395040756535771,0.32132387688511255,-0.9436263972782073,0,1,0,0,1,0,0,1,0,0,0,0,1,0,0,0,0,0,0,0,0,0,0,1,0,1,0
0,-0.5468567339563023,-1.4734993575273791,-0.8245056307880427,0,1,1,1,1,0,0,0,1,1,0,1,0,1,0,1,0,1,0,1,0,0,0,0,0,0,1
0,-0.8320644628904743,0.6536985499244629,-0.5399393552837609,1,1,0,0,1,0,1,1,0,0,0,0,0,0,0,0,0,0,1,0,0,0,0,1,0,1,0
0,-0.9542963467194051,-1.4734993575273791,-0.9273024403888144,0,1,0,0,1,0,0,0,1,1,0,1,0,1,0,1,0,1,0,1,0,0,0,0,0,0,1
0,-0.22090504374582004,0.5539861480126578,-0.031249563568354788,0,1,0,0,1,0,0,0,0,0,1,0,0,0,1,0,1,0,1,0,1,1,0,0,0,1,0
0,-0.22090504374582004,0.4875112134047877,-0.045367580337559464,1,1,0,1,1,0,1,1,0,0,0,0,0,0,0,0,1,0,0,0,0,0,0,1,0,1,0
0,-1.2802480369298874,0.819885886444138,-0.9678917386002778,1,1,1,1,1,0,0,1,0,0,0,0,0,0,0,0,0,0,1,0,1,0,0,0,0,0,1
1,-0.3431369275747509,-1.4734993575273791,-0.8046521697063487,0,0,0,0,1,0,0,0,1,1,0,1,0,1,0,1,0,1,0,1,0,0,0,1,0,0,1
1,-0.7505765403378537,0.32132387688511255,-0.5500866798366267,1,1,0,0,1,0,1,1,0,0,0,0,0,0,0,0,0,0,0,0,0,0,0,1,0,1,0
1,-0.01718523736426863,0.32132387688511255,-0.0030135300299454263,1,0,0,0,1,0,0,1,0,0,0,0,1,0,0,0,0,0,0,0,0,0,0,1,0,1,0
0,-0.8728084241667845,-1.4734993575273791,-0.914066799667685,0,0,0,0,1,0,0,0,1,1,0,1,0,1,0,1,0,1,0,1,0,1,0,0,0,0,1
0,-1.2802480369298874,-1.3073120210077038,-0.9961277721386872,0,1,0,0,1,0,1,0,1,1,0,1,0,1,0,1,0,1,0,1,0,0,0,1,0,0,1
1,0.22727853029359305,0.5207486807087227,0.3878790592674092,0,1,0,1,1,0,1,1,0,0,1,0,0,0,0,0,0,0,0,0,0,0,0,1,0,0,1
0,-0.9542963467194051,-1.506736824831314,-0.9145079876917226,0,0,1,1,1,0,0,0,1,1,0,1,0,1,0,1,0,1,0,1,0,0,1,0,0,0,1
0,0.8791819107145575,0.022186671149697273,0.5661190209786182,0,1,1,1,1,0,1,0,0,0,1,0,1,0,0,0,1,0,0,0,0,0,1,1,1,0,0
0,-0.13941712119319946,0.22161147497330744,-0.08948638274132409,0,0,0,0,1,0,1,0,0,0,0,0,0,0,0,0,0,0,1,0,1,1,0,1,1,0,0
1,0.4717422979514547,0.819885886444138,0.7752421443724625,0,1,1,0,1,0,1,1,0,0,0,0,0,0,1,0,0,0,1,0,0,0,0,1,0,1,0
0,1.082901717096109,0.7201734845323329,1.2808436199196052,0,1,1,1,1,0,0,0,0,0,1,0,1,0,1,0,1,0,1,0,1,0,1,1,0,1,0
0,-1.1987601143772668,-0.310188001889653,-0.9206846200282497,1,0,0,0,1,0,0,0,0,0,0,0,0,0,0,0,0,0,0,0,1,0,0,1,0,1,0
0,-0.5876006952326126,-0.11076319806604285,-0.5275860906107068,0,0,1,1,1,0,0,0,0,0,1,0,1,0,0,0,1,0,0,0,0,1,0,1,0,0,1
1,1.4088534073065913,-1.3073120210077038,-0.26949109654868375,0,1,0,0,1,0,1,0,1,1,0,1,0,1,0,1,0,1,0,1,0,0,1,0,1,0,0
0,-0.42462485012737144,-0.310188001889653,-0.4750847157502269,1,0,1,1,1,0,0,0,0,0,0,0,1,0,0,0,1,0,0,0,0,0,0,0,0,1,0
0,0.02355872391204165,-1.0081748152722887,-0.516115201985728,0,1,0,1,0,1,0,0,0,0,1,0,0,0,0,0,1,0,0,0,0,1,0,0,1,0,0
0,-1.1172721918246462,-1.506736824831314,-0.9599503541676001,0,1,0,0,1,0,0,0,1,1,0,1,0,1,0,1,0,1,0,1,0,0,0,0,0,0,1
0,-1.2395040756535771,-1.506736824831314,-0.9903923278261978,0,0,0,0,1,0,0,0,1,1,0,1,0,1,0,1,0,1,0,1,0,0,0,0,0,0,1
0,1.6125732136881425,0.819885886444138,1.7895334116350112,0,1,1,1,1,0,1,0,0,0,1,0,1,0,1,0,1,0,1,0,1,0,1,0,1,0,0
0,-0.9542963467194051,-1.4734993575273791,-0.9259788763167014,0,1,0,1,1,0,0,0,1,1,0,1,0,1,0,1,0,1,0,1,0,0,0,0,0,0,1
0,1.4088534073065913,-1.2740745537037688,-0.2624320881640814,0,1,1,1,1,0,1,0,1,1,0,1,0,1,0,1,0,1,0,1,0,0,1,0,0,0,1
0,-0.6690886177852331,0.6536985499244629,-0.3992003756157518,1,0,1,0,1,0,1,1,0,0,0,0,0,0,0,0,0,0,1,0,0,0,0,1,0,1,0
0,-0.9950403079957154,-1.4734993575273791,-0.9467147134464707,0,0,0,0,1,0,0,0,1,1,0,1,0,1,0,1,0,1,0,1,0,0,0,1,0,0,1
0,-1.1172721918246462,-0.7090376095368733,-0.9105372954753838,1,1,0,0,0,1,0,0,0,0,1,0,1,0,1,0,1,0,0,0,0,0,0,1,0,0,1
0,-0.38388088885106114,-0.5428502730171982,-0.5364098510914598,1,1,1,1,1,0,1,0,0,0,0,0,0,0,0,0,0,0,0,0,0,1,0,1,1,0,0
0,-1.2802480369298874,0.4875112134047877,-0.9723036188406543,1,1,0,0,1,0,0,1,0,0,0,0,0,0,0,0,0,0,1,0,0,0,0,1,0,1,0
1,0.7162060656093164,0.22161147497330744,0.5122940820460254,1,0,1,0,1,0,0,1,0,0,0,0,0,0,0,0,0,0,0,0,0,0,0,1,0,1,0
0,-0.6283446565089229,-1.506736824831314,-0.8443590918697368,0,1,0,0,1,0,0,0,1,1,0,1,0,1,0,1,0,1,0,1,0,0,1,0,1,0,0
0,1.4495973685829016,1.5178726998267735,2.3251356728167143,0,0,1,0,1,0,1,1,0,0,1,0,1,0,1,0,0,0,1,0,1,0,1,1,0,0,0
0,-1.2802480369298874,0.6536985499244629,-0.970097678720466,1,1,0,0,1,0,1,1,0,0,0,0,0,0,0,0,0,0,1,0,0,0,0,0,0,1,0
1,-0.3023929662984406,0.1551365403654374,-0.20728358515937564,0,0,1,0,1,0,0,1,0,0,0,0,0,0,0,0,0,0,0,0,0,0,0,1,0,1,0
0,1.4088534073065913,-0.5096128057132632,0.4580279550893949,0,1,0,0,0,1,0,0,0,0,1,0,0,0,1,0,1,0,1,0,0,1,0,1,0,0,0
0,-0.01718523736426863,-1.4734993575273791,-0.6952375397450125,0,1,0,0,1,0,0,0,1,1,0,1,0,1,0,1,0,1,0,1,0,1,0,0,1,0,0
1,1.4088534073065913,1.3516853633070984,2.130571754216112,0,0,1,0,1,0,1,1,0,0,1,0,1,0,0,0,0,0,1,0,1,1,0,1,0,1,0
1,1.6125732136881425,-0.011050796154237758,1.0403961468190879,0,1,1,0,0,1,0,0,0,0,1,0,1,0,1,0,1,0,1,0,1,0,1,1,1,0,0
0,1.5718292524118322,1.4513977652189036,2.3855784321098716,1,1,1,0,1,0,1,1,0,0,0,0,1,0,1,0,1,0,1,0,1,0,1,1,1,0,0
0,-1.2802480369298874,-0.5096128057132632,-0.9855392595617837,0,1,0,1,1,0,0,0,0,0,0,0,1,0,0,0,0,0,0,0,0,0,0,1,0,1,0
0,0.5532302205040753,-1.1411246844880287,-0.3983179995676765,1,1,0,0,0,1,0,0,0,0,0,0,1,0,0,0,0,0,0,0,0,0,0,0,0,0,0
1,-1.2395040756535771,-1.1411246844880287,-0.9727448068646919,1,0,0,0,0,1,0,0,0,0,0,0,0,0,1,0,0,0,0,0,0,0,0,1,0,1,0
0,-1.2802480369298874,-0.6425626749290033,-0.9873040116579342,1,0,0,0,1,0,0,0,0,0,0,0,0,0,0,0,0,0,0,0,0,0,0,1,0,0,1
0,0.6347181430566958,0.022186671149697273,0.3578782736328492,0,0,1,0,1,0,0,0,0,0,0,0,1,0,1,0,0,0,0,0,1,1,0,1,0,1,0
0,1.1643896396487294,1.2852104286992283,1.86850606793775,0,0,1,0,1,0,1,1,0,0,0,0,0,0,1,0,1,0,1,0,1,1,0,1,0,0,0
0,-0.01718523736426863,0.6536985499244629,0.13331356939768726,1,0,1,0,1,0,0,1,0,0,0,0,1,0,0,0,0,0,0,0,1,0,0,0,0,0,0
0,-1.2395040756535771,-0.6758001422329384,-0.9709800547685413,0,0,0,0,1,0,0,0,0,0,0,0,0,0,0,0,0,0,0,0,0,0,0,0,0,1,0
0,-1.1987601143772668,-1.506736824831314,-0.9815685673454448,1,0,0,0,1,0,0,0,1,1,0,1,0,1,0,1,0,1,0,1,0,0,0,0,0,1,0
0,-1.1172721918246462,0.6869360172283978,-0.8196525625236286,1,0,0,0,1,0,0,1,0,0,0,0,0,0,0,0,1,0,0,0,1,0,0,1,1,0,0
0,1.5718292524118322,0.819885886444138,1.7908569757071242,0,0,1,1,1,0,1,0,0,0,1,0,1,0,1,0,1,0,1,0,1,0,1,0,0,0,0
0,0.18653456901728277,-0.310188001889653,-0.11154578394320641,0,1,1,0,1,0,1,0,0,0,1,0,0,0,0,0,0,0,0,0,0,0,0,1,0,0,1
0,1.3273654847539706,1.3184478960031634,1.9488022883126017,0,1,1,1,1,0,1,1,0,0,0,0,0,0,1,0,1,0,1,0,1,0,1,1,0,0,0
0,1.4088534073065913,1.3849228306110335,2.1888085733890814,0,0,0,1,1,0,1,1,0,0,0,0,1,0,0,0,1,0,1,0,1,1,0,1,0,0,0
0,0.6754621043330061,0.35456134418904756,0.6155320796708347,1,1,0,1,1,0,1,1,0,0,0,0,0,0,0,0,0,0,0,0,0,0,0,0,1,0,0
0,0.7162060656093164,0.18837400766937243,0.5308239790556065,0,1,1,1,1,0,1,0,0,0,1,0,0,0,0,0,1,0,1,0,0,0,1,1,1,0,0
0,-0.3023929662984406,-1.506736824831314,-0.8258291948601557,0,1,1,1,1,0,0,0,1,1,0,1,0,1,0,1,0,1,0,1,0,1,0,0,0,1,0
0,-0.6283446565089229,-0.310188001889653,-0.5937642942163538,1,0,0,1,1,0,1,0,0,0,0,0,0,0,1,0,0,0,0,0,0,1,0,1,0,0,1
0,1.2866215234776603,-1.340549488311639,-0.3193453432649378,0,0,1,1,1,0,1,0,1,1,0,1,0,1,0,1,0,1,0,1,0,0,1,1,0,0,1
0,-0.3023929662984406,-0.8752249460565485,-0.5792050894231114,0,1,1,0,0,1,0,0,0,0,0,0,0,0,1,0,0,0,1,0,0,1,0,1,1,0,0
1,-0.38388088885106114,1.3849228306110335,0.08831239094584735,1,1,0,0,1,0,1,1,0,0,0,0,1,0,1,0,0,0,1,0,1,0,0,1,0,1,0
1,-0.3431369275747509,-1.0081748152722887,-0.6418537888364572,0,1,1,0,0,1,0,0,0,0,0,0,0,0,1,0,1,0,0,0,0,0,0,0,0,0,1
0,0.18653456901728277,1.1854980267874233,0.673768898843804,0,0,0,0,1,0,1,1,0,0,0,0,0,0,1,0,0,0,1,0,1,0,0,1,0,1,0
0,-0.46536881140368175,0.12189907306150236,-0.34846375285142245,0,0,0,0,1,0,0,1,0,0,0,0,0,0,0,0,0,0,0,0,0,0,0,1,0,1,0
0,-1.2802480369298874,-0.6425626749290033,-0.9873040116579342,0,1,0,0,1,0,0,0,0,0,0,0,0,0,0,0,0,0,0,0,0,0,0,1,0,0,1
0,-0.9135523854430948,0.35456134418904756,-0.6643543780623772,0,0,0,0,1,0,1,1,0,0,0,0,0,0,0,0,0,0,0,0,0,0,0,1,0,0,1
0,-1.076528230548336,0.6536985499244629,-0.761856931374697,1,1,0,0,1,0,0,1,0,0,0,0,1,0,0,0,0,0,0,0,1,0,0,1,0,1,0
0,0.7569500268856267,1.052548157571683,1.1595169133092524,0,1,1,0,1,0,1,1,0,0,1,0,1,0,0,0,0,0,0,0,1,1,0,1,1,0,0
0,-0.9135523854430948,-1.4734993575273791,-0.9246553122445884,0,0,0,0,1,0,0,0,1,1,0,1,0,1,0,1,0,1,0,1,0,0,0,1,0,0,1
0,-1.076528230548336,-0.47637533840932816,-0.8717127493600709,0,0,0,0,0,1,0,0,0,0,1,0,1,0,0,0,1,0,0,0,1,0,0,0,1,0,0
0,0.5939741817803856,0.853123353748073,0.8978924150549282,0,1,1,1,1,0,1,0,0,0,1,0,1,0,1,0,1,0,1,0,1,0,1,1,0,0,1
0,1.1643896396487294,0.4875112134047877,1.1193688031218267,0,0,1,1,1,0,1,0,0,0,1,0,1,0,1,0,1,0,0,0,1,1,0,1,0,1,0
0,0.797693988161937,-0.21047559997784793,0.333171744286741,0,0,0,0,0,1,0,0,0,0,1,0,1,0,1,0,0,0,1,0,1,0,1,1,0,0,0
0,0.10504664646466222,-0.1772381326739129,-0.0647798533952159,0,0,1,1,1,0,1,0,0,0,1,0,1,0,0,0,0,0,0,0,0,0,0,1,1,0,0
0,1.5718292524118322,1.3516853633070984,2.289399442869665,0,1,1,0,1,0,1,1,0,0,0,0,1,0,1,0,0,0,1,0,1,1,0,1,0,0,0
0,-1.076528230548336,-0.276950534585718,-0.835535331388984,1,0,0,0,1,0,0,0,0,0,1,0,1,0,0,0,0,0,0,0,0,0,0,0,0,1,0
0,0.512486259227765,-0.3766629364975231,0.005810230450807499,0,1,1,0,1,0,0,0,0,0,1,0,0,0,1,0,0,0,0,0,0,0,1,0,1,0,0
1,-1.2395040756535771,0.6869360172283978,-0.9246553122445884,1,0,0,0,1,0,1,1,0,0,0,0,0,0,0,0,0,0,1,0,0,0,0,1,0,1,0
0,-1.1580161531009565,0.12189907306150236,-0.8920073984658027,1,0,0,0,1,0,0,0,0,0,0,0,1,0,0,0,0,0,1,0,1,0,0,1,0,0,0
0,-1.2395040756535771,-1.340549488311639,-0.9903923278261978,0,1,0,0,0,1,0,0,0,0,0,0,0,0,0,0,0,0,0,0,0,0,0,0,0,0,1
0,-1.1580161531009565,0.42103627879691763,-0.8752422535523721,1,1,0,0,1,0,0,1,0,0,0,0,0,0,0,0,0,0,1,0,0,0,0,0,0,1,0
0,0.7569500268856267,-0.1772381326739129,0.3353776844069293,0,1,0,0,1,0,1,0,0,0,1,0,0,0,0,0,1,0,0,0,0,1,0,0,1,0,0
0,1.1236456783724194,-1.373786955615574,-0.34272830853893305,0,1,1,1,1,0,1,0,1,1,0,1,0,1,0,1,0,1,0,1,0,1,0,0,1,0,0
0,-0.9542963467194051,-1.4734993575273791,-0.9352438248214919,0,1,0,0,1,0,0,0,1,1,0,1,0,1,0,1,0,1,0,1,0,1,0,1,0,0,1
0,-1.1987601143772668,1.3516853633070984,-0.8646537409754685,1,1,0,0,1,0,1,1,0,0,0,0,1,0,1,0,0,0,1,0,1,0,0,1,0,0,0
0,-0.6283446565089229,1.0193106902677482,-0.28360911331788846,0,1,0,0,1,0,1,1,0,0,0,0,0,0,1,0,1,0,0,0,1,0,0,1,0,0,0
0,-0.9950403079957154,0.7534109518362679,-0.6709721984229419,1,0,0,0,1,0,1,1,0,0,0,0,0,0,0,0,0,0,1,0,0,0,0,1,0,1,0
0,0.5532302205040753,0.5539861480126578,0.6896516677091592,0,1,1,1,1,0,0,0,0,0,1,0,0,0,1,0,1,0,1,0,1,0,1,0,0,0,1
0,1.4495973685829016,0.5872236153165927,1.4837901109769225,0,0,0,0,1,0,0,0,0,0,1,0,1,0,1,0,1,0,1,0,1,0,1,1,1,0,0
0,-1.2802480369298874,-0.3766629364975231,-0.9837745074656331,1,1,0,0,1,0,0,0,0,0,0,0,0,0,0,0,0,0,1,0,0,0,0,1,0,0,1
0,-1.1580161531009565,-1.4734993575273791,-0.9723036188406543,0,0,1,0,1,0,0,0,1,1,0,1,0,1,0,1,0,1,0,1,0,1,0,0,0,0,0
0,-1.2802480369298874,-1.3073120210077038,-0.9961277721386872,1,0,0,0,0,1,0,0,0,0,0,0,0,0,0,0,0,0,0,0,0,0,0,1,0,0,1
0,-0.18016108246950976,-0.3434254691935881,-0.33831642829855657,0,1,0,1,1,0,0,0,0,0,0,0,1,0,0,0,1,0,0,0,0,1,0,1,1,0,0
0,0.2680224915699033,-0.21047559997784793,-0.02595530727990303,0,0,0,0,1,0,0,0,0,0,0,0,1,0,0,0,0,0,1,0,0,1,0,1,1,0,0
0,-0.8728084241667845,0.6536985499244629,-0.6153825073941984,0,1,0,0,1,0,0,1,0,0,0,0,0,0,1,0,0,0,0,0,1,0,0,0,0,1,0
0,1.5718292524118322,-0.11076319806604285,0.8943629108626271,0,0,1,0,0,1,0,0,0,0,0,0,1,0,1,0,1,0,1,0,1,0,1,1,1,0,0
0,-1.2395040756535771,-1.4734993575273791,-0.9886275757300471,0,1,0,1,1,0,0,0,1,1,0,1,0,1,0,1,0,1,0,1,0,0,0,0,0,0,1
1,-0.09867315991688919,0.4875112134047877,0.03625220410940509,1,1,1,0,1,0,0,1,0,0,0,0,1,0,1,0,0,0,0,0,0,0,0,1,0,0,1
0,-0.6283446565089229,-1.4734993575273791,-0.8514181002543392,0,0,0,0,1,0,0,0,1,1,0,1,0,1,0,1,0,1,0,1,0,1,0,0,0,0,1
0,0.9199258719908678,0.9860732229638132,1.2309893732033512,0,0,1,0,1,0,1,1,0,0,0,0,1,0,1,0,0,0,1,0,0,0,0,1,1,0,0
0,1.0421577558197987,0.4875112134047877,0.9896595240547587,0,0,0,0,1,0,1,1,0,0,1,0,0,0,0,0,0,0,0,0,0,0,0,1,0,0,0
0,-1.1172721918246462,-0.3434254691935881,-0.8712715613360332,1,0,0,0,1,0,0,0,0,0,1,0,0,0,0,0,1,0,0,0,0,0,0,0,0,1,0
1,-1.2802480369298874,-1.506736824831314,-0.998774900282913,1,0,0,0,1,0,0,0,1,1,0,1,0,1,0,1,0,1,0,1,0,0,0,1,0,1,0
1,-0.9542963467194051,0.32132387688511255,-0.7080319924421041,0,1,0,0,1,0,1,1,0,0,0,0,0,0,0,0,0,0,0,0,0,0,0,1,0,1,0
0,-0.26164900502213034,-0.5096128057132632,-0.4614078870050599,0,1,0,0,1,0,0,0,0,0,0,0,0,0,0,0,1,0,0,0,0,0,0,0,0,0,0
0,0.7162060656093164,-1.506736824831314,-0.5558221241491161,0,0,0,0,1,0,0,0,1,1,0,1,0,1,0,1,0,1,0,1,0,0,1,0,1,0,0
0,1.6125732136881425,1.6175851017385787,2.6026429399363935,0,0,1,0,1,0,1,1,0,0,1,0,1,0,1,0,1,0,1,0,1,0,1,1,0,0,0
0,0.4309983366751445,1.3849228306110335,0.9923066521989845,0,0,0,1,1,0,0,1,0,0,1,0,1,0,0,0,1,0,1,0,1,1,0,1,1,0,0
0,0.9606698332671781,-1.3073120210077038,-0.37008196602926713,0,1,0,0,1,0,1,0,1,1,0,1,0,1,0,1,0,1,0,1,0,0,1,1,0,0,0
0,-1.2802480369298874,-1.506736824831314,-0.998774900282913,0,0,0,0,1,0,0,0,1,1,0,1,0,1,0,1,0,1,0,1,0,0,0,0,0,0,1
0,1.6125732136881425,1.2852104286992283,2.2452806404659,1,1,1,1,1,0,1,1,0,0,0,0,1,0,1,0,0,0,1,0,1,0,1,1,0,1,0
0,1.6125732136881425,1.1854980267874233,2.224544803336131,0,1,1,0,1,0,1,1,0,0,1,0,1,0,0,0,1,0,0,0,1,0,1,1,0,0,0
0,0.1457906077409725,1.0193106902677482,0.5255297227671548,0,1,1,0,1,0,1,1,0,0,0,0,0,0,0,0,0,0,1,0,1,0,0,1,0,1,0
0,-1.1172721918246462,0.35456134418904756,-0.834211767316871,0,1,0,0,1,0,0,0,0,0,0,0,0,0,1,0,1,0,1,0,1,0,0,0,0,0,0
0,-0.791320501614164,0.6536985499244629,-0.5403805433077986,1,0,0,0,1,0,1,1,0,0,0,0,1,0,1,0,0,0,0,0,0,0,0,1,0,1,0
1,0.4717422979514547,0.819885886444138,0.7531827431705803,0,0,0,0,1,0,0,1,0,0,0,0,1,0,1,0,0,0,0,0,1,1,0,0,1,0,0
1,1.5310852911355222,1.4181602979149686,2.2907230069417777,0,0,1,1,1,0,1,1,0,0,0,0,1,0,1,0,1,0,1,0,1,1,0,1,0,1,0
0,0.4717422979514547,-1.506736824831314,-0.6387654726681937,0,1,0,0,1,0,0,0,1,1,0,1,0,1,0,1,0,1,0,1,0,1,0,0,1,0,0
1,-0.01718523736426863,0.6869360172283978,0.15228465443130607,1,0,1,0,1,0,1,1,0,0,0,0,0,0,0,0,0,0,1,0,0,0,0,1,1,0,0
0,1.4903413298592119,-1.340549488311639,-0.24919644744295205,0,0,1,0,1,0,1,0,1,1,0,1,0,1,0,1,0,1,0,1,0,0,1,1,1,0,0
1,-0.6690886177852331,-0.1772381326739129,-0.5558221241491161,1,0,0,0,1,0,0,0,0,0,0,0,0,0,0,0,1,0,1,0,0,0,0,0,0,1,0
1,1.4495973685829016,-1.506736824831314,-0.48082016006271633,0,1,1,1,1,0,0,0,1,1,0,1,0,1,0,1,0,1,0,1,0,1,0,0,0,0,0
0,-0.6690886177852331,0.1551365403654374,-0.47552590377426457,0,1,0,0,1,0,0,1,0,0,0,0,0,0,0,0,0,0,0,0,0,0,0,1,1,0,0
0,1.4495973685829016,0.5872236153165927,1.5411445541018165,0,1,1,1,1,0,0,0,0,0,1,0,1,0,0,0,1,0,1,0,1,0,1,0,0,0,0
0,-1.1580161531009565,-1.506736824831314,-0.9727448068646919,0,1,0,0,1,0,0,0,1,1,0,1,0,1,0,1,0,1,0,1,0,0,0,0,0,0,1
0,-0.26164900502213034,-0.8752249460565485,-0.5549397481010409,0,0,1,1,0,1,0,0,0,0,1,0,1,0,0,0,1,0,0,0,0,0,0,0,1,0,0
0,-0.13941712119319946,-1.1411246844880287,-0.6295005241634031,1,0,0,0,0,1,0,0,0,0,0,0,1,0,0,0,0,0,0,0,0,0,0,1,0,1,0
0,-1.1172721918246462,-1.4734993575273791,-0.9533325338070354,0,1,0,1,1,0,0,0,1,1,0,1,0,1,0,1,0,1,0,1,0,0,0,0,1,0,0
0,1.5310852911355222,1.0193106902677482,1.9055658619569125,0,1,1,0,1,0,1,1,0,0,0,0,1,0,1,0,0,0,1,0,0,1,0,1,0,0,0
0,-0.3431369275747509,0.32132387688511255,-0.2518435755871779,0,1,1,0,1,0,0,0,0,0,1,0,0,0,0,0,1,0,1,0,1,1,0,0,0,0,0
1,1.6125732136881425,0.45427374610085264,1.4996728798422778,0,0,1,0,1,0,1,0,0,0,1,0,1,0,1,0,1,0,0,0,1,0,1,0,0,0,0
0,-1.2802480369298874,0.32132387688511255,-0.9745095589608425,0,1,0,0,1,0,0,1,0,0,0,0,0,0,0,0,1,0,0,0,0,0,0,1,0,0,1
0,1.5310852911355222,-0.44313787110539316,0.5965609946372158,0,1,1,0,0,1,0,0,0,0,0,0,1,0,1,0,1,0,0,0,1,1,0,1,0,0,0
0,0.1457906077409725,-1.506736824831314,-0.6974434798652006,0,0,1,1,1,0,0,0,1,1,0,1,0,1,0,1,0,1,0,1,0,0,0,0,0,0,0
1,0.22727853029359305,1.1522605594834883,0.6402386090169429,1,0,0,0,1,0,1,1,0,0,0,0,0,0,0,0,1,0,1,0,1,0,0,1,0,1,0
0,-0.6283446565089229,0.18837400766937243,-0.502438373240561,1,0,0,0,1,0,0,1,0,0,0,0,0,0,0,0,0,0,0,0,0,0,0,1,0,1,0
0,0.3495104141225239,1.4846352325228385,0.9578939863240481,0,0,1,1,1,0,1,1,0,0,0,0,1,0,1,0,1,0,1,0,1,1,0,1,0,0,0
0,-1.2802480369298874,-0.6425626749290033,-0.9873040116579342,1,0,0,0,1,0,0,0,0,0,0,0,0,0,0,0,0,0,0,0,0,0,0,1,0,1,0
0,-1.2395040756535771,-1.1743621517919638,-0.9740683709368049,1,1,0,0,0,1,0,0,0,0,0,0,0,0,0,0,1,0,0,0,0,0,0,0,0,0,0
0,-0.7505765403378537,0.3877988114929826,-0.5143504498895775,0,1,0,0,1,0,0,1,0,0,0,0,0,0,1,0,0,0,0,0,0,0,0,0,0,1,0
1,-1.2395040756535771,1.0193106902677482,-0.927743628412852,1,1,0,0,1,0,0,1,0,0,0,0,1,0,1,0,1,0,0,0,1,0,0,1,1,0,0
0,-1.2802480369298874,-1.506736824831314,-0.998774900282913,1,1,0,0,1,0,0,0,1,1,0,1,0,1,0,1,0,1,0,1,0,0,0,0,0,0,1
0,-0.791320501614164,0.2548489422772425,-0.5968526103846173,0,1,1,1,1,0,1,0,0,0,0,0,1,0,1,0,1,0,1,0,0,0,0,1,0,1,0
0,-1.076528230548336,-1.539974292135249,-0.9586267900954872,0,1,0,0,1,0,0,0,1,1,0,1,0,1,0,1,0,1,0,1,0,0,0,0,0,0,1
0,-1.1580161531009565,0.3877988114929826,-0.8602418607350921,1,0,0,0,1,0,0,1,0,0,0,0,1,0,0,0,0,0,0,0,0,0,0,1,0,0,0
0,-1.1172721918246462,1.1522605594834883,-0.8020050415621228,1,0,1,1,1,0,0,1,0,0,0,0,1,0,0,0,1,0,1,0,1,0,0,1,0,0,1
0,-0.7098325790615434,1.2187354940913584,-0.27081466062079673,0,0,1,0,1,0,0,1,0,0,1,0,0,0,1,0,0,0,1,0,1,0,0,0,0,1,0
0,0.5939741817803856,0.35456134418904756,0.5568540724738277,0,0,0,0,1,0,0,1,0,0,1,0,0,0,0,0,0,0,0,0,0,0,0,0,1,0,0
0,-0.9950403079957154,-0.011050796154237758,-0.7847987086246546,0,0,0,0,1,0,0,0,0,0,0,0,0,0,1,0,1,0,0,0,1,0,0,0,0,0,1
0,-0.6283446565089229,-1.3073120210077038,-0.8130347421630639,0,1,0,0,0,1,0,0,0,0,0,0,0,0,0,0,0,0,0,0,0,0,0,1,0,0,1
0,-0.7098325790615434,0.35456134418904756,-0.49935005707229746,0,1,1,1,1,0,0,1,0,0,1,0,0,0,0,0,0,0,0,0,0,0,0,0,0,0,1
0,-0.26164900502213034,1.0193106902677482,0.08478288675354619,0,0,0,0,1,0,0,1,0,0,1,0,0,0,1,0,1,0,0,0,1,1,0,1,0,0,0
0,-0.38388088885106114,-0.3434254691935881,-0.45611363071660815,0,0,0,0,1,0,1,0,0,0,1,0,0,0,0,0,0,0,0,0,0,0,0,0,0,1,0
1,-1.1580161531009565,0.2548489422772425,-0.8673008691196944,0,0,0,0,1,0,0,1,0,0,0,0,1,0,0,0,0,0,0,0,0,0,0,0,0,1,0
0,-0.13941712119319946,-1.506736824831314,-0.7711218798794875,0,1,0,1,1,0,0,0,1,1,0,1,0,1,0,1,0,1,0,1,0,1,0,0,0,0,1
0,-0.3023929662984406,-1.506736824831314,-0.8037697936582734,0,0,0,0,1,0,0,0,1,1,0,1,0,1,0,1,0,1,0,1,0,0,0,0,0,0,1
0,-0.9542963467194051,-0.6758001422329384,-0.8170054343794028,1,1,0,0,1,0,0,0,0,0,0,0,0,0,0,0,0,0,0,0,0,0,0,0,0,0,1
0,-0.5876006952326126,-0.5096128057132632,-0.6197943876345748,1,1,1,0,1,0,0,0,0,0,0,0,0,0,1,0,0,0,0,0,0,0,0,1,0,0,1
1,-1.1987601143772668,0.9860732229638132,-0.8593594846870168,0,1,0,0,1,0,1,1,0,0,0,0,0,0,0,0,0,0,1,0,1,0,0,1,0,1,0
0,1.4903413298592119,-0.6093252076250683,0.3697903502818657,0,0,1,1,0,1,0,0,0,0,1,0,1,0,1,0,1,0,0,0,0,0,1,0,0,0,0
0,-0.7505765403378537,-1.506736824831314,-0.864212552951431,0,1,0,0,1,0,0,0,1,1,0,1,0,1,0,1,0,1,0,1,0,1,0,0,0,0,1
0,-0.5468567339563023,0.1551365403654374,-0.39214136723114945,0,1,0,0,1,0,1,0,0,0,0,0,0,0,0,0,0,0,1,0,1,0,0,0,0,0,1
1,0.2680224915699033,0.853123353748073,0.4986172533008584,0,1,0,0,1,0,1,1,0,0,0,0,1,0,0,0,0,0,0,0,1,0,0,0,0,1,0
0,-0.05792919864057891,1.2187354940913584,0.37949648681069387,0,1,0,0,1,0,0,1,0,0,0,0,1,0,1,0,0,0,1,0,1,0,0,1,0,1,0
0,-0.3431369275747509,-1.4734993575273791,-0.8134759301871016,0,1,1,1,1,0,0,0,1,1,0,1,0,1,0,1,0,1,0,1,0,1,0,0,0,0,1
0,-0.7505765403378537,-0.5428502730171982,-0.7142086247786312,0,1,1,0,1,0,0,0,0,0,0,0,0,0,0,0,1,0,0,0,0,0,0,0,0,0,0
0,1.2866215234776603,0.32132387688511255,1.0924563336555302,0,0,1,0,1,0,0,0,0,0,1,0,1,0,1,0,1,0,0,0,1,0,1,1,0,0,1
0,0.7162060656093164,-1.506736824831314,-0.5514102439087397,0,0,0,0,1,0,0,0,1,1,0,1,0,1,0,1,0,1,0,1,0,1,0,1,0,0,1
0,0.797693988161937,0.12189907306150236,0.529059226959456,0,1,1,1,1,0,0,0,0,0,0,0,1,0,1,0,1,0,1,0,0,1,0,1,0,1,0
0,-0.18016108246950976,1.1854980267874233,0.17875593587356484,0,1,0,0,1,0,1,1,0,0,0,0,1,0,0,0,0,0,1,0,1,1,0,0,0,1,0
0,-0.46536881140368175,-1.4734993575273791,-0.8152406822832522,0,0,0,0,1,0,0,0,1,1,0,1,0,1,0,1,0,1,0,1,0,0,1,1,1,0,0
0,-0.3023929662984406,1.0193106902677482,0.07287081010452973,1,1,0,1,1,0,0,1,0,0,0,0,1,0,0,0,0,0,1,0,1,0,0,1,0,1,0
0,-0.6283446565089229,-1.506736824831314,-0.8717127493600709,0,0,1,0,1,0,0,0,1,1,0,1,0,1,0,1,0,1,0,1,0,1,0,0,0,0,1
0,1.0421577558197987,-0.6425626749290033,0.17919712389760248,0,1,1,0,0,1,0,0,0,0,0,0,0,0,0,0,0,0,1,0,1,1,0,1,1,0,0
1,-0.6283446565089229,0.5539861480126578,-0.42081858879359646,1,1,1,0,1,0,0,1,0,0,0,0,0,0,0,0,0,0,0,0,1,0,0,0,0,0,0
0,0.7569500268856267,-1.3073120210077038,-0.44199561394740344,0,0,1,0,1,0,1,0,1,1,0,1,0,1,0,1,0,1,0,1,0,0,1,0,0,0,1
0,1.6125732136881425,-0.5428502730171982,0.54891268804115,0,1,1,1,0,1,0,0,0,0,1,0,0,0,1,0,1,0,1,0,0,0,1,0,0,0,1
0,0.797693988161937,0.6536985499244629,0.9111280557760576,1,1,1,0,1,0,0,1,0,0,1,0,0,0,0,0,0,0,1,0,0,0,0,0,0,1,0
0,-0.22090504374582004,-1.506736824831314,-0.7596509912545087,0,0,0,0,1,0,0,0,1,1,0,1,0,1,0,1,0,1,0,1,0,0,1,1,0,0,1
0,-1.1987601143772668,-1.4734993575273791,-0.9793626272252566,0,0,0,0,1,0,0,0,1,1,0,1,0,1,0,1,0,1,0,1,0,0,0,0,0,0,1
0,1.2866215234776603,0.5539861480126578,1.2556959025494594,0,0,1,0,1,0,1,0,0,0,1,0,1,0,1,0,1,0,0,0,1,0,1,1,0,0,1
0,0.512486259227765,1.0193106902677482,0.8833332102616859,0,0,1,0,1,0,0,1,0,0,0,0,0,0,0,0,1,0,1,0,1,0,1,1,1,0,0
1,-1.1987601143772668,-0.9416998806644186,-0.9661269865041272,1,1,1,0,0,1,0,0,0,0,0,0,0,0,0,0,0,0,1,0,0,0,0,1,0,0,1
0,1.5718292524118322,0.6204610826205278,1.5932047409382588,0,0,1,0,1,0,1,0,0,0,0,0,1,0,1,0,1,0,1,0,1,0,1,1,1,0,0
1,-1.2802480369298874,-1.3073120210077038,-0.9961277721386872,1,0,0,0,0,1,0,0,0,0,0,0,0,0,0,0,0,0,0,0,0,0,0,0,0,0,1
0,1.0421577558197987,-1.4734993575273791,-0.4953793648559586,0,0,1,1,1,0,0,0,1,1,0,1,0,1,0,1,0,1,0,1,0,0,1,0,1,0,0
0,0.06430268518835193,0.819885886444138,0.35655470956073626,0,1,1,1,1,0,0,1,0,0,0,0,1,0,1,0,0,0,1,0,0,0,0,1,0,1,0
0,-0.9950403079957154,-0.5096128057132632,-0.8461238439658875,1,0,0,0,1,0,0,0,0,0,1,0,0,0,0,0,0,0,0,0,0,0,0,1,0,1,0
0,-0.7098325790615434,-1.506736824831314,-0.8871543302013886,0,0,1,1,1,0,0,0,1,1,0,1,0,1,0,1,0,1,0,1,0,0,0,0,0,0,1
0,1.368109446030281,-0.3434254691935881,0.5952374305651029,0,1,1,1,0,1,0,0,0,0,0,0,0,0,1,0,1,0,1,0,1,0,1,0,0,0,0
1,-0.8320644628904743,-1.1743621517919638,-0.8390648355812851,0,1,0,0,0,1,0,0,0,0,0,0,1,0,0,0,0,0,0,0,0,0,0,1,1,0,0
0,1.0421577558197987,-1.506736824831314,-0.5505278678606644,0,1,0,0,1,0,0,0,1,1,0,1,0,1,0,1,0,1,0,1,0,0,1,1,0,0,0
0,-1.1987601143772668,-1.506736824831314,-0.9842156954896707,0,0,1,1,1,0,0,0,1,1,0,1,0,1,0,1,0,1,0,1,0,0,1,0,0,0,1
1,0.4309983366751445,-0.310188001889653,0.026104879556539225,1,0,1,0,0,1,0,0,0,0,0,0,1,0,1,0,0,0,1,0,1,0,0,0,1,0,0
0,-0.9542963467194051,0.5207486807087227,-0.7190616930430453,0,0,0,0,1,0,0,1,0,0,0,0,1,0,1,0,0,0,0,0,0,0,0,0,0,1,0
0,-1.1987601143772668,-1.4734993575273791,-0.9758331230329554,0,0,0,0,1,0,0,0,1,1,0,1,0,1,0,1,0,1,0,1,0,1,0,0,0,0,1
0,-0.42462485012737144,0.1551365403654374,-0.34625781273123424,1,0,1,1,1,0,0,0,0,0,0,0,1,0,0,0,0,0,1,0,1,1,0,1,0,0,0
0,0.3087664528462136,1.3849228306110335,0.8361260916896578,0,1,1,0,1,0,1,1,0,0,0,0,1,0,1,0,0,0,1,0,1,1,0,1,0,0,0
0,1.4495973685829016,-1.3073120210077038,-0.20375408096707448,0,0,0,0,1,0,1,0,1,1,0,1,0,1,0,1,0,1,0,1,0,0,1,0,0,0,0
0,0.8791819107145575,1.3184478960031634,1.3214329181310687,1,1,1,0,1,0,1,1,0,0,0,0,1,0,1,0,0,0,1,0,1,0,0,1,0,1,0
0,0.7162060656093164,0.4875112134047877,0.7681831359878603,0,0,0,0,1,0,1,0,0,0,0,0,1,0,0,0,1,0,1,0,1,0,1,1,0,0,1
0,-1.2802480369298874,-0.310188001889653,-0.9828921314175577,0,1,0,0,1,0,0,0,0,0,0,0,0,0,0,0,0,0,0,0,1,0,0,1,0,1,0
0,1.6125732136881425,0.7866484191402029,1.8693884439858255,0,0,1,0,1,0,1,0,0,0,1,0,1,0,1,0,1,0,1,0,1,0,1,0,0,0,0
0,0.3087664528462136,-1.4734993575273791,-0.6303829002114784,0,1,0,1,1,0,0,0,1,1,0,1,0,1,0,1,0,1,0,1,0,1,0,1,0,0,0
0,1.6125732136881425,1.7505349709543188,2.658232630965137,0,0,1,1,1,0,1,1,0,0,1,0,1,0,1,0,1,0,1,0,1,0,1,1,0,0,0
0,-1.076528230548336,-1.4734993575273791,-0.9590679781195248,0,0,0,0,1,0,0,0,1,1,0,1,0,1,0,1,0,1,0,1,0,0,0,0,0,0,1
0,-1.1172721918246462,-1.506736824831314,-0.9665681745281649,0,0,0,0,1,0,0,0,1,1,0,1,0,1,0,1,0,1,0,1,0,0,0,1,1,0,0
0,0.6347181430566958,0.18837400766937243,0.5017055694691219,0,1,1,0,1,0,1,0,0,0,0,0,1,0,1,0,0,0,0,0,1,1,0,1,1,0,0
0,-1.2802480369298874,0.9528357556598781,-0.9661269865041272,1,0,0,0,1,0,1,1,0,0,0,0,0,0,0,0,0,0,1,0,1,0,0,1,0,1,0
0,1.2866215234776603,0.022186671149697273,0.7875954090455166,0,0,1,1,1,0,0,0,0,0,1,0,0,0,0,0,1,0,1,0,0,1,0,0,0,0,1
0,-0.6283446565089229,-1.4734993575273791,-0.8584771086389416,0,0,0,0,1,0,0,0,1,1,0,1,0,1,0,1,0,1,0,1,0,1,0,0,1,0,0
0,0.3087664528462136,0.5207486807087227,0.39052618741163503,0,1,1,0,1,0,0,1,0,0,0,0,1,0,1,0,0,0,0,0,0,0,0,1,0,1,0
0,0.3495104141225239,-0.9749373479683536,-0.3841999827984718,0,0,1,1,0,1,0,0,0,0,1,0,0,0,1,0,0,0,0,0,0,1,0,0,1,0,0
1,0.7569500268856267,0.4875112134047877,0.7461237347859779,0,1,0,0,1,0,1,1,0,0,0,0,1,0,0,0,0,0,0,0,0,1,0,1,0,0,0
0,0.3495104141225239,0.5207486807087227,0.5100881419258372,0,1,1,0,1,0,1,1,0,0,0,0,1,0,0,0,0,0,0,0,0,0,0,1,0,1,0
0,-1.2802480369298874,-0.47637533840932816,-0.985098071537746,1,0,1,1,1,0,0,0,0,0,0,0,0,0,1,0,0,0,0,0,0,0,0,0,0,0,1
0,-1.2395040756535771,-1.4734993575273791,-0.9886275757300471,0,0,0,0,1,0,0,0,1,1,0,1,0,1,0,1,0,1,0,1,0,0,0,1,0,0,1
0,1.4495973685829016,0.4875112134047877,1.4021703265299579,0,1,0,0,1,0,0,1,0,0,0,0,1,0,1,0,0,0,0,0,0,1,0,0,1,0,0
0,-0.3431369275747509,-1.340549488311639,-0.7552391110141323,0,0,1,1,1,0,1,0,1,1,0,1,0,1,0,1,0,1,0,1,0,0,1,0,0,0,1
0,1.5310852911355222,0.42103627879691763,1.4184942834193508,0,1,1,0,1,0,1,0,0,0,1,0,0,0,1,0,1,0,0,0,1,0,1,0,1,0,0
0,-1.1987601143772668,-1.1743621517919638,-0.9648034224320142,0,1,0,0,0,1,0,0,0,0,0,0,0,0,0,0,1,0,0,0,0,0,0,1,0,1,0
0,-1.2395040756535771,-0.6758001422329384,-0.9581856020714495,0,1,0,0,1,0,0,0,0,0,0,0,0,0,0,0,0,0,0,0,0,0,0,0,0,0,0
0,-1.1987601143772668,-1.1743621517919638,-0.9656857984800895,0,1,1,0,0,1,0,0,0,0,0,0,1,0,0,0,0,0,0,0,0,0,0,0,1,0,0
0,-1.0357842692720256,0.32132387688511255,-0.7772985122160146,1,0,0,0,1,0,1,0,0,0,0,0,0,0,0,0,1,0,1,0,1,0,0,1,0,1,0
0,-0.791320501614164,0.22161147497330744,-0.5999409265528808,0,0,0,0,1,0,0,0,0,0,1,0,0,0,0,0,0,0,1,0,1,0,0,1,0,1,0
0,-1.0357842692720256,-1.4734993575273791,-0.9449499613503202,0,1,0,0,1,0,0,0,1,1,0,1,0,1,0,1,0,1,0,1,0,0,0,0,0,0,1
0,-0.8320644628904743,-0.276950534585718,-0.7300913936439865,0,1,1,1,1,0,0,0,0,0,0,0,0,0,0,0,0,0,1,0,0,0,0,1,0,0,1
0,0.8384379494382472,1.3516853633070984,1.4529069492942872,0,1,1,1,1,0,1,1,0,0,0,0,1,0,1,0,0,0,1,0,1,1,0,1,0,1,0
0,-0.8320644628904743,0.9860732229638132,-0.5456747995962503,1,0,0,0,1,0,1,1,0,0,0,0,0,0,0,0,0,0,1,0,1,0,0,1,0,1,0
0,1.24587756220135,-1.506736824831314,-0.4578783828127587,0,1,1,1,1,0,0,0,1,1,0,1,0,1,0,1,0,1,0,1,0,0,1,0,0,0,1
0,-0.7098325790615434,0.6536985499244629,-0.4393484858031776,0,0,0,0,1,0,0,0,0,0,1,0,1,0,1,0,1,0,1,0,1,0,0,0,0,0,1
0,0.1457906077409725,-0.3766629364975231,-0.15169389413063222,0,1,1,1,1,0,0,0,0,0,1,0,1,0,0,0,0,0,0,0,0,1,0,0,0,0,1
1,-1.1580161531009565,-1.1743621517919638,-0.9550972859031861,0,1,1,0,0,1,0,0,0,0,0,0,0,0,1,0,0,0,0,0,0,0,0,1,0,1,0
0,-0.3431369275747509,-1.506736824831314,-0.8077404858746122,0,0,1,1,1,0,0,0,1,1,0,1,0,1,0,1,0,1,0,1,0,0,1,0,0,0,1
0,1.1643896396487294,-0.7090376095368733,0.182285440065866,0,0,0,0,0,1,0,0,0,0,1,0,1,0,1,0,1,0,0,0,0,1,0,0,1,0,0
0,-0.6690886177852331,-0.310188001889653,-0.6211179517066878,0,1,0,0,1,0,1,0,0,0,0,0,1,0,0,0,0,0,0,0,0,0,0,0,0,1,0
0,1.3273654847539706,-1.506736824831314,-0.4481722462839305,0,1,1,1,1,0,0,0,1,1,0,1,0,1,0,1,0,1,0,1,0,0,1,1,1,0,0
0,-0.26164900502213034,-1.506736824831314,-0.789210588865031,0,0,1,1,1,0,0,0,1,1,0,1,0,1,0,1,0,1,0,1,0,0,1,0,1,0,0
0,-0.6690886177852331,-0.5096128057132632,-0.654648241533549,0,1,0,0,1,0,0,0,0,0,0,0,0,0,0,0,1,0,0,0,0,0,0,1,0,0,1
0,0.8791819107145575,1.3849228306110335,1.535409109789327,1,0,1,0,1,0,1,1,0,0,1,0,1,0,0,0,0,0,1,0,1,1,0,0,0,0,0
0,-1.2802480369298874,-1.4734993575273791,-0.9983337122588753,1,1,0,0,1,0,0,0,1,1,0,1,0,1,0,1,0,1,0,1,0,0,0,0,0,0,1
0,-1.1172721918246462,-1.4734993575273791,-0.9603915421916378,0,1,0,1,1,0,0,0,1,1,0,1,0,1,0,1,0,1,0,1,0,0,1,0,0,0,1
0,-0.5468567339563023,-0.8419874787526135,-0.6939139756728995,0,0,0,0,0,1,0,0,0,0,0,0,1,0,0,0,0,0,0,0,1,0,0,1,0,1,0
0,-0.9135523854430948,-0.3434254691935881,-0.7565626750862452,0,1,0,0,1,0,1,0,0,0,1,0,0,0,0,0,0,0,0,0,0,0,0,1,1,0,0
0,-0.38388088885106114,0.6204610826205278,-0.16890022706810043,1,0,1,1,1,0,0,1,0,0,0,0,1,0,1,0,1,0,0,0,0,0,0,0,0,1,0
0,-1.1987601143772668,-0.310188001889653,-0.9370085769176425,1,1,0,0,1,0,0,0,0,0,0,0,0,0,0,0,0,0,1,0,0,0,0,0,0,0,1
0,1.6125732136881425,1.5511101671307086,2.5276409758499936,0,0,0,0,1,0,1,1,0,0,0,0,1,0,1,0,1,0,1,0,1,0,1,1,0,0,0
1,-0.9135523854430948,0.7201734845323329,-0.6295005241634031,1,1,1,0,1,0,1,1,0,0,0,0,0,0,0,0,0,0,0,0,1,0,0,1,0,1,0
0,-0.9135523854430948,-0.310188001889653,-0.7640628714948853,0,0,1,1,1,0,0,0,0,0,0,0,1,0,1,0,0,0,0,0,0,0,0,1,0,0,1
0,-0.8728084241667845,-1.4734993575273791,-0.9259788763167014,0,1,1,0,1,0,0,0,1,1,0,1,0,1,0,1,0,1,0,1,0,1,0,1,0,0,1
1,0.18653456901728277,1.3849228306110335,0.7823011527570649,1,0,0,0,1,0,1,1,0,0,1,0,1,0,0,0,0,0,1,0,1,0,0,1,0,0,0
0,-0.6283446565089229,-0.07752573076210782,-0.523615398394368,0,1,1,1,1,0,1,0,0,0,1,0,0,0,0,0,1,0,0,0,0,1,0,1,0,0,1
0,0.1457906077409725,1.3184478960031634,0.6181792078150605,0,0,1,1,1,0,1,1,0,0,1,0,0,0,1,0,0,0,1,0,1,0,0,1,1,0,0
1,-0.6283446565089229,1.2187354940913584,-0.23419605462567206,0,1,0,0,1,0,0,1,0,0,0,0,1,0,1,0,0,0,1,0,1,0,0,1,0,1,0
1,1.368109446030281,1.5178726998267735,2.1738081805718013,0,0,1,1,1,0,1,1,0,0,1,0,1,0,0,0,1,0,1,0,1,1,0,1,1,0,0
0,1.1643896396487294,0.6536985499244629,1.3152562857945416,0,1,1,1,1,0,0,0,0,0,1,0,1,0,1,0,1,0,1,0,1,1,0,0,0,0,0
0,-0.42462485012737144,0.9528357556598781,-0.05551490489042533,0,1,0,0,1,0,0,1,0,0,0,0,1,0,0,0,0,0,1,0,1,0,0,1,0,0,1
0,-1.2802480369298874,-1.340549488311639,-0.9965689601627248,0,1,0,0,0,1,0,0,0,0,0,0,0,0,0,0,0,0,0,0,0,0,0,1,0,1,0
0,-1.076528230548336,0.18837400766937243,-0.8161230583313275,0,0,0,0,1,0,0,1,0,0,0,0,0,0,0,0,0,0,0,0,0,0,0,0,1,0,0
0,-0.05792919864057891,0.45427374610085264,0.06713536579204032,1,1,0,0,1,0,0,1,0,0,0,0,1,0,0,0,1,0,0,0,0,0,0,1,0,1,0
0,1.4495973685829016,0.6869360172283978,1.4665837780394542,0,0,1,1,1,0,0,0,0,0,1,0,1,0,1,0,1,0,1,0,1,0,1,1,1,0,0
0,0.06430268518835193,0.7534109518362679,0.26081690834456706,1,0,1,1,1,0,1,1,0,0,0,0,0,0,1,0,0,0,1,0,0,0,0,0,0,1,0
0,0.797693988161937,0.6869360172283978,0.9486290378192576,0,0,1,1,1,0,0,1,0,0,0,0,1,0,1,0,1,0,0,0,0,0,0,0,0,0,0
0,-0.9135523854430948,0.8863608210520081,-0.5818522175673373,0,0,0,1,1,0,0,1,0,0,0,0,0,0,1,0,1,0,1,0,0,0,0,1,0,1,0
0,-0.13941712119319946,0.18837400766937243,-0.13625231328931459,1,1,1,1,1,0,0,1,0,0,0,0,0,0,0,0,0,0,0,0,0,0,0,1,0,1,0
0,1.6125732136881425,-1.4734993575273791,-0.36302295764466475,0,0,1,1,1,0,0,0,1,1,0,1,0,1,0,1,0,1,0,1,0,0,1,0,0,0,0
0,0.5939741817803856,-1.4734993575273791,-0.5875876618798267,0,1,1,1,1,0,0,0,1,1,0,1,0,1,0,1,0,1,0,1,0,1,0,0,0,0,1
0,-0.3431369275747509,0.32132387688511255,-0.20375408096707448,0,1,1,1,1,0,1,0,0,0,1,0,0,0,0,0,0,0,1,0,1,1,0,0,0,0,1
0,1.3273654847539706,-1.340549488311639,-0.3012566342793943,0,1,0,0,1,0,1,0,1,1,0,1,0,1,0,1,0,1,0,1,0,1,0,0,1,0,0
0,-1.1580161531009565,1.1854980267874233,-0.8311234511486074,0,0,0,0,1,0,1,1,0,0,0,0,0,0,0,0,1,0,1,0,1,0,0,1,0,0,1
1,-0.8320644628904743,1.2187354940913584,-0.46979045946177517,1,1,1,0,1,0,1,1,0,0,0,0,1,0,0,0,0,0,1,0,1,0,0,1,0,1,0
0,-1.2802480369298874,0.5539861480126578,-0.9714212427925789,1,1,0,0,1,0,1,1,0,0,1,0,0,0,0,0,0,0,0,0,0,0,0,1,0,1,0
0,0.02355872391204165,0.12189907306150236,-0.049338272553898284,1,1,0,0,1,0,0,1,0,0,0,0,0,0,0,0,0,0,0,0,0,0,0,0,0,1,0
0,0.06430268518835193,1.3516853633070984,0.5961198066131782,0,0,0,0,1,0,0,1,0,0,0,0,1,0,1,0,1,0,1,0,1,0,0,1,0,1,0
0,-0.7505765403378537,-1.4734993575273791,-0.8783305697206356,0,0,1,0,1,0,0,0,1,1,0,1,0,1,0,1,0,1,0,1,0,0,1,0,0,0,1
0,-1.1580161531009565,0.4875112134047877,-0.8673008691196944,1,0,0,0,1,0,0,1,0,0,0,0,0,0,0,0,0,0,0,0,1,0,0,1,0,1,0
0,-0.791320501614164,-1.4734993575273791,-0.9109784834994215,0,1,1,1,1,0,0,0,1,1,0,1,0,1,0,1,0,1,0,1,0,1,0,0,0,0,1
0,1.3273654847539706,0.4875112134047877,1.2301069971552758,0,0,1,1,1,0,1,0,0,0,0,0,1,0,0,0,1,0,1,0,1,0,1,1,0,0,0
0,-0.38388088885106114,-0.24371306728178296,-0.37934691453405767,0,1,1,1,1,0,0,0,0,0,1,0,0,0,0,0,1,0,0,0,0,1,0,0,1,0,0
0,0.9199258719908678,-0.21047559997784793,0.3464073850078704,0,1,1,0,1,0,0,0,0,0,1,0,1,0,1,0,0,0,0,0,0,0,1,0,0,1,0
0,0.6754621043330061,0.9860732229638132,1.0620143599969327,0,1,1,0,1,0,0,1,0,0,0,0,1,0,0,0,0,0,1,0,1,0,1,1,0,1,0
0,1.1236456783724194,1.2519729613952935,1.7092371912601596,0,1,1,0,1,0,1,1,0,0,0,0,1,0,1,0,0,0,1,0,1,1,0,0,0,0,0
0,1.4903413298592119,-1.4734993575273791,-0.3709643420773424,0,0,1,1,1,0,0,0,1,1,0,1,0,1,0,1,0,1,0,1,0,1,0,1,1,0,0
0,0.3087664528462136,0.6536985499244629,0.47920498024320196,0,1,0,0,1,0,1,1,0,0,0,0,0,0,0,0,0,0,1,0,0,0,0,1,0,1,0
0,1.4088534073065913,0.1551365403654374,1.0536317875402175,0,1,1,0,1,0,0,0,0,0,1,0,1,0,0,0,1,0,0,0,1,0,1,1,1,0,0
1,0.10504664646466222,1.0193106902677482,0.5255297227671548,1,1,0,0,1,0,1,1,0,0,0,0,0,0,0,0,0,0,1,0,1,0,0,1,0,1,0
0,-0.5468567339563023,1.1854980267874233,-0.1799299276690416,1,1,1,1,1,0,1,1,0,0,0,0,0,0,0,0,1,0,1,0,1,1,0,1,0,1,0
0,-0.791320501614164,-1.4734993575273791,-0.8871543302013886,0,0,1,1,1,0,0,0,1,1,0,1,0,1,0,1,0,1,0,1,0,0,1,0,0,0,1
0,0.3495104141225239,0.7866484191402029,0.6009728748775923,0,0,0,1,1,0,1,1,0,0,0,0,1,0,0,0,0,0,1,0,0,0,0,1,0,0,0
0,-1.1580161531009565,-0.9749373479683536,-0.947597089494546,0,0,0,0,0,1,0,0,0,0,1,0,0,0,1,0,0,0,0,0,0,0,0,0,0,0,1
0,-0.3431369275747509,-0.310188001889653,-0.4252304690339729,0,0,1,1,1,0,0,0,0,0,1,0,0,0,0,0,1,0,0,0,0,0,0,0,0,1,0
0,-1.1172721918246462,-0.47637533840932816,-0.9061254152350073,0,0,0,0,0,1,0,0,0,0,0,0,1,0,0,0,0,0,1,0,1,0,0,1,1,0,0
0,-1.1172721918246462,-0.011050796154237758,-0.8439179038456992,0,0,0,0,1,0,1,0,0,0,0,0,1,0,0,0,0,0,0,0,1,0,0,1,0,1,0
0,-1.2802480369298874,0.1551365403654374,-0.9767154990810307,1,0,1,1,1,0,0,1,0,0,0,0,0,0,0,0,0,0,0,0,0,0,0,1,0,0,1
0,1.6125732136881425,0.5207486807087227,1.5137908966114824,0,0,1,1,1,0,1,0,0,0,1,0,1,0,1,0,1,0,1,0,0,0,1,0,0,0,0
0,-0.3431369275747509,-0.5096128057132632,-0.4631726391012105,0,0,0,0,1,0,0,0,0,0,0,0,0,0,1,0,0,0,0,0,0,0,0,1,1,0,0
0,0.3902543753988342,0.6536985499244629,0.5683249610988065,0,0,1,0,1,0,1,0,0,0,1,0,0,0,1,0,1,0,1,0,1,0,1,0,1,0,0
0,-1.1580161531009565,-1.4734993575273791,-0.9705388667445036,0,0,0,0,1,0,0,0,1,1,0,1,0,1,0,1,0,1,0,1,0,0,0,0,0,0,1
0,1.4495973685829016,1.7505349709543188,2.5377883004028594,0,1,0,0,1,0,1,1,0,0,1,0,1,0,1,0,1,0,1,0,1,1,0,1,1,0,0
0,0.02355872391204165,-1.4734993575273791,-0.7517096068218311,0,0,1,1,1,0,0,0,1,1,0,1,0,1,0,1,0,1,0,1,0,1,0,0,0,0,1
1,-1.2802480369298874,0.1551365403654374,-0.9767154990810307,1,0,0,0,1,0,0,1,0,0,0,0,0,0,0,0,0,0,0,0,0,0,0,1,0,1,0
0,-0.05792919864057891,1.2852104286992283,0.3455250089597951,1,1,0,0,1,0,1,1,0,0,0,0,1,0,1,0,0,0,1,0,1,1,0,1,0,1,0
0,-1.1580161531009565,0.42103627879691763,-0.8725951254081462,1,0,0,0,1,0,1,1,0,0,0,0,1,0,0,0,0,0,0,0,0,0,0,0,0,0,0
1,1.4903413298592119,1.4846352325228385,2.3608719027637632,0,1,1,0,1,0,1,1,0,0,0,0,1,0,1,0,1,0,1,0,1,0,1,1,0,1,0
1,0.22727853029359305,0.9860732229638132,0.6045023790698935,0,1,0,0,1,0,1,1,0,0,0,0,0,0,0,0,0,0,1,0,1,0,0,0,0,1,0
0,-1.1987601143772668,0.5207486807087227,-0.9008311589465555,0,0,1,1,1,0,0,1,0,0,0,0,1,0,0,0,1,0,0,0,0,0,0,1,0,1,0
0,0.6347181430566958,0.4875112134047877,0.7002401802860627,0,0,1,1,1,0,1,0,0,0,0,0,1,0,0,0,1,0,1,0,1,0,1,0,0,1,0
0,-0.7098325790615434,-1.3073120210077038,-0.8364177074370592,0,0,1,0,1,0,1,0,1,1,0,1,0,1,0,1,0,1,0,1,0,0,1,0,0,0,1
0,-0.3023929662984406,-1.506736824831314,-0.7746513840717887,0,0,0,0,1,0,0,0,1,1,0,1,0,1,0,1,0,1,0,1,0,1,0,0,1,0,0
1,-1.2802480369298874,0.45427374610085264,-0.9727448068646919,1,0,0,0,1,0,0,1,0,0,0,0,0,0,0,0,0,0,1,0,0,0,0,0,0,1,0
0,0.6347181430566958,-0.6758001422329384,-0.07889787016442058,0,0,0,0,0,1,0,0,0,0,1,0,1,0,0,0,0,0,1,0,0,0,0,1,0,1,0
0,-1.2802480369298874,-1.4734993575273791,-0.9983337122588753,0,1,0,0,1,0,0,0,1,1,0,1,0,1,0,1,0,1,0,1,0,0,0,0,0,0,1
0,-1.2802480369298874,-1.506736824831314,-0.998774900282913,0,1,0,0,1,0,0,0,1,1,0,1,0,1,0,1,0,1,0,1,0,0,0,0,0,1,0
0,0.18653456901728277,0.5207486807087227,0.32478917183002576,0,0,0,0,1,0,0,1,0,0,0,0,1,0,1,0,0,0,0,0,0,1,0,0,0,1,0
1,1.368109446030281,1.4181602979149686,2.1036592847498157,0,1,1,0,1,0,1,1,0,0,0,0,1,0,1,0,1,0,1,0,1,1,0,1,0,0,0
0,-0.26164900502213034,-0.5760877403211333,-0.48214372413482925,0,0,1,0,0,1,0,0,0,0,1,0,1,0,1,0,0,0,1,0,0,1,0,0,0,0,0
0,1.24587756220135,0.18837400766937243,0.9552468581798222,0,1,1,0,1,0,0,0,0,0,1,0,1,0,0,0,1,0,1,0,0,1,0,0,1,0,0
0,-0.9135523854430948,-1.1743621517919638,-0.8946545266100285,1,1,0,0,0,1,0,0,0,0,0,0,0,0,1,0,0,0,0,0,0,0,0,0,0,0,1
0,-1.2395040756535771,0.18837400766937243,-0.9427440212301319,1,0,0,0,1,0,0,0,0,0,1,0,0,0,0,0,0,0,1,0,1,0,0,1,0,1,0
1,-0.5876006952326126,-0.1772381326739129,-0.561116380437568,0,1,1,0,1,0,0,0,0,0,1,0,0,0,0,0,0,0,0,0,1,0,0,1,1,0,0
0,1.2866215234776603,-1.3073120210077038,-0.2509611995391026,0,0,1,0,1,0,1,0,1,1,0,1,0,1,0,1,0,1,0,1,0,0,1,0,0,0,1
1,-0.9542963467194051,0.6536985499244629,-0.6709721984229419,1,0,0,0,1,0,1,1,0,0,0,0,0,0,0,0,0,0,0,0,1,0,0,1,0,1,0
0,-0.18016108246950976,-1.4734993575273791,-0.7711218798794875,0,0,0,1,1,0,0,0,1,1,0,1,0,1,0,1,0,1,0,1,0,0,0,0,0,0,1
0,-1.2802480369298874,0.35456134418904756,-0.9740683709368049,0,0,0,0,1,0,0,1,0,0,0,0,0,0,1,0,0,0,0,0,0,0,0,0,0,1,0
0,-1.1580161531009565,0.6869360172283978,-0.8580359206149039,1,1,0,0,1,0,1,1,0,0,0,0,0,0,0,0,0,0,0,0,1,0,0,1,0,1,0
1,0.22727853029359305,0.18837400766937243,0.0944890232823744,1,1,0,0,1,0,0,0,0,0,0,0,1,0,1,0,1,0,1,0,0,1,0,1,1,0,0
0,1.368109446030281,1.0193106902677482,1.7604150020485267,0,1,1,0,1,0,1,1,0,0,0,0,1,0,1,0,0,0,0,0,1,1,0,0,0,1,0
0,-1.2802480369298874,0.18837400766937243,-0.976274311056993,0,0,0,0,1,0,0,1,0,0,0,0,0,0,0,0,0,0,0,0,0,0,0,1,0,1,0
0,-0.5876006952326126,-0.47637533840932816,-0.6065587469134455,0,0,1,0,1,0,0,0,0,0,0,0,0,0,0,0,1,0,0,0,0,0,0,1,0,0,1
1,0.7569500268856267,1.0857856248756181,1.1603992893573278,1,1,0,0,1,0,1,1,0,0,0,0,0,0,1,0,0,0,1,0,1,0,0,1,0,1,0
0,-1.2802480369298874,-0.6093252076250683,-0.9868628236338965,1,1,0,0,1,0,0,0,0,0,0,0,0,0,0,0,0,0,0,0,0,0,0,0,0,0,1
0,-0.8320644628904743,-1.506736824831314,-0.9136256116436473,0,1,0,1,1,0,0,0,1,1,0,1,0,1,0,1,0,1,0,1,0,0,1,0,0,0,0
0,0.3495104141225239,1.3849228306110335,0.953040918059634,1,0,0,0,1,0,1,1,0,0,0,0,1,0,1,0,0,0,1,0,1,0,0,1,0,1,0
0,-0.8320644628904743,-1.3073120210077038,-0.8677420571437321,0,1,0,0,1,0,1,0,1,1,0,1,0,1,0,1,0,1,0,1,0,0,0,0,0,1,0
0,0.9199258719908678,-1.4734993575273791,-0.531115594803008,0,0,1,1,1,0,0,0,1,1,0,1,0,1,0,1,0,1,0,1,0,0,1,0,0,0,1
0,-1.0357842692720256,0.35456134418904756,-0.7583274271823959,0,0,0,0,1,0,1,1,0,0,0,0,0,0,0,0,0,0,0,0,0,0,0,1,0,1,0
0,-0.8320644628904743,0.819885886444138,-0.5240565864184057,1,0,0,0,1,0,0,1,0,0,0,0,0,0,1,0,1,0,0,0,1,0,0,1,0,1,0
0,1.4495973685829016,0.7866484191402029,1.7110019433563104,0,0,1,1,1,0,1,0,0,0,1,0,1,0,1,0,1,0,1,0,1,0,1,0,1,0,0
1,-1.1172721918246462,0.6204610826205278,-0.8103876140188381,1,0,0,0,1,0,1,1,0,0,0,0,0,0,0,0,0,0,1,0,0,0,0,1,1,0,0
1,0.6754621043330061,-0.7090376095368733,-0.07801549411634529,0,0,0,0,1,0,0,0,0,0,0,0,0,0,0,0,0,0,0,0,0,0,0,0,0,0,1
0,0.3087664528462136,-0.07752573076210782,0.10066565561890145,0,1,0,0,0,1,0,0,0,0,1,0,1,0,1,0,0,0,1,0,1,1,0,0,1,0,0
0,-0.6690886177852331,-1.4734993575273791,-0.8668596810956568,0,0,0,0,1,0,0,0,1,1,0,1,0,1,0,1,0,1,0,1,0,1,0,0,0,0,0
0,-0.9135523854430948,0.32132387688511255,-0.6493539852450972,1,1,0,0,1,0,1,1,0,0,0,0,0,0,0,0,0,0,0,0,0,0,0,1,0,0,1
0,1.6125732136881425,1.2187354940913584,2.2236624272880556,0,0,1,0,1,0,1,1,0,0,0,0,1,0,1,0,0,0,1,0,1,1,0,1,0,1,0
1,-1.2395040756535771,0.6536985499244629,-0.9250965002686261,0,0,0,0,1,0,1,1,0,0,0,0,0,0,0,0,0,0,0,0,1,0,0,1,0,1,0
0,-0.38388088885106114,-1.4734993575273791,-0.8068581098265369,0,1,1,1,1,0,0,0,1,1,0,1,0,1,0,1,0,1,0,1,0,0,1,0,0,0,1
1,1.5718292524118322,1.3516853633070984,2.3110176560475093,0,0,0,0,1,0,1,1,0,0,0,0,1,0,1,0,0,0,1,0,1,1,0,1,0,1,0
0,-0.8728084241667845,1.1522605594834883,-0.5412629193558739,1,0,1,0,1,0,1,1,0,0,0,0,0,0,1,0,0,0,1,0,1,0,0,1,0,1,0
0,-1.2802480369298874,-0.6758001422329384,-0.9877451996819718,1,1,0,0,1,0,0,0,0,0,0,0,0,0,0,0,0,0,0,0,0,0,0,1,0,0,1
0,-0.6690886177852331,-0.3766629364975231,-0.6392066606922313,1,0,0,0,1,0,0,0,0,0,0,0,1,0,0,0,1,0,0,0,0,0,0,1,0,0,1
0,-1.2802480369298874,0.6869360172283978,-0.9696564906964283,1,0,0,0,1,0,1,1,0,0,0,0,0,0,0,0,0,0,0,0,1,0,0,1,0,0,1
0,-0.8320644628904743,0.6869360172283978,-0.5664106367260197,0,1,1,0,1,0,0,1,0,0,0,0,1,0,0,0,0,0,0,0,1,0,0,1,1,0,0
0,0.8791819107145575,-0.6758001422329384,0.038016956205555674,0,0,0,0,0,1,0,0,0,0,1,0,0,0,0,0,1,0,0,0,1,1,0,0,0,0,0
0,1.4495973685829016,0.853123353748073,1.7710035146254302,0,0,1,0,1,0,1,1,0,0,0,0,1,0,1,0,1,0,0,0,0,0,1,0,1,0,0
0,-1.1580161531009565,-0.47637533840932816,-0.9017135349946308,1,0,1,1,1,0,1,0,0,0,0,0,0,0,0,0,0,0,0,0,0,0,0,0,0,0,1
0,-1.2802480369298874,-0.1772381326739129,-0.9811273793214071,1,0,0,1,1,0,0,0,0,0,0,0,0,0,1,0,0,0,0,0,1,0,0,0,0,1,0
0,-0.22090504374582004,-0.3766629364975231,-0.3625817696206271,0,1,0,0,1,0,0,0,0,0,1,0,0,0,0,0,1,0,0,0,0,0,0,0,0,0,1
0,-0.46536881140368175,-1.506736824831314,-0.8236232547399674,0,1,0,0,1,0,0,0,1,1,0,1,0,1,0,1,0,1,0,1,0,0,0,1,0,0,1
0,-0.791320501614164,0.6204610826205278,-0.5394981672597233,1,1,0,0,1,0,0,1,0,0,0,0,0,0,1,0,0,0,1,0,0,0,0,1,0,1,0
1,1.2866215234776603,0.32132387688511255,1.1409870162996714,0,0,0,0,1,0,1,0,0,0,0,0,1,0,1,0,1,0,0,0,1,0,0,0,1,0,0
0,-1.2802480369298874,-0.3434254691935881,-0.9833333194415954,1,0,0,0,1,0,0,0,0,0,1,0,1,0,0,0,0,0,0,0,0,0,0,1,0,1,0
0,1.0014137945434884,-0.24371306728178296,0.43332142574328675,0,1,1,0,0,1,0,0,0,0,0,0,1,0,1,0,1,0,1,0,1,0,1,1,0,0,0
0,-0.46536881140368175,1.2852104286992283,-0.012719666558773643,1,0,1,0,1,0,1,1,0,0,1,0,0,0,1,0,0,0,1,0,1,0,0,1,0,1,0
0,-0.5468567339563023,-1.506736824831314,-0.8492121601341509,0,1,0,0,1,0,0,0,1,1,0,1,0,1,0,1,0,1,0,1,0,0,1,0,0,0,1
0,-0.05792919864057891,0.9528357556598781,0.28949412990701406,0,1,1,0,1,0,0,1,0,0,0,0,0,0,1,0,0,0,1,0,1,1,0,1,0,1,0
0,0.797693988161937,0.819885886444138,1.045249215083502,0,1,0,0,1,0,1,0,0,0,1,0,1,0,1,0,1,0,1,0,1,0,1,1,0,0,1
0,0.5532302205040753,0.9860732229638132,0.9375993372183163,0,0,0,0,1,0,1,1,0,0,0,0,1,0,1,0,0,0,0,0,1,1,0,1,0,1,0
1,-0.8728084241667845,-0.310188001889653,-0.7512684187977935,0,0,0,0,1,0,1,0,0,0,1,0,0,0,0,0,0,0,0,0,0,0,0,1,0,1,0
0,0.8384379494382472,-0.5428502730171982,0.09360664723429911,0,0,1,1,0,1,0,0,0,0,1,0,1,0,1,0,0,0,0,0,1,0,0,1,0,0,0
0,-0.8728084241667845,-1.506736824831314,-0.927743628412852,1,0,1,1,1,0,0,0,1,1,0,1,0,1,0,1,0,1,0,1,0,0,0,1,0,0,1
1,1.0014137945434884,1.3184478960031634,1.601587313394974,0,1,0,0,1,0,1,1,0,0,0,0,1,0,0,0,1,0,1,0,1,0,0,1,0,0,0
1,-1.2395040756535771,0.35456134418904756,-0.9374497649416802,1,0,0,0,1,0,1,1,0,0,0,0,0,0,0,0,0,0,0,0,0,0,0,1,0,0,1
1,-1.2395040756535771,-0.3434254691935881,-0.9612739182397131,1,0,0,0,1,0,0,0,0,0,1,0,1,0,0,0,0,0,0,0,0,0,0,0,0,0,1
0,1.5718292524118322,-1.506736824831314,-0.39434730735133766,0,0,1,1,1,0,0,0,1,1,0,1,0,1,0,1,0,1,0,1,0,0,1,0,0,0,0
0,-1.2802480369298874,-1.506736824831314,-0.998774900282913,0,0,1,1,1,0,0,0,1,1,0,1,0,1,0,1,0,1,0,1,0,0,0,1,0,0,1
0,1.4495973685829016,-1.3073120210077038,-0.2884621815823026,0,1,1,0,1,0,1,0,1,1,0,1,0,1,0,1,0,1,0,1,0,0,1,0,1,0,0
0,1.6125732136881425,0.6536985499244629,1.6545298762794916,0,1,1,0,1,0,0,0,0,0,1,0,1,0,1,0,1,0,1,0,1,0,1,0,0,0,1
0,-1.2395040756535771,-1.506736824831314,-0.9877451996819718,0,0,0,0,1,0,0,0,1,1,0,1,0,1,0,1,0,1,0,1,0,0,0,0,0,0,1
1,-1.2802480369298874,1.0193106902677482,-0.9652446104560519,1,1,1,0,1,0,1,1,0,0,0,0,0,0,0,0,0,0,1,0,1,0,0,1,0,1,0
0,0.3495104141225239,0.4875112134047877,0.4575867670653573,0,0,0,0,1,0,0,0,0,0,1,0,0,0,1,0,1,0,1,0,1,1,0,1,0,0,0
0,1.6125732136881425,-1.3073120210077038,-0.18345943186134275,0,1,1,1,1,0,1,0,1,1,0,1,0,1,0,1,0,1,0,1,0,0,1,0,1,0,0
0,-1.076528230548336,0.35456134418904756,-0.8139171182111392,1,1,1,0,1,0,1,1,0,0,0,0,0,0,0,0,0,0,0,0,0,0,0,1,0,1,0
0,-1.1580161531009565,0.2880864095811775,-0.8637713649273933,1,0,1,1,1,0,0,1,0,0,0,0,0,0,1,0,0,0,0,0,0,0,0,1,0,1,0
0,-0.8320644628904743,1.052548157571683,-0.5006736211444104,1,1,0,0,1,0,1,1,0,0,0,0,0,0,0,0,0,0,1,0,1,0,0,1,0,1,0
0,1.0421577558197987,0.12189907306150236,0.7452413587379026,0,0,1,0,1,0,1,0,0,0,1,0,0,0,0,0,1,0,0,0,1,1,0,1,0,1,0
0,-1.0357842692720256,-1.4734993575273791,-0.9387733290137932,0,0,0,0,1,0,0,0,1,1,0,1,0,1,0,1,0,1,0,1,0,0,0,0,0,0,1
0,1.3273654847539706,-0.310188001889653,0.6133261395506464,0,0,1,0,1,0,0,0,0,0,1,0,0,0,1,0,0,0,0,0,0,0,0,1,0,0,1
0,-1.2802480369298874,0.18837400766937243,-0.976274311056993,0,1,0,0,1,0,0,1,0,0,0,0,0,0,0,0,0,0,0,0,0,0,0,1,0,0,1
0,0.9606698332671781,-1.506736824831314,-0.5103797576732386,0,1,1,0,1,0,0,0,1,1,0,1,0,1,0,1,0,1,0,1,0,1,0,0,1,0,0
0,-1.1580161531009565,-1.506736824831314,-0.9749507469848802,0,1,0,0,1,0,0,0,1,1,0,1,0,1,0,1,0,1,0,1,0,0,0,0,0,0,1
0,1.0421577558197987,-0.6758001422329384,0.05742922926321211,0,0,1,1,1,0,0,0,0,0,0,0,0,0,0,0,0,0,0,0,0,1,0,1,0,0,1
0,1.2051336009250397,1.4181602979149686,2.0423341494085827,0,1,1,0,1,0,1,1,0,0,0,0,0,0,1,0,1,0,1,0,1,0,1,1,0,0,0
0,-0.26164900502213034,-0.11076319806604285,-0.30963920673610956,0,1,0,0,1,0,1,0,0,0,1,0,1,0,0,0,0,0,0,0,0,1,0,0,0,1,0
0,1.2051336009250397,0.853123353748073,1.4573188295346637,0,1,0,0,1,0,1,1,0,0,1,0,1,0,1,0,0,0,0,0,0,0,0,0,0,0,0
0,1.0421577558197987,1.1522605594834883,1.5720277157844518,0,0,1,1,1,0,0,1,0,0,1,0,1,0,0,0,0,0,1,0,1,1,0,0,1,0,0
0,1.4495973685829016,0.8863608210520081,1.8270343936782114,0,0,1,0,1,0,1,0,0,0,1,0,1,0,1,0,1,0,1,0,1,0,1,1,0,1,0
0,1.1643896396487294,1.1854980267874233,1.6479120559189269,0,0,1,1,1,0,1,1,0,0,1,0,1,0,1,0,0,0,0,0,1,1,0,1,1,0,0
0,0.3902543753988342,0.45427374610085264,0.48096973233935253,0,0,0,0,1,0,1,0,0,0,0,0,0,0,1,0,1,0,1,0,1,0,1,1,1,0,0
0,-0.5876006952326126,0.6536985499244629,-0.32905147979376603,0,1,0,0,1,0,1,1,0,0,0,0,0,0,0,0,0,0,1,0,0,0,0,0,0,0,0
0,0.9606698332671781,-1.506736824831314,-0.5306744067789704,0,0,0,0,1,0,0,0,1,1,0,1,0,1,0,1,0,1,0,1,0,0,1,1,0,0,0
0,-1.1580161531009565,0.7866484191402029,-0.8505357242062639,1,0,0,0,1,0,1,1,0,0,0,0,1,0,0,0,0,0,0,0,1,0,0,1,0,1,0
0,-1.1580161531009565,-1.4734993575273791,-0.9709800547685413,0,0,0,0,1,0,0,0,1,1,0,1,0,1,0,1,0,1,0,1,0,0,0,0,1,0,0
0,0.10504664646466222,-0.310188001889653,-0.11772241627973346,0,0,0,1,1,0,0,0,0,0,1,0,1,0,0,0,0,0,0,0,0,1,0,0,1,0,0
0,1.2866215234776603,0.7201734845323329,1.3430511313089133,0,0,1,1,1,0,1,1,0,0,1,0,0,0,0,0,1,0,0,0,0,0,0,1,0,0,0
0,-0.05792919864057891,-1.4734993575273791,-0.7058260523219159,0,0,0,0,1,0,0,0,1,1,0,1,0,1,0,1,0,1,0,1,0,1,0,0,0,0,1
1,1.4088534073065913,-1.4734993575273791,-0.4499369983800811,0,0,1,0,1,0,0,0,1,1,0,1,0,1,0,1,0,1,0,1,0,0,1,1,0,0,0
0,-1.1580161531009565,-0.47637533840932816,-0.9405380811099437,1,0,0,0,1,0,0,0,0,0,0,0,1,0,0,0,0,0,0,0,0,0,0,0,1,0,0
1,1.5310852911355222,1.6175851017385787,2.396166944686775,0,0,1,0,1,0,1,1,0,0,1,0,1,0,1,0,1,0,1,0,1,0,1,1,0,1,0
0,-1.1987601143772668,-0.3766629364975231,-0.9242141242205508,1,1,0,0,1,0,0,0,0,0,0,0,0,0,0,0,0,0,1,0,0,0,0,0,1,0,0
1,0.8384379494382472,1.2187354940913584,1.4409948726452708,1,1,1,0,1,0,1,1,0,0,0,0,1,0,0,0,0,0,1,0,1,0,0,1,0,1,0
0,-1.2395040756535771,-0.1772381326739129,-0.9498030296147343,0,1,1,1,1,0,0,0,0,0,1,0,1,0,0,0,1,0,0,0,0,0,1,0,0,0,1
0,-0.13941712119319946,0.7534109518362679,0.14919633826304254,0,0,1,1,1,0,0,1,0,0,0,0,0,0,0,0,0,0,1,0,1,0,0,1,1,0,0
0,0.5939741817803856,-0.7755125441447435,-0.1799299276690416,0,0,0,0,0,1,0,0,0,0,1,0,0,0,1,0,1,0,0,0,0,0,1,0,0,0,1
0,1.4495973685829016,0.6204610826205278,1.5009964439143906,1,0,1,1,1,0,1,1,0,0,0,0,0,0,0,0,0,0,1,0,0,1,0,1,0,1,0
0,-0.8320644628904743,0.1551365403654374,-0.6378830966201184,0,1,0,1,1,0,0,0,0,0,1,0,0,0,0,0,0,0,1,0,1,0,0,1,0,0,1
0,-0.9950403079957154,-0.276950534585718,-0.8302410751005321,0,0,1,1,1,0,0,0,0,0,0,0,1,0,0,0,1,0,0,0,0,0,0,0,0,0,0
0,0.8791819107145575,1.4846352325228385,1.6920308583226915,0,1,1,0,1,0,1,1,0,0,1,0,1,0,1,0,0,0,1,0,1,0,0,0,0,1,0
0,1.4903413298592119,0.919598288355943,1.8517409230243196,0,1,1,1,1,0,0,1,0,0,0,0,1,0,0,0,1,0,1,0,0,0,1,1,0,0,1
0,-0.26164900502213034,0.1551365403654374,-0.21301902947186505,0,0,0,0,1,0,1,0,0,0,1,0,1,0,0,0,0,0,1,0,0,0,0,1,0,0,0
0,1.6125732136881425,1.0857856248756181,2.127042250023811,0,0,1,0,1,0,1,1,0,0,1,0,1,0,1,0,1,0,0,0,0,0,1,1,0,0,0
0,1.5310852911355222,-0.21047559997784793,0.852008860555013,0,0,0,0,0,1,0,0,0,0,1,0,0,0,1,0,1,0,1,0,1,0,1,1,0,0,0
0,-1.2802480369298874,-0.47637533840932816,-0.985098071537746,1,1,0,1,1,0,0,0,0,0,1,0,0,0,0,0,0,0,0,0,0,0,0,0,0,0,1
0,-0.9135523854430948,0.819885886444138,-0.6264122079951396,1,1,0,0,1,0,0,1,0,0,0,0,0,0,0,0,0,0,1,0,1,0,0,1,0,1,0
0,-0.18016108246950976,0.18837400766937243,-0.12831092885663697,0,0,1,1,1,0,0,1,0,0,0,0,0,0,0,0,0,0,0,0,0,1,0,1,0,0,0
0,-1.2802480369298874,0.1551365403654374,-0.9767154990810307,1,1,0,0,1,0,0,1,0,0,0,0,0,0,0,0,0,0,0,0,0,0,0,1,0,1,0
0,-0.46536881140368175,0.9860732229638132,-0.1477232019142934,0,0,1,0,1,0,1,1,0,0,0,0,0,0,0,0,0,0,1,0,1,0,0,1,0,1,0
1,0.7569500268856267,0.9528357556598781,1.0884856414391915,1,1,1,0,1,0,1,1,0,0,1,0,0,0,1,0,0,0,1,0,0,0,0,1,0,0,0
0,0.8384379494382472,-1.506736824831314,-0.5628811325337185,0,0,1,1,1,0,0,0,1,1,0,1,0,1,0,1,0,1,0,1,0,1,0,0,0,0,0
0,0.8384379494382472,1.0193106902677482,1.2146654163139583,0,1,0,1,1,0,0,1,0,0,1,0,1,0,1,0,0,0,0,0,1,1,0,0,0,1,0
0,-0.3431369275747509,1.2187354940913584,0.047723092734383896,1,1,1,0,1,0,1,1,0,0,0,0,0,0,1,0,0,0,1,0,1,0,0,1,0,1,0
0,1.5310852911355222,0.9860732229638132,2.0189511841345875,0,0,1,0,1,0,1,0,0,0,1,0,1,0,1,0,1,0,1,0,1,0,1,1,1,0,0
0,1.1643896396487294,1.4181602979149686,1.869829632009863,0,1,0,0,1,0,1,1,0,0,1,0,1,0,1,0,0,0,1,0,1,1,0,1,0,1,0
0,-0.8728084241667845,-0.3434254691935881,-0.7349444619084006,0,0,0,0,1,0,0,0,0,0,1,0,0,0,0,0,1,0,0,0,0,1,0,1,0,0,1
0,-1.2395040756535771,0.22161147497330744,-0.9378909529657179,0,1,0,0,1,0,0,1,0,0,0,0,0,0,0,0,0,0,0,0,0,0,0,1,1,0,0
0,-0.3023929662984406,-1.506736824831314,-0.7795044523362028,0,1,0,0,1,0,0,0,1,1,0,1,0,1,0,1,0,1,0,1,0,1,0,1,0,0,0
0,0.3495104141225239,-0.276950534585718,0.03581101608536744,0,0,0,0,1,0,1,0,0,0,0,0,1,0,0,0,0,0,0,0,0,1,0,1,1,0,0
0,-0.5876006952326126,0.9860732229638132,-0.26287327618811906,1,1,1,0,1,0,1,1,0,0,0,0,0,0,0,0,0,0,1,0,1,0,0,1,0,1,0
1,1.6125732136881425,1.3184478960031634,2.385137244085834,1,1,1,0,1,0,1,1,0,0,0,0,1,0,1,0,0,0,1,0,1,0,1,1,0,0,0
0,1.5718292524118322,0.853123353748073,1.7454146092312466,0,0,1,1,1,0,1,0,0,0,1,0,1,0,1,0,1,0,1,0,1,0,1,1,1,0,0
0,0.06430268518835193,-0.14400066536997788,-0.10625152765475465,0,0,1,1,1,0,0,0,0,0,1,0,1,0,1,0,0,0,0,0,0,1,0,1,0,0,1
0,-0.13941712119319946,1.1190230921795532,0.23125731073404474,0,1,0,0,1,0,0,1,0,0,0,0,0,0,1,0,1,0,1,0,1,0,0,1,1,0,0
1,0.3087664528462136,1.1190230921795532,0.8087724341993237,0,1,1,0,1,0,0,1,0,0,1,0,1,0,1,0,1,0,1,0,0,1,0,1,1,0,0
0,0.1457906077409725,-0.9749373479683536,-0.42611284508204816,0,1,1,0,0,1,0,0,0,0,1,0,0,0,1,0,0,0,0,0,0,1,0,0,0,0,1
0,0.5532302205040753,1.2852104286992283,1.0196603096893186,0,0,1,0,1,0,1,1,0,0,0,0,1,0,0,0,1,0,1,0,1,1,0,1,0,1,0
0,1.0421577558197987,1.4181602979149686,1.786445095466748,0,0,0,0,1,0,1,1,0,0,1,0,1,0,1,0,0,0,1,0,1,1,0,1,0,1,0
0,0.2680224915699033,0.5539861480126578,0.41037964849332914,0,1,0,0,1,0,1,1,0,0,0,0,1,0,0,0,0,0,0,0,0,1,0,0,1,0,0
0,-1.1580161531009565,-0.11076319806604285,-0.9061254152350073,1,1,1,1,1,0,0,0,0,0,0,0,0,0,0,0,1,0,0,0,1,0,0,0,1,0,0
0,0.797693988161937,1.0193106902677482,1.1881941348716996,0,0,1,1,1,0,1,1,0,0,0,0,1,0,1,0,0,0,1,0,0,1,0,1,1,0,0
1,1.5310852911355222,1.3184478960031634,2.217044606927491,0,1,1,0,1,0,1,1,0,0,0,0,1,0,1,0,0,0,1,0,1,1,0,1,0,1,0
1,1.3273654847539706,0.18837400766937243,1.0024539767518503,0,1,1,0,1,0,0,1,0,0,0,0,0,0,0,0,0,0,0,0,0,1,0,1,0,0,0
0,-1.2802480369298874,-0.6758001422329384,-0.9877451996819718,0,1,0,0,1,0,0,0,0,0,0,0,0,0,0,0,0,0,0,0,0,0,0,1,0,0,1
0,1.5310852911355222,1.0857856248756181,2.073217311091218,0,0,1,0,1,0,1,1,0,0,0,0,0,0,1,0,0,0,1,0,1,1,0,1,0,1,0
1,-0.13941712119319946,-0.9749373479683536,-0.5549397481010409,0,0,1,1,0,1,0,0,0,0,0,0,1,0,1,0,0,0,0,0,0,0,0,1,0,0,1
0,-1.2802480369298874,0.853123353748073,-0.9674505505762402,1,1,0,0,1,0,0,1,0,0,0,0,0,0,0,0,0,0,1,0,1,0,0,1,0,1,0
0,1.4088534073065913,0.6869360172283978,1.5137908966114824,0,0,0,0,1,0,1,0,0,0,1,0,0,0,1,0,1,0,1,0,1,0,1,1,0,0,1
0,-1.2802480369298874,-1.506736824831314,-0.998774900282913,0,0,0,0,1,0,0,0,1,1,0,1,0,1,0,1,0,1,0,1,0,0,0,1,0,0,1
0,-0.26164900502213034,0.7866484191402029,-0.0038959060780207186,1,0,0,0,1,0,0,1,0,0,0,0,0,0,0,0,0,0,1,0,1,0,0,1,0,0,0
0,-0.09867315991688919,-1.3073120210077038,-0.6590601217739254,0,0,1,1,1,0,1,0,1,1,0,1,0,1,0,1,0,1,0,1,0,0,1,1,0,0,1
0,0.6347181430566958,1.1854980267874233,1.1255454354583536,0,0,1,0,1,0,0,1,0,0,0,0,0,0,1,0,1,0,1,0,1,0,0,1,1,0,0
0,0.9199258719908678,-0.310188001889653,0.3742022305222421,0,0,1,1,1,0,0,0,0,0,1,0,1,0,0,0,0,0,0,0,0,0,0,0,0,1,0
0,-1.0357842692720256,0.6869360172283978,-0.7415622822689653,1,1,0,0,1,0,1,1,0,0,0,0,0,0,0,0,0,0,0,0,1,0,0,1,0,0,1
0,0.18653456901728277,0.8863608210520081,0.47920498024320196,0,1,0,0,1,0,1,1,0,0,1,0,0,0,0,0,0,0,1,0,0,0,0,1,0,1,0
0,-0.05792919864057891,0.6204610826205278,0.1725793035370378,0,0,1,0,1,0,0,1,0,0,0,0,1,0,0,0,0,0,0,0,1,0,0,1,0,0,0
0,-1.1580161531009565,-0.6425626749290033,-0.9193610559561367,0,1,0,0,1,0,0,0,0,0,0,0,0,0,0,0,0,0,0,0,0,0,0,1,0,1,0
0,1.6125732136881425,-1.3073120210077038,-0.21743090971224152,0,1,1,1,1,0,1,0,1,1,0,1,0,1,0,1,0,1,0,1,0,0,1,1,1,0,0
1,-1.1172721918246462,0.8863608210520081,-0.8090640499467251,1,1,0,0,1,0,0,1,0,0,0,0,0,0,0,0,0,0,1,0,1,0,0,1,0,1,0
0,-1.2802480369298874,-1.506736824831314,-0.998774900282913,0,1,1,1,1,0,0,0,1,1,0,1,0,1,0,1,0,1,0,1,0,0,0,0,0,0,1
1,-0.7098325790615434,0.8863608210520081,-0.38949423908692354,0,0,0,0,1,0,0,1,0,0,0,0,0,0,0,0,0,0,1,0,1,0,0,1,0,1,0
0,-0.9950403079957154,-0.44313787110539316,-0.8258291948601557,0,1,1,1,1,0,0,0,0,0,1,0,0,0,0,0,0,0,0,0,0,0,0,1,1,0,0
0,0.10504664646466222,-1.440261890223444,-0.6802371469277324,0,0,0,0,1,0,0,0,1,1,0,1,0,1,0,1,0,1,0,1,0,1,0,0,0,0,1
1,0.9606698332671781,1.3184478960031634,1.5698217756642634,0,0,0,0,1,0,1,1,0,0,0,0,1,0,1,0,0,0,1,0,1,0,0,0,0,1,0
0,0.3902543753988342,1.3849228306110335,0.9834828917182316,1,1,1,0,1,0,1,1,0,0,0,0,0,0,1,0,1,0,1,0,1,0,0,1,0,0,0
1,1.3273654847539706,0.6869360172283978,1.5023200079865036,0,1,1,1,1,0,1,1,0,0,1,0,1,0,0,0,0,0,0,0,0,0,0,1,0,1,0
0,-1.2395040756535771,-1.4734993575273791,-0.9934806439944612,0,0,1,1,1,0,0,0,1,1,0,1,0,1,0,1,0,1,0,1,0,1,0,0,0,0,1
1,1.3273654847539706,1.1854980267874233,1.937331399687623,0,1,1,0,1,0,1,1,0,0,1,0,0,0,0,0,0,0,1,0,1,1,0,1,0,1,0
0,-0.5876006952326126,0.32132387688511255,-0.4137595804089941,0,0,0,0,1,0,1,1,0,0,0,0,0,0,0,0,0,0,0,0,0,0,0,1,0,1,0
0,-0.38388088885106114,0.45427374610085264,-0.19404794443824624,0,0,0,0,1,0,1,0,0,0,1,0,0,0,1,0,0,0,1,0,1,1,0,1,0,1,0
0,-1.1580161531009565,-0.6425626749290033,-0.9206846200282497,1,0,0,0,1,0,0,0,0,0,0,0,0,0,0,0,0,0,0,0,0,0,0,1,0,0,1
0,1.5310852911355222,-1.506736824831314,-0.37493503429368125,0,1,1,0,1,0,0,0,1,1,0,1,0,1,0,1,0,1,0,1,0,0,1,0,1,0,0
0,-1.1580161531009565,-0.47637533840932816,-0.912743235595572,0,0,0,0,1,0,1,0,0,0,0,0,0,0,0,0,0,0,0,0,0,0,0,0,0,1,0
0,-0.5468567339563023,-0.6425626749290033,-0.6255298319470642,0,1,0,0,1,0,0,0,0,0,0,0,0,0,0,0,0,0,0,0,0,0,0,1,0,0,0
0,-0.5876006952326126,0.42103627879691763,-0.4080241360965047,0,0,0,0,1,0,0,1,0,0,0,0,1,0,1,0,0,0,0,0,0,0,0,0,0,1,0
1,0.22727853029359305,0.6204610826205278,0.3812612389068445,0,0,1,0,1,0,0,1,0,0,1,0,0,0,0,0,0,0,0,0,1,0,0,1,0,1,0
0,-1.2395040756535771,0.2880864095811775,-0.9493618415906967,1,1,0,0,1,0,1,1,0,0,0,0,0,0,0,0,0,0,0,0,0,0,0,1,1,0,0
0,0.5939741817803856,0.9860732229638132,0.9936302162710975,0,1,0,0,1,0,1,1,0,0,1,0,1,0,0,0,0,0,1,0,0,1,0,0,0,0,0
0,0.797693988161937,-1.4734993575273791,-0.5315567828270457,0,0,1,1,1,0,0,0,1,1,0,1,0,1,0,1,0,1,0,1,0,0,1,0,0,0,0
0,-0.9542963467194051,-0.1772381326739129,-0.768033563711224,0,1,0,0,1,0,1,0,0,0,0,0,0,0,0,0,0,0,0,0,1,0,0,0,0,0,1
0,-0.26164900502213034,0.853123353748073,0.012869238835409838,0,0,1,0,1,0,1,0,0,0,1,0,1,0,1,0,1,0,1,0,1,1,0,1,1,0,0
0,-0.9950403079957154,-0.44313787110539316,-0.8240644427640051,1,1,1,1,1,0,0,0,0,0,0,0,0,0,1,0,0,0,0,0,0,0,0,1,0,1,0
0,0.4717422979514547,0.18837400766937243,0.426703605382722,0,1,1,0,1,0,0,0,0,0,0,0,1,0,1,0,1,0,1,0,0,1,0,1,0,1,0
0,-1.1987601143772668,-1.1743621517919638,-0.9639210463839389,0,0,0,0,0,1,0,0,0,0,0,0,1,0,0,0,0,0,0,0,0,0,0,0,0,0,1
0,-1.2395040756535771,-0.6093252076250683,-0.9687741146483531,0,1,0,0,1,0,0,0,0,0,0,0,0,0,0,0,0,0,0,0,0,0,0,1,0,0,0
0,-0.9542963467194051,0.6869360172283978,-0.674501702615243,1,0,1,1,1,0,1,1,0,0,0,0,0,0,0,0,0,0,1,0,0,0,0,1,0,0,0
1,-1.2802480369298874,0.35456134418904756,-0.9740683709368049,1,1,0,0,1,0,1,1,0,0,0,0,0,0,0,0,0,0,0,0,0,0,0,1,0,1,0
0,-0.3023929662984406,0.32132387688511255,-0.14595844981814282,0,1,0,0,1,0,0,1,0,0,1,0,0,0,0,0,0,0,0,0,0,0,0,0,0,0,0
1,-1.2395040756535771,0.1551365403654374,-0.9396557050618685,0,0,1,0,1,0,0,1,0,0,0,0,0,0,0,0,0,0,0,0,0,0,0,1,0,1,0
0,0.4309983366751445,0.35456134418904756,0.4037618281327644,1,1,0,0,1,0,0,1,0,0,1,0,0,0,0,0,0,0,0,0,0,0,0,1,0,1,0
0,-1.2802480369298874,-1.4734993575273791,-0.9983337122588753,1,0,0,0,1,0,0,0,1,1,0,1,0,1,0,1,0,1,0,1,0,0,0,0,0,0,1
0,1.0421577558197987,0.9860732229638132,1.4679073421115671,0,0,1,0,1,0,1,1,0,0,0,0,1,0,1,0,0,0,0,0,1,1,0,1,0,1,0
0,1.082901717096109,0.3877988114929826,0.9865712078864951,0,0,1,1,1,0,1,0,0,0,1,0,0,0,1,0,1,0,1,0,0,0,1,1,0,0,1
0,0.4717422979514547,-0.3434254691935881,0.06934130591222856,0,1,0,0,0,1,0,0,0,0,1,0,0,0,1,0,0,0,1,0,1,1,0,1,0,1,0
0,1.368109446030281,1.3184478960031634,2.019392372158625,0,1,0,0,1,0,1,1,0,0,0,0,1,0,0,0,1,0,1,0,1,1,0,1,0,1,0
0,1.4495973685829016,-1.506736824831314,-0.3996415636397894,0,1,1,1,1,0,0,0,1,1,0,1,0,1,0,1,0,1,0,1,0,0,1,0,0,0,0
0,-0.9542963467194051,-1.340549488311639,-0.9233317481724755,0,1,0,0,0,1,0,0,0,0,0,0,0,0,0,0,0,0,0,0,0,0,0,1,0,1,0
0,-0.5468567339563023,0.6536985499244629,-0.27875604505347434,0,1,0,0,1,0,1,1,0,0,1,0,0,0,1,0,0,0,0,0,0,0,0,1,0,1,0
0,-1.1580161531009565,-1.506736824831314,-0.9727448068646919,0,1,0,0,1,0,0,0,1,1,0,1,0,1,0,1,0,1,0,1,0,0,0,0,0,0,1
0,1.5310852911355222,1.6175851017385787,2.4954342500952453,0,0,0,0,1,0,1,1,0,0,1,0,1,0,1,0,1,0,1,0,1,0,1,1,0,0,0
0,-1.2802480369298874,-0.6758001422329384,-0.9877451996819718,0,1,0,0,1,0,0,0,0,0,0,0,0,0,0,0,0,0,0,0,0,0,0,1,0,0,1
0,-0.9950403079957154,0.35456134418904756,-0.7530331708939441,0,0,0,0,1,0,1,1,0,0,0,0,0,0,0,0,0,0,0,0,0,0,0,1,0,1,0
0,0.8384379494382472,-1.340549488311639,-0.4428779899954787,0,1,0,0,1,0,1,0,1,1,0,1,0,1,0,1,0,1,0,1,0,0,1,0,0,0,1
1,0.7569500268856267,-1.3073120210077038,-0.45126056245219404,0,1,0,0,1,0,1,0,1,1,0,1,0,1,0,1,0,1,0,1,0,1,0,0,0,0,0
0,-0.8728084241667845,-1.4734993575273791,-0.8893602703215767,0,1,1,1,1,0,0,0,1,1,0,1,0,1,0,1,0,1,0,1,0,0,0,0,0,0,0
0,1.1236456783724194,1.5178726998267735,1.8985068535723102,0,1,1,1,1,0,1,1,0,0,1,0,0,0,1,0,1,0,1,0,1,0,1,1,0,1,0
0,-0.6283446565089229,-0.310188001889653,-0.5950878582884667,0,1,0,0,1,0,0,0,0,0,1,0,1,0,0,0,0,0,0,0,0,0,0,1,1,0,0
0,-1.1987601143772668,-0.7090376095368733,-0.9528913457829978,1,1,0,0,1,0,0,0,0,0,0,0,0,0,0,0,0,0,0,0,0,0,0,1,0,1,0
0,1.5310852911355222,1.4846352325228385,2.316753100359999,1,1,1,0,1,0,0,1,0,0,1,0,1,0,1,0,1,0,1,0,1,1,0,1,0,0,0
0,-1.2802480369298874,-1.506736824831314,-0.998774900282913,0,1,0,0,1,0,0,0,1,1,0,1,0,1,0,1,0,1,0,1,0,0,0,0,0,0,1
1,0.4309983366751445,0.6536985499244629,0.6009728748775923,0,1,0,0,1,0,1,1,0,0,0,0,0,0,0,0,0,0,1,0,0,0,0,1,0,1,0
0,-0.6690886177852331,-1.506736824831314,-0.8686244331918074,0,0,1,0,1,0,0,0,1,1,0,1,0,1,0,1,0,1,0,1,0,0,0,0,0,0,1
0,1.0014137945434884,-0.3766629364975231,0.3397895646473057,0,0,1,1,1,0,0,0,0,0,1,0,1,0,0,0,0,0,0,0,0,1,0,0,0,1,0
0,0.18653456901728277,-1.506736824831314,-0.7084731804661418,0,1,1,1,1,0,0,0,1,1,0,1,0,1,0,1,0,1,0,1,0,1,0,0,1,0,0
0,1.6125732136881425,1.5843476344346437,2.5069051387202244,0,0,1,0,1,0,1,1,0,0,1,0,1,0,1,0,1,0,1,0,1,0,1,0,1,0,0
1,-0.8728084241667845,0.6536985499244629,-0.6074411229615208,1,0,0,0,1,0,1,1,0,0,0,0,0,0,0,0,0,0,0,0,1,0,0,1,1,0,0
1,0.7162060656093164,1.0193106902677482,1.1493695887563866,1,0,1,0,1,0,1,1,0,0,0,0,1,0,1,0,0,0,1,0,0,0,0,1,0,1,0
1,-1.1172721918246462,-0.47637533840932816,-0.9025959110427062,1,1,0,0,1,0,0,0,0,0,0,0,0,0,1,0,0,0,0,0,0,0,0,0,0,1,0
0,-1.2802480369298874,0.32132387688511255,-0.9745095589608425,1,1,1,0,1,0,1,1,0,0,0,0,0,0,0,0,0,0,0,0,0,0,0,1,0,0,0
0,-0.6690886177852331,-1.506736824831314,-0.8562711685187533,1,1,0,0,1,0,0,0,1,1,0,1,0,1,0,1,0,1,0,1,0,0,0,1,0,0,1
1,-1.2395040756535771,0.32132387688511255,-0.9453911493743579,0,1,1,0,1,0,0,1,0,0,0,0,0,0,1,0,0,0,0,0,0,0,0,1,0,1,0
0,-0.6283446565089229,0.1551365403654374,-0.5183211421059163,0,0,0,0,1,0,1,0,0,0,0,0,0,0,1,0,1,0,1,0,0,0,0,1,0,0,1
0,-0.6690886177852331,-1.506736824831314,-0.8770070056485226,0,0,0,0,1,0,0,0,1,1,0,1,0,1,0,1,0,1,0,1,0,1,0,0,1,0,0
0,-0.7098325790615434,-0.1772381326739129,-0.6136177552980479,1,0,0,0,1,0,0,0,0,0,0,0,0,0,1,0,0,0,0,0,1,0,0,1,0,1,0
0,-0.9135523854430948,-1.506736824831314,-0.9198022439801744,0,0,0,0,1,0,0,0,1,1,0,1,0,1,0,1,0,1,0,1,0,1,0,1,0,0,1
0,0.5532302205040753,1.3516853633070984,1.120251179169902,1,0,0,1,1,0,0,1,0,0,1,0,1,0,0,0,1,0,1,0,1,1,0,1,0,0,0
0,1.2866215234776603,1.4846352325228385,1.9668909972981454,0,1,1,1,1,0,1,1,0,0,0,0,1,0,1,0,1,0,1,0,1,0,1,1,1,0,0
0,-1.2802480369298874,0.4875112134047877,-0.9723036188406543,0,0,0,0,1,0,1,1,0,0,0,0,1,0,0,0,0,0,0,0,0,0,0,1,0,0,1
0,-0.3023929662984406,-0.3766629364975231,-0.40934770016861766,0,1,1,1,1,0,0,0,0,0,0,0,1,0,1,0,0,0,0,0,0,1,0,0,0,0,1
0,1.5718292524118322,1.1854980267874233,2.1733669925477637,0,1,1,1,1,0,0,1,0,0,1,0,1,0,1,0,1,0,1,0,0,0,1,0,1,0,0
0,-0.9950403079957154,-0.6425626749290033,-0.8139171182111392,1,1,0,0,1,0,0,0,0,0,0,0,0,0,0,0,0,0,0,0,0,0,0,1,0,0,1
0,1.6125732136881425,1.4513977652189036,2.401461200975227,0,0,1,1,1,0,0,1,0,0,1,0,1,0,1,0,1,0,1,0,1,0,1,1,0,0,0
0,0.6754621043330061,-0.8087500114486784,-0.09389826298170055,0,0,1,0,0,1,0,0,0,0,1,0,0,0,0,0,0,0,1,0,0,0,0,0,0,0,0
0,-0.13941712119319946,-0.310188001889653,-0.28537386541403903,0,1,1,1,0,1,0,0,0,0,1,0,1,0,1,0,1,0,0,0,1,1,0,1,1,0,0
0,1.6125732136881425,1.3516853633070984,2.337488937489768,0,1,1,0,1,0,1,1,0,0,1,0,1,0,1,0,1,0,0,0,1,0,1,0,0,0,0
0,-0.05792919864057891,0.9528357556598781,0.32478917183002576,1,1,1,0,1,0,1,1,0,0,0,0,1,0,1,0,0,0,1,0,0,0,0,0,0,1,0
0,0.7162060656093164,1.0193106902677482,1.0792206929344008,0,0,0,0,1,0,1,1,0,0,0,0,0,0,0,0,0,0,1,0,1,0,0,1,0,1,0
0,1.5718292524118322,0.6204610826205278,1.6955603625149926,0,1,1,0,1,0,1,0,0,0,1,0,0,0,1,0,1,0,1,0,1,0,1,0,0,1,0
1,1.5310852911355222,0.853123353748073,1.7868862834907855,0,1,1,0,1,0,1,0,0,0,1,0,1,0,1,0,1,0,1,0,1,0,1,0,1,0,0
0,1.5718292524118322,1.0857856248756181,1.9430668440001124,0,1,0,0,1,0,1,1,0,0,1,0,0,0,0,0,1,0,0,0,1,1,0,0,1,0,0
0,1.1643896396487294,0.12189907306150236,0.8273023312089048,0,1,1,1,1,0,0,0,0,0,1,0,1,0,1,0,1,0,0,0,0,0,1,1,0,0,0
0,-0.01718523736426863,1.052548157571683,0.3971440077721997,1,1,0,0,1,0,0,1,0,0,0,0,0,0,0,0,1,0,1,0,1,0,0,1,0,1,0
0,-1.2802480369298874,0.4875112134047877,-0.9723036188406543,1,0,0,1,1,0,0,1,0,0,0,0,0,0,0,0,0,0,0,0,1,0,0,1,0,1,0
0,1.4495973685829016,1.2519729613952935,2.146895711105505,0,1,0,0,1,0,1,1,0,0,1,0,1,0,1,0,0,0,0,0,1,0,1,1,0,0,0
0,1.2051336009250397,-1.373786955615574,-0.3766997863898318,0,1,0,0,1,0,1,0,1,1,0,1,0,1,0,1,0,1,0,1,0,0,1,0,0,0,0
0,-1.0357842692720256,0.22161147497330744,-0.7989167253938593,0,0,0,1,1,0,0,1,0,0,0,0,0,0,0,0,0,0,0,0,0,0,0,1,0,1,0
0,-0.506112772679992,0.6869360172283978,-0.2421374390583497,1,1,0,0,1,0,1,1,0,0,0,0,0,0,0,0,0,0,1,0,0,0,0,1,0,1,0
0,-1.076528230548336,-1.506736824831314,-0.9573032260233743,0,1,1,1,1,0,0,0,1,1,0,1,0,1,0,1,0,1,0,1,0,1,0,0,0,0,1
1,0.02355872391204165,-0.1772381326739129,-0.17595923545270276,0,0,0,0,0,1,0,0,0,0,1,0,1,0,1,0,0,0,1,0,1,0,0,1,0,0,0
0,-0.18016108246950976,0.919598288355943,0.12581337298904727,0,1,1,1,1,0,1,1,0,0,0,0,0,0,0,0,0,0,1,0,1,1,0,0,0,0,0
0,-0.22090504374582004,-1.506736824831314,-0.7997991014419346,0,1,0,0,1,0,0,0,1,1,0,1,0,1,0,1,0,1,0,1,0,0,1,0,1,0,0
0,-1.0357842692720256,-0.7090376095368733,-0.8845072020571626,0,1,0,0,1,0,0,0,0,0,0,0,0,0,0,0,0,0,0,0,0,0,0,0,0,0,1
0,-0.26164900502213034,0.5207486807087227,-0.08595687854902292,1,1,0,0,1,0,1,1,0,0,0,0,0,0,0,0,1,0,0,0,0,0,0,1,0,1,0
1,-1.1172721918246462,0.819885886444138,-0.7856810846727299,1,1,0,0,1,0,1,1,0,0,0,0,1,0,0,0,0,0,0,0,1,0,0,1,0,1,0
1,-0.09867315991688919,0.853123353748073,0.13772544963806374,0,1,0,0,1,0,1,1,0,0,1,0,0,0,0,0,0,0,0,0,1,0,0,1,1,0,0
0,1.24587756220135,0.853123353748073,1.5627627672796611,0,1,0,0,1,0,1,1,0,0,0,0,1,0,0,0,0,0,0,0,1,1,0,0,1,0,0
0,-1.2802480369298874,-0.47637533840932816,-0.985098071537746,1,1,0,0,1,0,0,0,0,0,0,0,1,0,0,0,0,0,0,0,0,0,0,1,0,1,0
0,0.8384379494382472,0.6536985499244629,0.9556880462038599,0,0,0,1,1,0,1,0,0,0,0,0,1,0,1,0,1,0,1,0,1,1,0,1,0,1,0
0,-0.7505765403378537,0.819885886444138,-0.47420233970215164,1,0,1,1,1,0,0,1,0,0,0,0,1,0,0,0,1,0,0,0,1,0,0,1,1,0,0
0,-0.46536881140368175,1.1522605594834883,-0.14419369772199223,0,0,0,0,1,0,0,1,0,0,0,0,1,0,0,0,1,0,1,0,1,0,0,1,0,0,0
0,-0.6283446565089229,-1.506736824831314,-0.870389185287958,0,1,0,0,1,0,0,0,1,1,0,1,0,1,0,1,0,1,0,1,0,1,0,0,0,0,1
0,-0.6690886177852331,-1.4734993575273791,-0.8792129457687109,0,1,1,1,1,0,0,0,1,1,0,1,0,1,0,1,0,1,0,1,0,0,1,0,0,0,1
0,0.10504664646466222,-0.07752573076210782,-0.08242737435672175,0,0,0,0,1,0,0,0,0,0,0,0,0,0,1,0,0,0,0,0,1,0,0,1,0,1,0
1,-0.01718523736426863,0.4875112134047877,0.16860861132069896,0,0,0,0,1,0,0,1,0,0,0,0,0,0,0,0,0,0,0,0,1,0,0,1,0,1,0
0,-0.18016108246950976,-1.506736824831314,-0.7675923756871864,0,0,1,1,1,0,0,0,1,1,0,1,0,1,0,1,0,1,0,1,0,0,0,1,0,0,0
0,-1.2802480369298874,-1.4734993575273791,-0.9983337122588753,0,0,0,0,1,0,0,0,1,1,0,1,0,1,0,1,0,1,0,1,0,0,0,1,0,0,1
0,1.082901717096109,-0.44313787110539316,0.3186125394934987,0,1,0,0,0,1,0,0,0,0,0,0,0,0,0,0,1,0,1,0,1,0,0,1,0,1,0
0,1.6125732136881425,-1.373786955615574,-0.29110930972652843,0,0,1,1,1,0,1,0,1,1,0,1,0,1,0,1,0,1,0,1,0,1,0,1,0,0,0
0,0.1457906077409725,0.022186671149697273,0.09493021130641205,1,1,0,0,1,0,0,0,0,0,0,0,1,0,0,0,1,0,0,0,1,1,0,1,0,0,1
0,0.3087664528462136,0.022186671149697273,0.1337547574217249,0,0,0,0,1,0,0,0,0,0,1,0,1,0,0,0,0,0,1,0,0,0,0,0,0,0,1
0,0.3087664528462136,0.5539861480126578,0.4452335023923032,0,1,1,1,1,0,1,1,0,0,0,0,0,0,1,0,0,0,0,0,0,0,0,1,0,1,0
0,-0.9542963467194051,0.2548489422772425,-0.7199440690911206,1,0,0,1,1,0,0,0,0,0,0,0,0,0,1,0,1,0,1,0,1,0,0,1,0,0,1
0,1.24587756220135,0.32132387688511255,1.0549553516123302,0,1,1,1,1,0,0,0,0,0,1,0,1,0,1,0,1,0,1,0,0,0,1,0,1,0,0
0,-1.1987601143772668,0.5207486807087227,-0.9048018511628944,0,0,0,0,1,0,0,1,0,0,0,0,0,0,0,0,0,0,1,0,0,0,0,1,0,1,0
0,0.3087664528462136,-0.14400066536997788,0.07287081010452973,0,1,1,1,0,1,0,0,0,0,0,0,1,0,1,0,1,0,1,0,1,1,0,0,0,0,1
0,-0.9950403079957154,0.35456134418904756,-0.7168557529228571,0,1,1,0,1,0,0,1,0,0,1,0,0,0,0,0,0,0,0,0,0,0,0,1,0,0,1
1,0.06430268518835193,0.853123353748073,0.3728786664501292,0,1,1,0,1,0,0,1,0,0,1,0,0,0,0,0,1,0,1,0,0,1,0,0,0,0,1
0,-1.1172721918246462,-0.8087500114486784,-0.9087725433792332,1,1,0,0,0,1,0,0,0,0,1,0,0,0,1,0,1,0,0,0,0,0,0,0,0,0,1
1,-0.9542963467194051,1.1522605594834883,-0.6017056786490314,1,1,0,0,1,0,1,1,0,0,0,0,1,0,0,0,0,0,1,0,1,0,0,1,1,0,0
0,-0.9542963467194051,0.1551365403654374,-0.7190616930430453,0,1,1,0,1,0,1,0,0,0,0,0,1,0,1,0,0,0,0,0,1,0,0,1,1,0,0
0,-0.05792919864057891,-0.1772381326739129,-0.20198932887092388,0,1,1,1,1,0,1,0,0,0,0,0,0,0,0,0,0,0,0,0,1,0,0,0,0,0,0
0,0.7162060656093164,-1.506736824831314,-0.5911171660721279,0,0,1,0,1,0,0,0,1,1,0,1,0,1,0,1,0,1,0,1,0,1,0,1,0,0,0
0,-1.2395040756535771,0.7201734845323329,-0.9273024403888144,1,0,0,0,1,0,0,1,0,0,1,0,1,0,0,0,1,0,0,0,0,0,0,1,0,1,0
0,-1.2802480369298874,-0.6425626749290033,-0.9873040116579342,1,0,0,0,1,0,0,0,0,0,0,0,0,0,0,0,0,0,0,0,0,0,0,1,0,1,0
0,-0.9950403079957154,0.18837400766937243,-0.7640628714948853,1,1,0,0,1,0,0,1,0,0,0,0,0,0,0,0,0,0,0,0,0,0,0,1,0,0,1
0,-0.9542963467194051,-0.8087500114486784,-0.8487709721101133,0,0,0,0,0,1,0,0,0,0,0,0,1,0,0,0,0,0,0,0,1,0,0,0,0,1,0
1,-1.2395040756535771,0.18837400766937243,-0.956420849975299,1,0,0,0,1,0,0,1,0,0,0,0,0,0,0,0,0,0,0,0,0,0,0,1,0,0,0
0,-1.1987601143772668,-0.310188001889653,-0.9343614487734166,1,0,0,0,1,0,0,0,0,0,1,0,1,0,0,0,0,0,0,0,0,0,0,0,0,1,0
0,-0.3023929662984406,1.0193106902677482,0.024340127460388643,0,1,1,0,1,0,0,1,0,0,0,0,0,0,0,0,1,0,1,0,1,0,0,1,1,0,0
1,-1.2802480369298874,-0.6093252076250683,-0.9868628236338965,0,1,0,0,1,0,0,0,0,0,0,0,0,0,0,0,0,0,0,0,0,0,0,0,0,1,0
0,0.512486259227765,0.5539861480126578,0.5550893203776771,0,0,1,1,1,0,1,0,0,0,1,0,1,0,1,0,1,0,1,0,0,0,0,0,0,0,1
1,0.7569500268856267,0.6536985499244629,0.822008074920453,1,1,1,1,1,0,1,1,0,0,0,0,1,0,1,0,0,0,0,0,0,0,0,1,0,1,0
0,0.9199258719908678,-1.4734993575273791,-0.5275860906107068,0,0,1,1,1,0,0,0,1,1,0,1,0,1,0,1,0,1,0,1,0,0,0,0,1,0,0
0,0.22727853029359305,0.0554241384536323,0.10551872388331555,0,0,0,0,1,0,1,0,0,0,1,0,1,0,1,0,0,0,0,0,0,0,0,1,0,0,0
0,-1.2395040756535771,-0.6425626749290033,-0.9714212427925789,1,1,0,0,1,0,0,0,0,0,0,0,0,0,0,0,0,0,0,0,0,0,0,0,0,0,1
0,0.22727853029359305,-1.506736824831314,-0.6908256595046359,0,1,1,1,1,0,0,0,1,1,0,1,0,1,0,1,0,1,0,1,0,0,0,0,0,1,0
0,0.06430268518835193,-0.5096128057132632,-0.2421374390583497,0,1,0,0,1,0,0,0,0,0,0,0,1,0,0,0,0,0,0,0,0,0,0,1,0,1,0
0,1.5310852911355222,1.2187354940913584,2.111600669182493,0,0,1,0,1,0,1,1,0,0,0,0,0,0,1,0,0,0,1,0,1,1,0,1,0,1,0
0,-0.791320501614164,-0.310188001889653,-0.6797959589036948,0,0,0,0,1,0,0,0,0,0,1,0,0,0,0,0,1,0,0,0,0,1,0,0,0,0,1
0,0.2680224915699033,0.35456134418904756,0.3239067957819505,1,1,0,0,1,0,1,1,0,0,0,0,0,0,0,0,0,0,0,0,0,0,0,0,0,1,0
0,1.1643896396487294,1.2852104286992283,1.8265932056541738,0,0,0,0,1,0,1,1,0,0,0,0,1,0,1,0,0,0,1,0,1,1,0,1,0,1,0
0,-0.8320644628904743,1.1854980267874233,-0.49361461275980806,1,0,0,0,1,0,1,1,0,0,0,0,0,0,1,0,0,0,1,0,1,0,0,1,0,0,0
0,0.3495104141225239,1.1522605594834883,0.8546559886992389,0,1,0,0,1,0,0,1,0,0,0,0,1,0,0,0,1,0,1,0,1,0,1,1,1,0,0
0,-0.46536881140368175,0.2880864095811775,-0.31978653128897544,0,1,0,0,1,0,1,1,0,0,0,0,0,0,0,0,0,0,0,0,0,0,0,1,0,1,0
1,0.9199258719908678,-0.47637533840932816,0.20302127719563537,0,1,0,0,0,1,0,0,0,0,0,0,0,0,1,0,0,0,1,0,1,1,0,1,0,0,0
0,1.4903413298592119,-0.14400066536997788,0.7818599647330272,0,1,1,0,0,1,0,0,0,0,1,0,0,0,1,0,1,0,1,0,1,0,1,0,0,0,0
1,-0.26164900502213034,1.3516853633070984,0.18846207240239304,1,1,1,1,1,0,1,1,0,0,0,0,1,0,1,0,0,0,1,0,1,0,0,0,0,1,0
1,1.4903413298592119,0.7534109518362679,1.6642360128083198,0,0,1,0,1,0,0,1,0,0,1,0,1,0,0,0,0,0,0,0,1,1,0,0,1,0,0
1,-0.5876006952326126,-0.5428502730171982,-0.6497951732691348,1,0,1,0,0,1,0,0,0,0,0,0,0,0,1,0,0,0,1,0,1,0,0,1,0,1,0
0,0.5939741817803856,-0.3434254691935881,0.1125777322679179,0,1,1,1,1,0,1,0,0,0,0,0,1,0,0,0,0,0,0,0,0,0,0,0,0,1,0
0,1.6125732136881425,0.6869360172283978,1.6968839265871056,0,0,1,1,1,0,0,0,0,0,1,0,1,0,1,0,1,0,1,0,1,0,1,0,0,0,0
1,0.02355872391204165,-0.47637533840932816,-0.23507843067374737,0,1,1,0,0,1,0,0,0,0,0,0,1,0,1,0,1,0,1,0,0,0,0,1,0,1,0
0,-1.2395040756535771,-1.340549488311639,-0.9912747038742731,1,0,1,1,0,1,0,0,0,0,0,0,0,0,0,0,0,0,0,0,0,0,0,1,0,0,1
0,1.6125732136881425,0.853123353748073,1.927625263158795,0,0,1,1,1,0,1,0,0,0,1,0,1,0,1,0,1,0,1,0,1,0,1,0,1,0,0
1,0.18653456901728277,0.2548489422772425,0.12890168915731082,0,1,1,0,1,0,0,1,0,0,0,0,0,0,0,0,0,0,0,0,0,0,0,1,0,0,0
1,1.2051336009250397,1.052548157571683,1.6483532439429645,0,0,1,1,1,0,1,1,0,0,0,0,1,0,1,0,0,0,0,0,1,0,0,1,1,0,0
0,1.5718292524118322,-1.506736824831314,-0.39875918759171414,0,0,1,0,1,0,0,0,1,1,0,1,0,1,0,1,0,1,0,1,0,0,1,0,1,0,0
0,-0.38388088885106114,-0.310188001889653,-0.4406720498752905,0,1,0,1,1,0,0,0,0,0,0,0,1,0,0,0,1,0,0,0,0,0,0,1,0,0,0
0,-0.6690886177852331,-1.4734993575273791,-0.876565817624485,0,0,0,0,1,0,0,0,1,1,0,1,0,1,0,1,0,1,0,1,0,1,0,0,0,0,1
0,-0.9542963467194051,0.1551365403654374,-0.7190616930430453,0,1,0,0,1,0,0,0,0,0,1,0,0,0,1,0,1,0,1,0,0,0,0,1,0,0,1
0,-0.6283446565089229,-1.3073120210077038,-0.825388006836118,0,1,1,1,1,0,1,0,1,1,0,1,0,1,0,1,0,1,0,1,0,0,1,1,0,0,1
0,-1.1580161531009565,-1.4734993575273791,-0.9696564906964283,1,0,0,0,1,0,0,0,1,1,0,1,0,1,0,1,0,1,0,1,0,0,0,0,0,0,0
1,-1.2802480369298874,-0.5096128057132632,-0.9855392595617837,1,0,1,0,1,0,0,0,0,0,1,0,0,0,0,0,0,0,0,0,0,0,0,1,0,1,0
0,-0.3431369275747509,0.4875112134047877,-0.1565469623950463,0,0,1,0,1,0,1,1,0,0,0,0,0,0,1,0,0,0,0,0,0,0,0,1,0,0,1
1,-1.2802480369298874,0.22161147497330744,-0.9758331230329554,0,0,0,0,1,0,0,1,0,0,0,0,0,0,0,0,0,0,0,0,0,0,0,1,0,1,0
1,1.6125732136881425,1.6175851017385787,2.453962575835707,0,1,0,0,1,0,1,1,0,0,1,0,1,0,1,0,1,0,1,0,1,0,1,0,0,0,0
0,1.6125732136881425,-1.340549488311639,-0.23507843067374737,0,0,1,0,1,0,1,0,1,1,0,1,0,1,0,1,0,1,0,1,0,0,1,0,0,1,0
0,-0.8728084241667845,-1.506736824831314,-0.9118608595474967,0,0,0,1,1,0,0,0,1,1,0,1,0,1,0,1,0,1,0,1,0,0,0,0,1,0,0
0,-0.9542963467194051,-1.4734993575273791,-0.9286260044609272,1,1,0,0,1,0,0,0,1,1,0,1,0,1,0,1,0,1,0,1,0,0,0,0,0,0,1
1,-1.2395040756535771,-0.47637533840932816,-0.956420849975299,1,0,1,0,1,0,0,0,0,0,0,0,1,0,0,0,0,0,0,0,0,0,0,0,1,0,0
1,1.1236456783724194,1.1854980267874233,1.652765124183341,0,0,1,0,1,0,1,1,0,0,0,0,0,0,1,0,0,0,1,0,1,1,0,1,1,0,0
1,-0.13941712119319946,1.0193106902677482,0.20390365324371068,1,1,1,0,1,0,1,1,0,0,0,0,1,0,1,0,0,0,0,0,1,0,0,1,0,1,0
0,0.6754621043330061,0.32132387688511255,0.6345031647044534,0,0,0,0,1,0,0,0,0,0,0,0,0,0,1,0,1,0,1,0,1,0,1,1,0,0,0
1,-0.09867315991688919,1.3184478960031634,0.3697903502818657,0,0,0,0,1,0,1,1,0,0,0,0,1,0,1,0,0,0,1,0,1,0,0,1,0,1,0
0,0.8384379494382472,-1.506736824831314,-0.5703813289423585,0,0,1,0,1,0,0,0,1,1,0,1,0,1,0,1,0,1,0,1,0,1,0,0,1,0,0
0,0.2680224915699033,-1.3073120210077038,-0.5642046966058315,0,1,0,1,1,0,1,0,1,1,0,1,0,1,0,1,0,1,0,1,0,0,1,0,0,0,1
0,-0.9542963467194051,-1.506736824831314,-0.9378909529657179,0,0,0,0,1,0,0,0,1,1,0,1,0,1,0,1,0,1,0,1,0,0,0,0,0,0,1
0,0.2680224915699033,0.5539861480126578,0.413026776637555,0,1,0,0,1,0,0,1,0,0,0,0,0,0,1,0,1,0,0,0,0,1,0,0,0,1,0
1,-0.9950403079957154,0.1551365403654374,-0.7547979229900946,0,1,0,0,1,0,0,1,0,0,0,0,0,0,0,0,0,0,0,0,0,0,0,1,0,1,0
0,0.7569500268856267,0.853123353748073,1.0020127887278127,0,0,1,1,1,0,1,1,0,0,0,0,0,0,1,0,0,0,0,0,1,1,0,1,0,1,0
0,1.5718292524118322,-1.3073120210077038,-0.19228319234209568,0,1,1,1,1,0,1,0,1,1,0,1,0,1,0,1,0,1,0,1,0,0,1,0,1,0,0
1,1.5718292524118322,-1.340549488311639,-0.228019422289145,0,1,0,0,1,0,1,0,1,1,0,1,0,1,0,1,0,1,0,1,0,0,1,1,0,0,1
1,1.5310852911355222,-1.506736824831314,-0.36214058159658946,0,0,1,0,1,0,0,0,1,1,0,1,0,1,0,1,0,1,0,1,0,0,1,1,1,0,0
1,-1.2802480369298874,-1.3073120210077038,-0.9961277721386872,1,0,0,0,0,1,0,0,0,0,0,0,0,0,0,0,0,0,0,0,0,0,0,0,0,1,0
0,0.22727853029359305,-0.14400066536997788,-0.03963213602507006,0,1,1,0,0,1,0,0,0,0,1,0,1,0,0,0,1,0,1,0,1,0,1,1,0,0,0
0,-0.18016108246950976,0.819885886444138,0.06625298974396504,0,0,1,0,1,0,0,1,0,0,0,0,1,0,1,0,0,0,0,0,1,0,0,0,1,0,0
0,-0.01718523736426863,-1.506736824831314,-0.724355949331497,0,0,1,0,1,0,0,0,1,1,0,1,0,1,0,1,0,1,0,1,0,0,0,0,0,0,0
1,0.6754621043330061,-0.5096128057132632,0.05081140890264742,0,1,1,0,1,0,0,0,0,0,0,0,1,0,0,0,0,0,0,0,0,0,1,0,0,0,1
0,0.18653456901728277,-1.340549488311639,-0.6272945840432149,0,0,1,1,1,0,1,0,1,1,0,1,0,1,0,1,0,1,0,1,0,0,1,1,0,0,0
0,-0.9135523854430948,-0.3434254691935881,-0.7499448547256805,0,0,0,0,1,0,0,0,0,0,0,0,0,0,1,0,1,0,0,0,0,0,0,0,0,1,0
0,1.4088534073065913,1.4846352325228385,2.2276331195043944,0,1,1,0,1,0,1,1,0,0,1,0,1,0,1,0,0,0,1,0,1,1,0,0,1,0,0
0,-1.0357842692720256,-0.9749373479683536,-0.8973016547542544,0,1,0,0,0,1,0,0,0,0,0,0,0,0,1,0,1,0,0,0,0,1,0,1,1,0,0
0,0.7569500268856267,0.7534109518362679,0.9671589348288387,0,0,0,0,1,0,0,1,0,0,0,0,0,0,0,0,0,0,1,0,1,1,0,0,1,0,0
0,-0.9542963467194051,-0.6425626749290033,-0.8236232547399674,1,0,0,0,1,0,0,0,0,0,0,0,0,0,0,0,0,0,0,0,0,0,0,0,0,1,0
0,-0.9542963467194051,0.7866484191402029,-0.6595013097979631,0,0,0,0,1,0,0,1,0,0,0,0,0,0,0,0,0,0,1,0,1,0,0,1,0,0,1
0,-1.1580161531009565,-0.47637533840932816,-0.9180374918840237,0,1,0,0,1,0,0,0,0,0,0,0,0,0,0,0,1,0,0,0,0,0,0,1,0,0,1
0,1.5718292524118322,1.1522605594834883,2.0785115673796697,0,1,1,0,1,0,1,1,0,0,1,0,1,0,1,0,0,0,1,0,0,0,1,1,0,1,0
0,0.7162060656093164,0.6536985499244629,0.8087724341993237,1,0,1,1,1,0,1,1,0,0,0,0,0,0,0,0,0,0,1,0,0,0,0,1,0,0,0
1,-0.3431369275747509,1.052548157571683,-0.008748974342434827,0,0,1,1,1,0,0,1,0,0,0,0,0,0,1,0,0,0,1,0,1,0,1,1,0,1,0
0,-0.42462485012737144,-0.1772381326739129,-0.40096512771190235,0,1,1,0,1,0,0,0,0,0,1,0,0,0,0,0,0,0,1,0,0,1,0,1,0,0,0
0,0.4717422979514547,1.5511101671307086,1.161281665405403,0,1,0,0,1,0,1,1,0,0,1,0,1,0,1,0,0,0,1,0,1,0,0,1,0,1,0
0,0.02355872391204165,-1.340549488311639,-0.6374419085960807,0,0,1,1,1,0,1,0,1,1,0,1,0,1,0,1,0,1,0,1,0,0,0,0,0,0,0
0,-1.2802480369298874,0.35456134418904756,-0.9740683709368049,1,0,0,0,1,0,1,1,0,0,0,0,0,0,0,0,0,0,0,0,0,0,0,1,0,1,0
0,0.8791819107145575,0.18837400766937243,0.6318560365602275,1,0,1,0,1,0,1,0,0,0,0,0,0,0,0,0,0,0,1,0,1,1,0,1,1,0,0
0,0.3902543753988342,1.2187354940913584,0.8780389539732342,1,1,0,0,1,0,1,1,0,0,0,0,1,0,0,0,0,0,1,0,1,0,0,1,0,1,0
0,-1.2802480369298874,-0.6425626749290033,-0.9873040116579342,1,0,0,0,1,0,0,0,0,0,0,0,0,0,0,0,0,0,0,0,0,0,0,0,0,1,0
0,-1.2802480369298874,-1.4734993575273791,-0.9983337122588753,0,0,0,0,1,0,0,0,1,1,0,1,0,1,0,1,0,1,0,1,0,0,0,0,0,0,1
0,-0.09867315991688919,0.18837400766937243,-0.10536915160667935,0,1,0,0,1,0,0,0,0,0,1,0,1,0,0,0,1,0,1,0,0,1,0,0,0,1,0
0,-1.2802480369298874,-1.1411246844880287,-0.9939218320184989,0,0,0,0,0,1,0,0,0,0,0,0,0,0,0,0,1,0,0,0,0,0,0,0,0,0,1
0,-0.6690886177852331,0.6536985499244629,-0.39037661513499883,0,1,1,1,1,0,1,0,0,0,1,0,1,0,0,0,1,0,1,0,1,0,0,0,0,1,0
0,-1.2802480369298874,-1.4734993575273791,-0.9983337122588753,1,1,0,0,1,0,0,0,1,1,0,1,0,1,0,1,0,1,0,1,0,0,0,1,0,0,1
0,-0.9542963467194051,-0.8087500114486784,-0.8624478008552804,1,1,1,0,0,1,0,0,0,0,0,0,0,0,0,0,1,0,1,0,0,0,0,0,0,0,1
1,0.5532302205040753,1.2187354940913584,1.0576024797565562,1,1,1,0,1,0,1,1,0,0,0,0,0,0,1,0,0,0,1,0,1,0,0,1,0,1,0
0,-1.2802480369298874,0.1551365403654374,-0.9767154990810307,1,1,0,0,1,0,0,1,0,0,0,0,0,0,0,0,0,0,0,0,0,0,0,1,0,1,0
0,1.5718292524118322,-0.3434254691935881,0.6596508820745992,0,1,1,0,1,0,0,0,0,0,1,0,0,0,0,0,1,0,0,0,0,0,1,0,0,0,0
0,0.4309983366751445,0.35456134418904756,0.38743787124337153,0,1,0,0,1,0,1,1,0,0,0,0,0,0,0,0,0,0,0,0,0,0,0,1,1,0,0
0,0.7162060656093164,-0.6758001422329384,-0.0418380761452583,0,1,1,0,0,1,0,0,0,0,1,0,0,0,0,0,1,0,1,0,0,1,0,1,0,0,0
0,-0.791320501614164,0.35456134418904756,-0.5664106367260197,1,0,0,0,1,0,1,1,0,0,0,0,0,0,0,0,0,0,0,0,0,0,0,1,0,0,1
0,-0.5468567339563023,1.1854980267874233,-0.1741944833565522,1,1,1,1,1,0,0,1,0,0,0,0,1,0,0,0,1,0,1,0,1,1,0,0,0,0,0
0,0.3495104141225239,1.1190230921795532,0.7531827431705803,0,0,0,0,1,0,1,1,0,0,0,0,0,0,1,0,0,0,1,0,1,0,0,0,0,0,0
1,-1.2802480369298874,0.22161147497330744,-0.9758331230329554,1,0,0,0,1,0,0,1,0,0,0,0,0,0,0,0,0,0,0,0,0,0,0,1,0,1,0
0,-0.3431369275747509,-0.3434254691935881,-0.46008432293294693,1,0,0,0,0,1,0,0,0,0,0,0,1,0,1,0,0,0,1,0,1,0,0,1,1,0,0
0,0.3087664528462136,-0.044288263458172786,0.1553729705995696,0,0,1,0,1,0,1,0,0,0,0,0,1,0,0,0,0,0,1,0,0,1,0,0,0,0,0
0,-1.1987601143772668,0.1551365403654374,-0.9034782870907815,0,0,1,1,1,0,1,0,0,0,0,0,1,0,1,0,0,0,1,0,0,0,0,1,0,0,0
0,0.18653456901728277,-0.011050796154237758,0.02831081967672746,0,0,0,0,1,0,1,0,0,0,1,0,0,0,0,0,0,0,1,0,0,1,0,0,0,0,0
0,1.4088534073065913,1.4513977652189036,2.1499840272737685,1,0,1,1,1,0,1,1,0,0,1,0,0,0,1,0,1,0,1,0,1,0,1,1,1,0,0
0,-0.01718523736426863,1.1190230921795532,0.355672333512661,0,0,1,1,1,0,1,1,0,0,0,0,1,0,0,0,0,0,1,0,1,0,0,1,0,1,0
0,-1.076528230548336,-0.5096128057132632,-0.8880367062494638,1,0,1,0,1,0,0,0,0,0,0,0,0,0,0,0,1,0,0,0,0,0,0,1,0,1,0
0,-0.01718523736426863,0.819885886444138,0.2727289849935835,0,0,1,1,1,0,1,1,0,0,1,0,0,0,0,0,0,0,1,0,0,0,0,0,0,1,0
0,1.082901717096109,0.6204610826205278,1.176282058222683,0,0,0,0,1,0,1,1,0,0,0,0,1,0,1,0,0,0,0,0,0,0,0,1,0,1,0
0,-0.09867315991688919,0.18837400766937243,-0.03742619590488183,0,0,1,0,1,0,0,0,0,0,0,0,1,0,1,0,1,0,0,0,1,1,0,0,0,0,0
0,-0.506112772679992,-1.506736824831314,-0.8421531517495486,1,1,0,1,1,0,0,0,1,1,0,1,0,1,0,1,0,1,0,1,0,0,0,1,0,1,0
0,-0.22090504374582004,-1.340549488311639,-0.6714133864469795,0,0,1,1,1,0,1,0,1,1,0,1,0,1,0,1,0,1,0,1,0,0,1,0,0,1,0
1,-0.506112772679992,0.4875112134047877,-0.336551676202406,1,0,0,0,1,0,1,1,0,0,1,0,0,0,0,0,0,0,0,0,0,0,0,1,0,1,0
0,-0.9542963467194051,-1.4734993575273791,-0.9233317481724755,0,1,0,1,1,0,0,0,1,1,0,1,0,1,0,1,0,1,0,1,0,1,0,0,0,0,1
0,1.4495973685829016,0.2880864095811775,1.2706962953667393,0,0,1,1,1,0,1,0,0,0,1,0,1,0,1,0,0,0,1,0,0,1,0,1,1,0,0
0,1.4903413298592119,-0.11076319806604285,0.7836247168291779,0,0,1,1,1,0,1,0,0,0,1,0,0,0,0,0,1,0,0,0,0,0,1,0,1,0,0
0,-0.26164900502213034,0.6536985499244629,-0.0008075899097571948,0,1,0,0,1,0,1,1,0,0,0,0,0,0,1,0,1,0,0,0,0,0,0,1,0,0,1
0,1.4903413298592119,-1.506736824831314,-0.40890651214457996,0,1,1,1,1,0,0,0,1,1,0,1,0,1,0,1,0,1,0,1,0,0,1,0,0,0,0
0,-0.8728084241667845,-1.4734993575273791,-0.905243039186932,0,1,0,0,1,0,0,0,1,1,0,1,0,1,0,1,0,1,0,1,0,0,1,0,0,0,1
0,-1.2802480369298874,-0.47637533840932816,-0.985098071537746,0,1,0,0,1,0,1,0,0,0,0,0,0,0,0,0,0,0,0,0,0,0,0,0,0,0,1
0,-0.9135523854430948,-1.4734993575273791,-0.9003899709225179,0,1,1,1,1,0,0,0,1,1,0,1,0,1,0,1,0,1,0,1,0,1,0,0,0,0,1
0,0.9199258719908678,0.35456134418904756,0.8740682617568953,0,0,1,1,1,0,1,0,0,0,1,0,1,0,0,0,1,0,0,0,1,1,0,1,0,0,0
0,0.4717422979514547,0.022186671149697273,0.2166981059408024,0,1,0,0,1,0,0,0,0,0,1,0,0,0,0,0,1,0,1,0,0,1,0,0,0,1,0
1,0.5532302205040753,0.5207486807087227,0.5833253539160864,1,1,1,0,1,0,0,1,0,0,0,0,0,0,0,0,0,0,0,0,1,0,0,1,0,1,0
0,1.4903413298592119,-0.1772381326739129,0.7880365970695543,0,1,1,1,1,0,0,0,0,0,1,0,1,0,1,0,0,0,0,0,0,0,1,1,0,0,0
1,-0.8728084241667845,0.45427374610085264,-0.6215591397307255,0,1,0,0,1,0,0,1,0,0,0,0,0,0,0,0,0,0,0,0,1,0,0,1,0,1,0
0,-0.8728084241667845,1.2519729613952935,-0.5019971852165234,1,0,1,0,1,0,1,1,0,0,0,0,1,0,0,0,0,0,1,0,1,0,0,1,0,1,0
0,-0.13941712119319946,-0.5428502730171982,-0.4234657169378223,0,1,0,0,1,0,0,0,0,0,0,0,0,0,1,0,0,0,0,0,0,0,0,0,0,0,0
0,1.0014137945434884,1.1522605594834883,1.4180530953953132,0,0,1,0,1,0,1,1,0,0,1,0,0,0,0,0,0,0,1,0,1,0,0,1,0,1,0
0,-0.18016108246950976,-1.539974292135249,-0.7715630679035252,0,1,0,0,1,0,0,0,1,1,0,1,0,1,0,1,0,1,0,1,0,1,0,0,1,0,0
0,0.3902543753988342,-0.3434254691935881,0.07595912627279325,0,0,0,0,1,0,0,0,0,0,1,0,0,0,1,0,0,0,0,0,0,0,0,0,1,0,0
0,-1.2395040756535771,-1.4734993575273791,-0.9903923278261978,1,0,0,0,1,0,0,0,1,1,0,1,0,1,0,1,0,1,0,1,0,0,0,0,0,0,1
0,-0.38388088885106114,-0.8087500114486784,-0.5893524139759773,0,1,0,1,0,1,0,0,0,0,1,0,1,0,0,0,1,0,0,0,0,1,0,0,0,0,0
0,-0.5876006952326126,-1.4734993575273791,-0.8496533481581886,0,0,1,1,1,0,0,0,1,1,0,1,0,1,0,1,0,1,0,1,0,0,0,0,0,0,1
0,1.2051336009250397,-1.340549488311639,-0.3559639492600624,0,1,1,1,1,0,1,0,1,1,0,1,0,1,0,1,0,1,0,1,0,1,0,0,0,0,0
0,-1.2802480369298874,0.18837400766937243,-0.976274311056993,1,0,0,0,1,0,0,1,0,0,0,0,0,0,0,0,0,0,0,0,0,0,0,1,0,0,1
0,-0.6690886177852331,0.819885886444138,-0.3683172139331165,1,1,0,0,1,0,1,1,0,0,0,0,0,0,0,0,1,0,0,0,1,0,0,1,1,0,0
0,-1.1987601143772668,1.052548157571683,-0.8787717577446732,1,0,0,0,1,0,1,1,0,0,0,0,0,0,0,0,0,0,1,0,1,0,0,1,0,1,0
0,1.4088534073065913,0.7866484191402029,1.5971754331545975,0,1,0,0,1,0,1,0,0,0,1,0,1,0,1,0,1,0,1,0,1,1,0,1,0,0,0
0,1.2051336009250397,-1.4734993575273791,-0.47729065587041514,0,1,0,0,1,0,0,0,1,1,0,1,0,1,0,1,0,1,0,1,0,0,1,1,1,0,0
0,1.0014137945434884,1.3184478960031634,1.6051168175872752,1,0,1,0,1,0,1,1,0,0,0,0,1,0,1,0,0,0,1,0,1,0,0,1,1,0,0
0,-1.2395040756535771,0.1551365403654374,-0.9427440212301319,0,1,0,0,1,0,0,1,0,0,0,0,0,0,0,0,0,0,0,0,0,0,0,1,0,1,0
0,-0.38388088885106114,0.42103627879691763,-0.23110773845740853,0,0,1,1,1,0,1,0,0,0,1,0,0,0,1,0,1,0,1,0,0,0,1,1,0,0,0
0,-0.3023929662984406,-0.9749373479683536,-0.6347947804518549,0,0,0,1,0,1,0,0,0,0,1,0,0,0,0,0,1,0,0,0,0,0,1,0,0,0,0
1,1.6125732136881425,1.4513977652189036,2.422638226129034,0,0,0,0,1,0,1,1,0,0,0,0,1,0,1,0,1,0,1,0,1,0,1,1,0,0,0
0,-1.2395040756535771,0.6536985499244629,-0.9480382775185837,0,0,1,0,1,0,1,1,0,0,0,0,0,0,0,0,0,0,1,0,0,0,0,1,0,1,0
0,-0.9950403079957154,-1.4734993575273791,-0.9453911493743579,0,0,0,0,1,0,0,0,1,1,0,1,0,1,0,1,0,1,0,1,0,1,0,1,0,0,0
0,-1.1172721918246462,-0.47637533840932816,-0.8973016547542544,1,0,0,0,1,0,1,0,0,0,0,0,0,0,0,0,0,0,0,0,0,0,0,1,0,0,1
0,0.10504664646466222,-0.5096128057132632,-0.256696643851592,0,1,0,0,0,1,0,0,0,0,0,0,0,0,1,0,0,0,1,0,1,0,0,0,0,1,0
0,-0.3431369275747509,-1.340549488311639,-0.7459741625093417,0,1,0,0,1,0,1,0,1,1,0,1,0,1,0,1,0,1,0,1,0,1,0,0,0,1,0
0,-1.2395040756535771,0.22161147497330744,-0.947597089494546,0,0,1,1,1,0,0,1,0,0,0,0,0,0,0,0,0,0,0,0,0,0,0,1,0,1,0
0,1.6125732136881425,1.3184478960031634,2.404108329119453,0,1,1,1,1,0,1,1,0,0,1,0,1,0,1,0,1,0,0,0,1,0,1,1,1,0,0
0,0.3495104141225239,1.3849228306110335,0.882009646189573,0,0,0,0,1,0,1,1,0,0,1,0,1,0,1,0,1,0,1,0,0,0,0,1,0,1,0
0,-1.1580161531009565,-0.5096128057132632,-0.9105372954753838,1,1,0,1,1,0,0,0,0,0,1,0,0,0,0,0,0,0,0,0,0,0,0,0,0,1,0
0,-0.26164900502213034,0.35456134418904756,-0.11684004023165816,0,1,0,0,1,0,0,1,0,0,0,0,1,0,0,0,0,0,0,0,0,1,0,0,0,0,0
0,-1.0357842692720256,0.9860732229638132,-0.712002684658443,1,1,0,0,1,0,0,1,0,0,0,0,1,0,0,0,0,0,1,0,1,0,0,1,0,1,0
0,-1.2802480369298874,0.12189907306150236,-0.9771566871050683,1,0,1,0,1,0,0,1,0,0,0,0,0,0,0,0,0,0,0,0,0,0,0,1,0,1,0
0,-1.1580161531009565,-0.21047559997784793,-0.9083313553551956,0,0,1,1,1,0,1,0,0,0,0,0,1,0,0,0,1,0,0,0,0,0,0,1,0,0,1
0,0.6347181430566958,0.45427374610085264,0.6565625659063358,0,1,0,0,1,0,0,0,0,0,0,0,1,0,1,0,1,0,1,0,1,0,1,0,1,0,0
1,-1.2395040756535771,0.9528357556598781,-0.9206846200282497,1,1,0,0,1,0,1,1,0,0,0,0,0,0,0,0,0,0,1,0,1,0,0,1,0,1,0
1,-0.8320644628904743,0.4875112134047877,-0.5911171660721279,0,0,1,0,1,0,0,0,0,0,1,0,0,0,1,0,1,0,1,0,1,1,0,1,0,1,0
0,1.1236456783724194,1.4846352325228385,1.892330221235783,0,1,1,0,1,0,1,1,0,0,1,0,0,0,1,0,1,0,1,0,1,0,0,1,0,0,0
0,0.9199258719908678,-0.1772381326739129,0.3936145035798986,0,1,0,0,1,0,0,0,0,0,1,0,0,0,1,0,1,0,0,0,0,0,1,1,0,1,0
0,-1.2802480369298874,-1.1743621517919638,-0.9943630200425365,0,1,0,0,0,1,0,0,0,0,0,0,0,0,0,0,1,0,0,0,0,0,0,0,0,0,1
0,-1.2802480369298874,-1.4734993575273791,-0.9983337122588753,0,1,0,0,1,0,0,0,1,1,0,1,0,1,0,1,0,1,0,1,0,0,0,0,0,0,1
0,-1.1580161531009565,0.3877988114929826,-0.8668596810956568,1,1,0,0,1,0,1,1,0,0,0,0,0,0,0,0,0,0,0,0,0,0,0,1,0,1,0
0,-1.2802480369298874,-1.340549488311639,-0.9965689601627248,1,1,0,0,0,1,0,0,0,0,0,0,0,0,0,0,0,0,0,0,0,0,0,1,0,0,1
0,0.3902543753988342,0.0554241384536323,0.21140384965235065,0,0,0,0,1,0,0,0,0,0,0,0,0,0,1,0,1,0,0,0,1,0,1,0,1,0,0
0,-1.2802480369298874,-0.5096128057132632,-0.9855392595617837,0,0,0,0,1,0,0,0,0,0,1,0,0,0,0,0,0,0,0,0,0,0,0,0,0,0,0
0,-1.0357842692720256,0.819885886444138,-0.7287678295718735,1,1,0,0,1,0,1,1,0,0,0,0,0,0,1,0,0,0,1,0,0,0,0,1,1,0,0
0,-1.1987601143772668,0.2880864095811775,-0.9048018511628944,0,1,0,0,1,0,0,1,0,0,0,0,0,0,1,0,0,0,0,0,0,0,0,1,1,0,0
0,1.6125732136881425,0.5872236153165927,1.6042344415391998,0,0,1,0,1,0,1,0,0,0,1,0,1,0,1,0,0,0,1,0,1,0,1,1,1,0,0
0,-0.7098325790615434,-0.5096128057132632,-0.6767076427354313,0,1,0,0,1,0,1,0,0,0,0,0,0,0,0,0,0,0,0,0,0,0,0,1,0,1,0
0,-1.1580161531009565,0.5207486807087227,-0.8717127493600709,1,1,1,0,1,0,0,1,0,0,0,0,0,0,0,0,0,0,1,0,0,0,0,1,0,1,0
0,-0.8728084241667845,-1.3073120210077038,-0.899066406850405,0,0,0,0,1,0,1,0,1,1,0,1,0,1,0,1,0,1,0,1,0,1,0,0,0,1,0
0,-1.1172721918246462,-1.3073120210077038,-0.9480382775185837,0,0,0,0,1,0,1,0,1,1,0,1,0,1,0,1,0,1,0,1,0,0,0,0,0,0,1
1,-1.2802480369298874,-0.310188001889653,-0.9828921314175577,1,0,0,0,1,0,0,0,0,0,1,0,0,0,1,0,0,0,0,0,0,0,0,1,0,1,0
0,1.6125732136881425,1.5178726998267735,2.628231845330577,0,1,1,0,1,0,1,1,0,0,1,0,0,0,1,0,1,0,1,0,1,0,1,1,1,0,0
0,0.9199258719908678,0.42103627879691763,0.8749506378049706,0,0,1,0,1,0,1,1,0,0,0,0,1,0,0,0,0,0,0,0,0,0,0,1,1,0,0
0,0.3087664528462136,-1.2740745537037688,-0.5319979708510832,0,0,1,1,1,0,1,0,1,1,0,1,0,1,0,1,0,1,0,1,0,0,0,1,0,1,0
0,1.0014137945434884,-1.506736824831314,-0.5152328259376527,0,0,1,0,1,0,0,0,1,1,0,1,0,1,0,1,0,1,0,1,0,0,1,0,0,0,0
0,-1.2802480369298874,0.4875112134047877,-0.9723036188406543,1,1,0,0,1,0,0,1,0,0,0,0,0,0,0,0,0,0,1,0,0,0,0,1,0,1,0
0,-1.2802480369298874,1.0193106902677482,-0.9652446104560519,1,1,1,0,1,0,0,1,0,0,1,0,0,0,0,0,0,0,1,0,1,0,0,1,0,1,0
0,-1.2802480369298874,-1.3073120210077038,-0.9961277721386872,1,0,0,0,0,1,0,0,0,0,0,0,0,0,0,0,0,0,0,0,0,0,0,0,0,0,1
1,0.797693988161937,0.5207486807087227,0.7924484773099307,0,1,1,1,1,0,1,0,0,0,0,0,1,0,1,0,0,0,1,0,1,1,0,1,0,1,0
1,0.3495104141225239,1.1190230921795532,0.8400967839059966,1,1,0,0,1,0,1,1,0,0,0,0,0,0,1,0,0,0,1,0,1,0,0,1,0,1,0
0,0.4309983366751445,-0.276950534585718,0.047723092734383896,0,1,1,0,1,0,0,0,0,0,0,0,0,0,0,0,0,0,1,0,0,1,0,1,0,0,1
0,0.5939741817803856,-1.506736824831314,-0.6145001313461231,0,0,1,1,1,0,0,0,1,1,0,1,0,1,0,1,0,1,0,1,0,0,1,0,0,0,0
0,-1.1987601143772668,-0.47637533840932816,-0.9467147134464707,0,1,0,0,1,0,1,0,0,0,0,0,0,0,0,0,0,0,0,0,0,0,0,0,0,0,0
1,1.368109446030281,0.4875112134047877,1.2667256031504006,1,1,1,1,1,0,1,0,0,0,1,0,1,0,1,0,1,0,1,0,0,0,1,0,1,0,0
0,0.9199258719908678,-0.310188001889653,0.36890797423379035,0,1,1,1,1,0,0,0,0,0,0,0,0,0,1,0,1,0,0,0,0,0,1,1,1,0,0
0,-0.13941712119319946,-1.506736824831314,-0.7737690080237134,0,1,0,0,1,0,0,0,1,1,0,1,0,1,0,1,0,1,0,1,0,1,0,0,0,0,1
0,-0.8320644628904743,0.6536985499244629,-0.580969841519262,0,0,0,1,1,0,1,1,0,0,0,0,0,0,0,0,0,0,1,0,0,0,0,1,0,1,0
0,1.368109446030281,1.3516853633070984,2.052922661985486,0,0,1,0,1,0,1,1,0,0,0,0,1,0,1,0,0,0,1,0,1,0,0,1,0,1,0
1,0.10504664646466222,1.2187354940913584,0.535235859295983,1,1,0,0,1,0,1,1,0,0,0,0,0,0,1,0,0,0,1,0,1,0,0,1,0,1,0
1,-0.9135523854430948,0.819885886444138,-0.6039116187692196,1,1,1,0,1,0,1,1,0,0,0,0,0,0,1,0,0,0,0,0,1,0,0,1,0,1,0
0,-0.22090504374582004,0.35456134418904756,-0.15610577437100867,0,1,1,1,1,0,1,1,0,0,0,0,0,0,0,0,0,0,0,0,0,0,0,1,0,0,0
0,1.0421577558197987,1.0193106902677482,1.55923326308736,0,0,0,0,1,0,0,1,0,0,0,0,0,0,0,0,1,0,1,0,1,0,0,1,0,1,0
0,0.8791819107145575,1.4846352325228385,1.6885013541303904,1,1,1,0,1,0,0,1,0,0,1,0,1,0,1,0,1,0,1,0,1,0,1,0,0,0,0
0,-0.9542963467194051,-1.506736824831314,-0.9286260044609272,0,1,0,0,1,0,0,0,1,1,0,1,0,1,0,1,0,1,0,1,0,0,0,0,0,0,1
0,-1.2395040756535771,-1.506736824831314,-0.9948042080665742,1,1,0,0,1,0,0,0,1,1,0,1,0,1,0,1,0,1,0,1,0,1,0,0,1,0,0
0,-1.076528230548336,0.1551365403654374,-0.8152406822832522,0,1,0,0,1,0,0,1,0,0,0,0,0,0,0,0,0,0,0,0,0,0,0,1,0,1,0
1,-0.26164900502213034,0.8863608210520081,0.03007557177287804,1,0,0,0,1,0,0,1,0,0,0,0,0,0,0,0,0,0,1,0,1,0,0,1,0,1,0
0,-0.9542963467194051,-1.4734993575273791,-0.9250965002686261,0,0,0,0,1,0,0,0,1,1,0,1,0,1,0,1,0,1,0,1,0,0,0,0,0,0,1
0,-0.9950403079957154,-0.3434254691935881,-0.8108288020428758,0,1,1,0,1,0,0,0,0,0,0,0,1,0,1,0,0,0,0,0,0,0,0,1,0,0,1
0,-0.8320644628904743,0.5539861480126578,-0.6047939948172949,0,1,0,0,1,0,0,1,0,0,0,0,0,0,0,0,0,0,1,0,0,0,0,1,0,1,0
0,-0.7098325790615434,-0.5096128057132632,-0.7075908044180665,1,0,0,0,1,0,1,0,0,0,0,0,0,0,0,0,0,0,0,0,0,0,0,1,0,1,0
0,0.4309983366751445,0.5207486807087227,0.5727368413391829,0,1,1,0,1,0,1,0,0,0,1,0,0,0,1,0,0,0,1,0,1,1,0,1,0,1,0
0,0.3902543753988342,1.1854980267874233,0.8555383647473142,0,1,0,0,1,0,1,1,0,0,0,0,0,0,0,0,1,0,1,0,1,0,0,1,0,1,0
0,-0.05792919864057891,0.022186671149697273,-0.12742855280856166,1,0,0,0,1,0,1,0,0,0,1,0,0,0,1,0,1,0,0,0,0,0,0,0,1,0,0
0,1.368109446030281,0.853123353748073,1.609087509803614,0,0,0,1,1,0,1,1,0,0,1,0,0,0,1,0,1,0,0,0,0,0,1,1,1,0,0
1,-0.5876006952326126,0.6869360172283978,-0.3431694965629707,1,0,0,0,1,0,1,1,0,0,0,0,1,0,0,0,1,0,0,0,0,0,0,1,0,1,0
0,-1.2802480369298874,-1.4734993575273791,-0.9983337122588753,0,1,0,0,1,0,0,0,1,1,0,1,0,1,0,1,0,1,0,1,0,0,0,0,0,0,1
0,1.1643896396487294,0.9860732229638132,1.4802606067846213,1,1,1,0,1,0,1,1,0,0,0,0,1,0,0,0,1,0,1,0,0,0,1,1,0,1,0
0,-0.9135523854430948,0.4875112134047877,-0.6555306175816242,0,1,0,0,1,0,1,1,0,0,0,0,1,0,0,0,0,0,0,0,0,0,0,0,0,1,0
1,-1.2802480369298874,0.22161147497330744,-0.9758331230329554,1,1,0,0,1,0,0,1,0,0,0,0,0,0,0,0,0,0,0,0,0,0,0,1,0,1,0
1,-0.5876006952326126,0.2880864095811775,-0.40758294807246703,0,0,0,0,1,0,0,1,0,0,0,0,1,0,0,0,0,0,0,0,0,0,0,1,0,1,0
0,-0.3431369275747509,1.3184478960031634,0.11434248436406848,1,1,1,0,1,0,1,1,0,0,0,0,1,0,1,0,0,0,1,0,1,0,0,1,0,1,0
0,-1.1987601143772668,-1.506736824831314,-0.9833333194415954,0,0,1,1,1,0,0,0,1,1,0,1,0,1,0,1,0,1,0,1,0,0,0,0,0,0,1
0,0.7162060656093164,-1.4734993575273791,-0.5708225169663962,0,1,0,0,1,0,0,0,1,1,0,1,0,1,0,1,0,1,0,1,0,1,0,0,1,0,0
0,-1.2802480369298874,-0.6758001422329384,-0.9877451996819718,0,1,1,1,1,0,0,0,0,0,0,0,0,0,0,0,0,0,0,0,0,0,0,0,0,1,0
0,-1.2395040756535771,-0.3434254691935881,-0.9687741146483531,0,1,0,0,1,0,0,0,0,0,1,0,0,0,0,0,1,0,0,0,0,0,0,1,0,0,1
0,-0.6283446565089229,-1.506736824831314,-0.8523004763024145,0,1,0,0,1,0,0,0,1,1,0,1,0,1,0,1,0,1,0,1,0,1,0,1,0,0,0
0,1.4903413298592119,1.3516853633070984,2.2121915386630766,0,1,1,1,1,0,1,1,0,0,0,0,1,0,1,0,0,0,1,0,1,0,1,1,0,1,0
0,1.6125732136881425,0.7866484191402029,1.7727682667215807,0,1,1,0,1,0,1,0,0,0,1,0,1,0,1,0,1,0,1,0,1,0,1,1,1,0,0
0,-1.1987601143772668,0.32132387688511255,-0.9145079876917226,1,0,0,0,1,0,1,1,0,0,0,0,0,0,0,0,0,0,0,0,0,0,0,1,0,1,0
1,0.7162060656093164,0.35456134418904756,0.6790631551322557,0,1,1,1,1,0,1,0,0,0,1,0,1,0,1,0,0,0,0,0,1,0,1,1,0,0,0
0,0.8384379494382472,-1.4734993575273791,-0.544792423548175,0,0,0,0,1,0,0,0,1,1,0,1,0,1,0,1,0,1,0,1,0,0,1,0,0,0,1
0,1.0421577558197987,1.4846352325228385,1.8133575649330445,0,0,1,0,1,0,1,1,0,0,1,0,1,0,0,0,1,0,1,0,1,0,1,1,1,0,0
0,0.5532302205040753,-1.1411246844880287,-0.350228504947573,0,1,0,0,0,1,0,0,0,0,1,0,0,0,0,0,0,0,0,0,0,1,0,1,0,0,0
1,1.6125732136881425,1.5843476344346437,2.5492591890278384,0,1,1,0,1,0,1,1,0,0,1,0,1,0,1,0,1,0,1,0,1,0,0,1,1,0,0
1,-1.2802480369298874,0.32132387688511255,-0.9745095589608425,1,0,0,0,1,0,1,1,0,0,0,0,0,0,0,0,0,0,0,0,0,0,0,1,0,1,0
0,-1.076528230548336,0.9860732229638132,-0.7786220762881275,0,0,1,1,1,0,1,1,0,0,0,0,1,0,1,0,0,0,1,0,0,0,0,1,0,0,1
0,1.6125732136881425,0.45427374610085264,1.535409109789327,0,1,1,0,1,0,1,0,0,0,1,0,1,0,1,0,1,0,0,0,1,0,1,0,0,0,0
0,-1.1580161531009565,-0.310188001889653,-0.9021547230186685,0,1,0,0,1,0,0,0,0,0,0,0,0,0,0,0,0,0,0,0,1,0,0,1,0,0,1
0,0.797693988161937,-1.506736824831314,-0.552292619956815,0,0,1,1,1,0,0,0,1,1,0,1,0,1,0,1,0,1,0,1,0,0,1,0,0,0,1
0,-1.2395040756535771,-1.4734993575273791,-0.9921570799223484,0,0,0,0,1,0,0,0,1,1,0,1,0,1,0,1,0,1,0,1,0,1,0,0,0,0,1
0,1.3273654847539706,-1.506736824831314,-0.4252304690339729,0,0,1,0,1,0,0,0,1,1,0,1,0,1,0,1,0,1,0,1,0,0,1,0,0,0,0
1,0.4309983366751445,1.2187354940913584,0.9287755767375635,1,1,1,0,1,0,1,1,0,0,0,0,1,0,0,0,0,0,1,0,1,0,0,1,0,1,0
0,-1.1580161531009565,1.1854980267874233,-0.8218585026438169,1,1,1,0,1,0,1,1,0,0,0,0,1,0,0,0,0,0,1,0,1,0,0,1,0,1,0
1,-0.3023929662984406,0.819885886444138,-0.046691144409672404,1,1,1,0,1,0,1,1,0,0,1,0,0,0,0,0,0,0,0,0,1,1,0,1,0,1,0
0,0.7569500268856267,0.45427374610085264,0.7355352222090744,0,0,1,0,1,0,1,0,0,0,0,0,1,0,0,0,1,0,1,0,1,1,0,1,1,0,0
0,-0.8320644628904743,0.32132387688511255,-0.6422949768604949,0,1,0,0,1,0,1,0,0,0,0,0,0,0,1,0,0,0,1,0,1,0,0,0,0,0,0
0,1.0014137945434884,0.18837400766937243,0.7192112653196815,1,0,1,1,1,0,0,0,0,0,1,0,0,0,0,0,0,0,1,0,1,1,0,1,0,0,0
0,-0.3431369275747509,-1.506736824831314,-0.7720042559275628,0,0,1,1,1,0,0,0,1,1,0,1,0,1,0,1,0,1,0,1,0,1,0,0,0,0,1
0,1.2866215234776603,-0.21047559997784793,0.6499447455457711,0,0,1,0,1,0,1,0,0,0,0,0,0,0,1,0,1,0,0,0,0,1,0,0,0,0,0
0,-1.1580161531009565,1.3516853633070984,-0.8117111780909511,1,0,0,0,1,0,0,1,0,0,0,0,1,0,1,0,1,0,1,0,1,1,0,1,0,1,0
0,-0.26164900502213034,1.1854980267874233,0.1394902017342143,0,0,0,0,1,0,1,1,0,0,0,0,0,0,1,0,0,0,1,0,1,0,0,1,0,0,0
0,-0.7098325790615434,-1.4734993575273791,-0.8818600739129367,0,0,1,1,1,0,0,0,1,1,0,1,0,1,0,1,0,1,0,1,0,0,0,0,0,0,1
1,1.2866215234776603,-1.3073120210077038,-0.23949031091412382,0,1,1,0,1,0,1,0,1,1,0,1,0,1,0,1,0,1,0,1,0,0,1,0,1,0,0
1,0.1457906077409725,1.052548157571683,0.5087645778537242,1,1,1,0,1,0,1,1,0,0,0,0,1,0,0,0,0,0,1,0,1,0,0,1,0,1,0
0,-0.22090504374582004,1.0193106902677482,0.07904744244105678,0,0,1,0,1,0,1,1,0,0,0,0,0,0,0,0,0,0,1,0,1,0,0,0,1,0,0
1,-1.2802480369298874,0.18837400766937243,-0.976274311056993,1,1,1,0,1,0,0,1,0,0,0,0,0,0,0,0,0,0,0,0,0,0,0,0,0,0,1
0,0.10504664646466222,0.6869360172283978,0.36493728201745157,1,0,0,0,1,0,1,0,0,0,1,0,0,0,1,0,1,0,1,0,1,1,0,1,1,0,0
0,-1.1580161531009565,0.2880864095811775,-0.8836248260090873,1,1,0,0,1,0,0,1,0,0,0,0,0,0,1,0,0,0,0,0,0,0,0,1,0,1,0
0,-0.9950403079957154,-0.6425626749290033,-0.8258291948601557,0,0,1,1,1,0,0,0,0,0,0,0,0,0,0,0,0,0,0,0,0,0,0,1,0,1,0
0,-0.9135523854430948,-1.4734993575273791,-0.9198022439801744,0,1,0,0,1,0,0,0,1,1,0,1,0,1,0,1,0,1,0,1,0,0,0,1,1,0,0
0,-1.2395040756535771,-0.5096128057132632,-0.9617151062637508,0,0,0,0,1,0,0,0,0,0,0,0,1,0,0,0,0,0,0,0,0,0,0,0,0,0,1
0,1.0421577558197987,1.4846352325228385,1.7035017469476703,1,0,1,0,1,0,1,1,0,0,1,0,1,0,1,0,0,0,1,0,1,0,1,1,0,0,0
0,0.7569500268856267,0.6204610826205278,0.7968603575503073,0,1,1,0,1,0,0,0,0,0,1,0,1,0,1,0,1,0,1,0,1,0,1,1,1,0,0
0,0.5532302205040753,-1.506736824831314,-0.6259710199711019,0,0,1,1,1,0,0,0,1,1,0,1,0,1,0,1,0,1,0,1,0,0,1,1,0,0,1
0,-1.2802480369298874,-1.506736824831314,-0.998774900282913,0,1,0,0,1,0,0,0,1,1,0,1,0,1,0,1,0,1,0,1,0,0,0,1,0,0,0
0,0.5532302205040753,0.2548489422772425,0.42626241735868436,0,1,0,0,1,0,1,1,0,0,0,0,0,0,0,0,0,0,0,0,0,0,0,0,0,0,0
0,0.7162060656093164,1.4846352325228385,1.3774637971838497,0,0,1,0,1,0,1,1,0,0,1,0,1,0,0,0,1,0,1,0,1,0,0,1,0,0,0
0,0.8384379494382472,0.022186671149697273,0.47655785209897605,0,1,1,1,1,0,0,0,0,0,0,0,1,0,0,0,1,0,1,0,0,0,0,0,1,0,0
0,1.1643896396487294,1.6508225690425138,2.139395514696865,0,1,1,0,1,0,1,1,0,0,0,0,1,0,1,0,1,0,1,0,1,0,0,1,0,1,0
0,-1.1172721918246462,-1.4734993575273791,-0.9661269865041272,0,1,0,0,1,0,0,0,1,1,0,1,0,1,0,1,0,1,0,1,0,0,0,0,0,0,0
0,0.5939741817803856,0.7201734845323329,0.8184785707281519,0,1,0,0,1,0,0,0,0,0,1,0,1,0,1,0,1,0,1,0,1,1,0,1,0,0,0
0,0.8791819107145575,0.9860732229638132,1.2521663983571583,0,0,0,0,1,0,1,1,0,0,0,0,1,0,1,0,0,0,1,0,0,1,0,1,0,0,0
0,-0.5468567339563023,-1.3073120210077038,-0.7574450511343205,0,1,0,1,0,1,0,0,0,0,0,0,0,0,0,0,0,0,0,0,0,0,0,1,1,0,0
0,-0.26164900502213034,1.3516853633070984,0.19066801252258128,0,0,0,1,1,0,0,1,0,0,0,0,1,0,1,0,1,0,1,0,1,0,1,1,0,1,0
0,1.5310852911355222,-1.3073120210077038,-0.22096041390454269,0,1,1,1,1,0,1,0,1,1,0,1,0,1,0,1,0,1,0,1,0,0,1,0,0,0,1
0,-0.6283446565089229,1.2519729613952935,-0.23860793486604853,0,1,1,0,1,0,1,1,0,0,0,0,1,0,1,0,0,0,1,0,1,0,0,1,0,1,0
0,-0.09867315991688919,1.1854980267874233,0.3089064029646705,1,0,0,0,1,0,1,1,0,0,0,0,1,0,0,0,0,0,1,0,1,0,0,1,0,1,0
0,-1.2802480369298874,-1.340549488311639,-0.9965689601627248,0,0,0,1,1,0,1,0,1,1,0,1,0,1,0,1,0,1,0,1,0,0,0,0,0,0,1
0,-0.5468567339563023,-1.3073120210077038,-0.7931812810813699,0,0,1,1,1,0,1,0,1,1,0,1,0,1,0,1,0,1,0,1,0,0,1,0,0,0,1
0,-0.26164900502213034,0.2880864095811775,-0.1666942869479122,0,0,1,0,1,0,0,0,0,0,0,0,1,0,1,0,0,0,1,0,1,0,1,1,1,0,0
0,-0.46536881140368175,0.32132387688511255,-0.3166982151207119,1,0,1,1,1,0,0,1,0,0,0,0,1,0,0,0,0,0,0,0,0,0,0,1,0,0,0
0,0.7162060656093164,1.1190230921795532,1.1361339480352572,0,1,1,0,1,0,1,1,0,0,0,0,1,0,0,0,0,0,1,0,1,1,0,1,0,1,0
0,1.4495973685829016,-0.3434254691935881,0.6353855407525287,0,0,1,0,0,1,0,0,0,0,1,0,0,0,1,0,0,0,1,0,1,1,0,1,0,1,0
0,-1.1987601143772668,1.2187354940913584,-0.8756834415764098,1,1,0,0,1,0,1,1,0,0,0,0,0,0,1,0,0,0,1,0,1,0,0,1,0,0,0
0,-0.9542963467194051,1.2852104286992283,-0.5792050894231114,0,1,1,1,1,0,0,1,0,0,0,0,0,0,1,0,1,0,1,0,1,0,0,0,0,1,0
0,0.7569500268856267,-1.0081748152722887,-0.22096041390454269,0,0,1,1,0,1,0,0,0,0,1,0,0,0,0,0,1,0,0,0,0,0,1,0,0,0,0
0,-0.9542963467194051,-0.7090376095368733,-0.8284763230043816,0,0,0,0,1,0,0,0,0,0,0,0,0,0,0,0,0,0,0,0,0,0,0,1,0,1,0
1,0.3495104141225239,1.5511101671307086,0.9931890282470598,1,1,1,1,1,0,1,1,0,0,0,0,1,0,1,0,1,0,1,0,1,1,0,1,0,1,0
0,-0.42462485012737144,1.1854980267874233,0.0583116053112874,0,1,0,0,1,0,1,1,0,0,0,0,1,0,0,0,0,0,1,0,1,0,0,1,0,1,0
0,-0.46536881140368175,-0.310188001889653,-0.4967029289280716,1,0,1,1,0,1,0,0,0,0,1,0,0,0,1,0,0,0,1,0,1,1,0,1,0,1,0
0,1.5718292524118322,1.7172975036503837,2.653379562700723,0,1,1,1,1,0,1,1,0,0,1,0,1,0,1,0,1,0,1,0,1,0,1,1,0,0,0
0,-1.2802480369298874,-0.6425626749290033,-0.9873040116579342,1,1,0,0,1,0,0,0,0,0,0,0,0,0,0,0,0,0,0,0,0,0,0,0,0,1,0
0,-0.26164900502213034,0.5872236153165927,-0.08816281866921115,0,1,1,1,1,0,1,0,0,0,0,0,0,0,1,0,1,0,1,0,1,1,0,1,1,0,0
0,1.5718292524118322,0.022186671149697273,1.0580436677805938,0,1,1,0,1,0,1,0,0,0,1,0,1,0,0,0,1,0,0,0,0,0,1,0,0,0,0
0,-1.1580161531009565,-0.6758001422329384,-0.9295083805090025,0,1,0,0,1,0,0,0,0,0,0,0,0,0,0,0,0,0,0,0,0,0,0,1,1,0,0
0,-0.8320644628904743,0.4875112134047877,-0.5655282606779444,0,0,0,0,1,0,1,1,0,0,1,0,0,0,0,0,0,0,0,0,0,0,0,1,0,1,0
0,-0.5876006952326126,0.7866484191402029,-0.30390376242362016,0,0,1,0,1,0,1,1,0,0,0,0,0,0,0,0,1,0,1,0,0,0,0,1,0,1,0
0,-1.1987601143772668,0.32132387688511255,-0.9136256116436473,0,0,0,0,1,0,1,1,0,0,0,0,0,0,0,0,0,0,0,0,0,0,0,1,0,1,0
1,1.6125732136881425,1.3849228306110335,2.379842987797382,0,0,1,0,1,0,1,1,0,0,1,0,1,0,0,0,0,0,1,0,1,1,0,1,0,0,0
0,-0.8728084241667845,0.32132387688511255,-0.6475892331489466,1,1,0,0,1,0,0,1,0,0,0,0,1,0,0,0,0,0,0,0,0,0,0,0,0,1,0
0,-1.2802480369298874,0.5207486807087227,-0.9718624308166166,1,0,0,0,1,0,0,1,0,0,0,0,0,0,0,0,0,0,0,0,1,0,0,0,1,0,0
0,-0.791320501614164,-1.506736824831314,-0.892889774513878,0,1,0,0,1,0,0,0,1,1,0,1,0,1,0,1,0,1,0,1,0,1,0,0,1,0,0
0,1.6125732136881425,1.4846352325228385,2.5704362141816453,1,0,1,0,1,0,1,1,0,0,0,0,1,0,1,0,1,0,1,0,1,1,0,1,0,1,0
0,0.3902543753988342,-0.276950534585718,0.045517152614195665,0,1,1,0,1,0,1,0,0,0,1,0,0,0,0,0,0,0,0,0,0,1,0,0,1,0,0
0,-0.6283446565089229,-1.506736824831314,-0.8571535445668286,0,0,0,0,1,0,0,0,1,1,0,1,0,1,0,1,0,1,0,1,0,0,0,0,1,0,0
1,-1.0357842692720256,-0.44313787110539316,-0.8222996906678546,0,0,0,0,1,0,0,0,0,0,0,0,1,0,0,0,0,0,0,0,0,0,0,1,0,0,1
0,1.4495973685829016,1.7837724382582538,2.5179348393211654,0,0,1,0,1,0,1,1,0,0,1,0,1,0,1,0,1,0,1,0,1,0,1,0,0,0,1
0,0.9606698332671781,-1.340549488311639,-0.38861186303884826,0,1,1,1,1,0,1,0,1,1,0,1,0,1,0,1,0,1,0,1,0,0,1,0,0,0,0
0,0.22727853029359305,-1.4734993575273791,-0.6767076427354313,0,0,1,1,1,0,0,0,1,1,0,1,0,1,0,1,0,1,0,1,0,1,0,0,0,0,1
0,1.6125732136881425,1.6840600363464486,2.7098516297775417,0,0,1,1,1,0,1,1,0,0,1,0,1,0,1,0,1,0,1,0,1,0,1,1,0,1,0
0,0.6347181430566958,-1.3073120210077038,-0.49052629659154456,0,0,0,0,1,0,1,0,1,1,0,1,0,1,0,1,0,1,0,1,0,1,0,0,1,0,0
1,0.797693988161937,1.4846352325228385,1.48423129900096,0,0,1,0,1,0,1,1,0,0,1,0,1,0,1,0,0,0,1,0,1,0,0,1,0,1,0
0,0.10504664646466222,-1.506736824831314,-0.6947963517209748,0,0,1,1,1,0,0,0,1,1,0,1,0,1,0,1,0,1,0,1,0,1,0,0,0,0,1
0,1.4088534073065913,1.5511101671307086,2.331312305153241,0,1,1,0,1,0,1,1,0,0,0,0,1,0,1,0,1,0,1,0,1,0,1,1,0,0,0
0,-1.2802480369298874,-1.1743621517919638,-0.9943630200425365,0,0,0,0,0,1,0,0,0,0,1,0,0,0,0,0,0,0,0,0,0,0,0,0,0,0,1
0,0.8384379494382472,0.5207486807087227,0.9111280557760576,0,1,0,0,1,0,0,1,0,0,0,0,1,0,0,0,1,0,0,0,0,0,0,1,0,0,1
0,0.06430268518835193,-1.4734993575273791,-0.7270030774757229,0,1,1,1,1,0,0,0,1,1,0,1,0,1,0,1,0,1,0,1,0,0,0,0,0,0,1
0,-1.1987601143772668,-0.9749373479683536,-0.9595091661435625,1,0,0,0,0,1,0,0,0,0,0,0,0,0,0,0,0,0,1,0,0,0,0,0,1,0,0
0,-1.2802480369298874,0.45427374610085264,-0.9727448068646919,1,0,1,0,1,0,0,1,0,0,0,0,0,0,0,0,0,0,1,0,0,0,0,0,0,1,0
0,-0.5468567339563023,0.819885886444138,-0.26507921630830733,0,1,0,0,1,0,0,1,0,0,0,0,0,0,1,0,1,0,1,0,0,0,0,0,0,0,1
1,1.1236456783724194,1.7172975036503837,2.0480695937210722,0,0,1,0,1,0,1,1,0,0,1,0,1,0,1,0,1,0,1,0,1,0,1,1,0,0,0
0,-0.8728084241667845,-1.506736824831314,-0.9087725433792332,0,1,0,0,1,0,0,0,1,1,0,1,0,1,0,1,0,1,0,1,0,0,1,0,1,0,0
0,0.5939741817803856,1.3849228306110335,1.254813526501384,1,0,0,0,1,0,1,1,0,0,0,0,1,0,1,0,0,0,1,0,1,0,0,1,0,1,0
0,-0.5876006952326126,-0.5096128057132632,-0.6215591397307255,1,1,0,0,1,0,0,0,0,0,1,0,0,0,0,0,0,0,0,0,0,0,0,0,0,1,0
0,1.1236456783724194,1.6840600363464486,1.9743911937067853,0,0,1,1,1,0,1,1,0,0,1,0,1,0,1,0,1,0,1,0,1,0,1,0,1,0,0
0,1.6125732136881425,-1.340549488311639,-0.18037111569307923,0,1,1,0,1,0,1,0,1,1,0,1,0,1,0,1,0,1,0,1,0,0,1,0,1,0,0
0,0.2680224915699033,-1.506736824831314,-0.6581777457258501,0,1,0,0,1,0,0,0,1,1,0,1,0,1,0,1,0,1,0,1,0,1,0,0,0,0,1
0,1.082901717096109,0.5539861480126578,1.0395137707710127,0,0,1,0,1,0,0,1,0,0,1,0,0,0,1,0,0,0,0,0,0,1,0,1,1,0,0
0,-1.2395040756535771,0.1551365403654374,-0.9440675853022449,0,1,1,1,1,0,0,1,0,0,0,0,0,0,0,0,0,0,0,0,0,0,0,0,0,0,1
1,-1.2802480369298874,0.1551365403654374,-0.9767154990810307,1,1,0,0,1,0,0,1,0,0,0,0,0,0,0,0,0,0,0,0,0,0,0,0,0,1,0
0,-0.506112772679992,0.853123353748073,-0.22360754204876856,1,1,1,1,1,0,0,1,0,0,0,0,0,0,0,0,0,0,1,0,1,0,0,1,0,1,0
0,-1.076528230548336,0.9528357556598781,-0.77068069185545,1,0,0,0,1,0,1,1,0,0,0,0,0,0,0,0,0,0,1,0,1,0,0,1,0,0,0
0,1.5718292524118322,0.7201734845323329,1.7158550116207243,0,1,0,0,1,0,1,1,0,0,0,0,0,0,1,0,1,0,0,0,0,0,1,1,1,0,0
0,-0.3431369275747509,0.0554241384536323,-0.3193453432649378,0,0,1,0,1,0,1,0,0,0,1,0,1,0,1,0,0,0,0,0,0,0,0,0,0,0,1
1,1.4088534073065913,0.9860732229638132,1.6748245253852232,0,1,1,0,1,0,1,1,0,0,0,0,0,0,0,0,0,0,1,0,1,0,0,1,1,0,0
0,-1.2802480369298874,0.5207486807087227,-0.9718624308166166,1,1,0,0,1,0,0,1,0,0,0,0,0,0,0,0,0,0,0,0,1,0,0,1,0,0,1
0,0.6347181430566958,0.5872236153165927,0.7703890761080484,1,0,1,1,1,0,1,1,0,0,0,0,0,0,0,0,0,0,0,0,1,1,0,1,0,0,1
0,0.18653456901728277,0.2548489422772425,0.16552029515243544,0,0,1,0,1,0,1,0,0,0,0,0,1,0,0,0,1,0,0,0,1,1,0,0,0,0,1
0,-0.8728084241667845,-1.0081748152722887,-0.8381824595332098,0,1,0,0,0,1,0,0,0,0,0,0,1,0,1,0,0,0,0,0,0,0,0,0,0,0,1
0,-1.1987601143772668,-1.4734993575273791,-0.9846568835137084,1,1,1,0,1,0,0,0,1,1,0,1,0,1,0,1,0,1,0,1,0,0,0,1,1,0,0
0,-0.5876006952326126,1.0193106902677482,-0.23728437079393558,0,0,1,0,1,0,0,1,0,0,0,0,0,0,1,0,0,0,1,0,1,0,0,1,1,0,0
0,0.7162060656093164,-0.6758001422329384,-0.023308179135677155,0,1,1,1,1,0,0,0,0,0,0,0,0,0,0,0,0,0,0,0,0,1,0,1,0,0,0
0,1.4088534073065913,1.4846352325228385,2.2051325302784743,0,0,1,1,1,0,1,1,0,0,1,0,0,0,1,0,1,0,1,0,1,1,0,1,0,1,0
0,-0.3023929662984406,0.22161147497330744,-0.19669507258247212,0,0,1,0,1,0,0,0,0,0,1,0,1,0,0,0,1,0,0,0,1,0,0,1,0,0,1
1,-1.2395040756535771,0.45427374610085264,-0.941420457158019,1,0,0,0,1,0,1,1,0,0,0,0,0,0,1,0,0,0,0,0,0,0,0,1,0,1,0
0,-0.9542963467194051,-1.506736824831314,-0.927743628412852,0,1,0,0,1,0,0,0,1,1,0,1,0,1,0,1,0,1,0,1,0,0,0,0,1,0,0
0,-0.9135523854430948,-0.8087500114486784,-0.8258291948601557,0,0,0,1,0,1,0,0,0,0,1,0,1,0,0,0,1,0,0,0,0,1,0,0,0,0,1
0,1.5310852911355222,-1.506736824831314,-0.4212597768176341,0,0,1,0,1,0,0,0,1,1,0,1,0,1,0,1,0,1,0,1,0,0,1,0,1,0,0
0,-0.9542963467194051,0.12189907306150236,-0.7530331708939441,0,1,0,0,1,0,0,0,0,0,1,0,0,0,1,0,1,0,0,0,1,0,0,1,0,0,0
0,-1.1580161531009565,-1.4734993575273791,-0.9771566871050683,0,0,0,0,1,0,0,0,1,1,0,1,0,1,0,1,0,1,0,1,0,0,0,1,1,0,0
0,-1.2395040756535771,-0.47637533840932816,-0.9528913457829978,0,0,0,0,1,0,0,0,0,0,1,0,0,0,0,0,0,0,0,0,0,0,0,0,0,0,1
0,-1.2802480369298874,0.45427374610085264,-0.9727448068646919,1,0,0,1,1,0,0,1,0,0,0,0,0,0,0,0,0,0,0,0,1,0,0,0,0,1,0
0,-0.5468567339563023,-1.3073120210077038,-0.8006814774900098,0,1,0,0,0,1,0,0,0,0,0,0,0,0,0,0,0,0,0,0,0,0,0,1,0,0,0
0,-1.0357842692720256,-1.4734993575273791,-0.9303907565570778,0,1,1,1,1,0,0,0,1,1,0,1,0,1,0,1,0,1,0,1,0,0,0,1,0,0,0
0,-1.2802480369298874,-0.7422750768408084,-0.9886275757300471,1,1,0,0,1,0,0,0,0,0,0,0,0,0,0,0,0,0,0,0,0,0,0,1,0,1,0
1,-1.2802480369298874,-0.6758001422329384,-0.9877451996819718,0,1,0,0,1,0,0,0,0,0,0,0,0,0,0,0,0,0,0,0,0,0,0,0,0,1,0
0,-0.9542963467194051,-1.4734993575273791,-0.9312731326051531,0,0,1,1,1,0,0,0,1,1,0,1,0,1,0,1,0,1,0,1,0,1,0,0,0,0,1
0,-1.1987601143772668,-1.0081748152722887,-0.9458323373983955,1,0,0,0,0,1,0,0,0,0,1,0,0,0,0,0,1,0,0,0,0,0,0,0,0,0,1
0,-0.9542963467194051,-0.21047559997784793,-0.769357127783337,1,0,0,0,0,1,0,0,0,0,1,0,0,0,1,0,1,0,1,0,1,0,0,0,0,0,1
0,-1.1172721918246462,-0.310188001889653,-0.8748010655283345,0,0,0,0,1,0,0,0,0,0,1,0,0,0,1,0,0,0,0,0,0,0,0,0,1,0,0
0,0.9606698332671781,0.7866484191402029,1.1846646306793982,0,0,1,1,1,0,0,1,0,0,0,0,0,0,0,0,0,0,1,0,1,1,0,0,0,0,0
0,-0.5876006952326126,-0.24371306728178296,-0.5694989528942832,0,0,0,1,1,0,1,0,0,0,1,0,0,0,0,0,0,0,0,0,0,0,0,0,0,0,1
1,0.6754621043330061,1.052548157571683,1.0743676246699867,1,1,0,0,1,0,1,1,0,0,0,0,0,0,0,0,0,0,1,0,1,0,0,1,0,1,0
0,1.5310852911355222,0.4875112134047877,1.4352594283327813,0,1,1,0,1,0,1,0,0,0,1,0,1,0,1,0,1,0,1,0,0,0,1,0,0,0,1
0,1.6125732136881425,1.4513977652189036,2.4367562428982388,0,0,0,0,1,0,1,1,0,0,0,0,1,0,1,0,1,0,1,0,1,0,1,1,1,0,0
1,-1.076528230548336,0.32132387688511255,-0.8156818703072898,1,0,0,0,1,0,0,1,0,0,0,0,0,0,1,0,0,0,0,0,0,0,0,0,0,1,0
1,-0.6283446565089229,0.9860732229638132,-0.31758059116878723,0,1,1,0,1,0,1,1,0,0,0,0,0,0,0,0,0,0,1,0,1,0,0,1,0,1,0
0,-0.13941712119319946,-0.6425626749290033,-0.4194950247214835,0,1,1,0,0,1,0,0,0,0,0,0,0,0,0,0,0,0,1,0,1,0,0,1,0,1,0
0,-1.076528230548336,1.3516853633070984,-0.7667099996391111,1,0,1,0,1,0,1,1,0,0,0,0,1,0,1,0,0,0,1,0,1,0,0,1,0,1,0
0,1.24587756220135,1.2519729613952935,1.7705623266013926,0,1,1,0,1,0,1,1,0,0,0,0,0,0,1,0,0,0,1,0,1,0,1,0,0,1,0
0,-0.6690886177852331,0.2880864095811775,-0.4406720498752905,1,1,1,0,1,0,1,1,0,0,0,0,0,0,0,0,0,0,0,0,0,0,0,1,0,0,0
0,1.082901717096109,-0.11076319806604285,0.6009728748775923,0,1,0,0,1,0,0,0,0,0,0,0,0,0,1,0,0,0,0,0,1,1,0,1,0,0,0
0,-1.1987601143772668,-0.24371306728178296,-0.9361262008695672,0,0,0,0,1,0,0,0,0,0,0,0,0,0,1,0,0,0,1,0,0,0,0,0,0,1,0
0,-0.9950403079957154,-1.1743621517919638,-0.9074489793071202,0,0,0,0,0,1,0,0,0,0,0,0,1,0,0,0,0,0,0,0,0,0,0,1,0,0,1
1,-1.0357842692720256,0.6536985499244629,-0.7221500092113088,1,0,1,0,1,0,1,1,0,0,0,0,0,0,0,0,0,0,0,0,1,0,0,1,0,1,0
0,1.4495973685829016,-1.506736824831314,-0.37140553010138005,0,0,0,0,1,0,0,0,1,1,0,1,0,1,0,1,0,1,0,1,0,0,1,0,1,0,0
0,1.4495973685829016,1.5511101671307086,2.306605775807133,0,0,1,1,1,0,1,1,0,0,1,0,0,0,1,0,1,0,1,0,1,0,1,0,1,0,0
1,0.797693988161937,1.3849228306110335,1.4727604103759813,0,0,1,0,1,0,1,1,0,0,0,0,1,0,1,0,0,0,1,0,1,1,0,1,0,1,0
0,1.6125732136881425,1.4181602979149686,2.4866104896144927,0,1,1,1,1,0,1,1,0,0,1,0,1,0,0,0,1,0,1,0,1,0,1,1,1,0,0
0,-0.01718523736426863,-1.506736824831314,-0.7455329744853041,0,0,1,0,1,0,0,0,1,1,0,1,0,1,0,1,0,1,0,1,0,1,0,0,0,0,1
0,1.6125732136881425,-1.4734993575273791,-0.37934691453405767,0,0,1,0,1,0,0,0,1,1,0,1,0,1,0,1,0,1,0,1,0,0,1,0,0,0,0
0,-1.2802480369298874,0.1551365403654374,-0.9767154990810307,0,1,1,1,1,0,0,1,0,0,0,0,0,0,0,0,0,0,0,0,0,0,0,1,1,0,0
0,0.3902543753988342,-0.044288263458172786,0.2118450376763883,0,1,1,1,1,0,0,0,0,0,1,0,0,0,0,0,1,0,0,0,1,1,0,0,1,0,0
0,-0.3023929662984406,-1.340549488311639,-0.7018553601055771,1,0,0,0,1,0,1,0,1,1,0,1,0,1,0,1,0,1,0,1,0,0,1,0,1,0,0
0,0.512486259227765,-0.47637533840932816,0.006692606498882791,0,1,0,0,1,0,0,0,0,0,1,0,0,0,0,0,0,0,0,0,0,0,0,1,0,0,0
0,0.4309983366751445,-0.14400066536997788,0.15757891071975783,0,0,1,1,0,1,0,0,0,0,1,0,0,0,1,0,1,0,1,0,1,1,0,1,1,0,0
0,0.18653456901728277,0.4875112134047877,0.2771408652339599,0,1,1,0,1,0,1,0,0,0,1,0,0,0,1,0,0,0,1,0,1,1,0,0,0,0,1
1,-0.506112772679992,0.6869360172283978,-0.24522575522661322,1,0,0,0,1,0,1,1,0,0,0,0,0,0,0,0,0,0,0,0,1,0,0,1,1,0,0
0,-1.1580161531009565,-1.340549488311639,-0.9692153026723908,1,0,0,0,0,1,0,0,0,0,0,0,0,0,0,0,0,0,0,0,0,0,0,1,0,1,0
0,1.24587756220135,1.5178726998267735,1.95100822843279,0,1,1,0,1,0,0,1,0,0,1,0,1,0,1,0,1,0,1,0,1,0,1,1,1,0,0
0,-1.1987601143772668,0.853123353748073,-0.9025959110427062,0,1,0,0,1,0,0,1,0,0,0,0,0,0,0,0,0,0,1,0,1,0,0,0,0,0,1
0,1.368109446030281,-1.3073120210077038,-0.26949109654868375,0,1,1,1,1,0,1,0,1,1,0,1,0,1,0,1,0,1,0,1,0,0,1,1,1,0,0
0,-0.18016108246950976,1.3516853633070984,0.3071416508685199,1,1,0,0,1,0,1,1,0,0,0,0,1,0,1,0,0,0,1,0,1,0,0,1,0,1,0
1,-0.9950403079957154,0.6869360172283978,-0.7005317960334642,0,0,0,0,1,0,1,1,0,0,0,0,0,0,0,0,0,0,0,0,1,0,0,0,0,1,0
0,1.5718292524118322,-1.340549488311639,-0.2774324809813614,0,1,0,1,1,0,1,0,1,1,0,1,0,1,0,1,0,1,0,1,0,0,1,0,0,0,1
0,-1.2802480369298874,-1.340549488311639,-0.9965689601627248,1,1,0,0,0,1,0,0,0,0,0,0,0,0,0,0,0,0,0,0,0,0,0,1,0,1,0
0,1.6125732136881425,-1.3073120210077038,-0.1878713121017192,0,0,1,1,1,0,1,0,1,1,0,1,0,1,0,1,0,1,0,1,0,0,1,0,0,0,0
1,-0.6690886177852331,-0.3434254691935881,-0.6431773529085701,0,1,1,0,1,0,0,0,0,0,1,0,1,0,0,0,0,0,0,0,0,0,0,1,0,0,0
0,1.368109446030281,1.052548157571683,1.8270343936782114,0,1,1,0,1,0,1,1,0,0,1,0,1,0,1,0,1,0,0,0,0,0,1,0,0,0,1
0,-0.8728084241667845,0.3877988114929826,-0.6378830966201184,1,0,0,0,1,0,1,1,0,0,0,0,0,0,0,0,0,0,0,0,0,0,0,1,0,1,0
0,0.7569500268856267,0.5539861480126578,0.8131843144397002,0,1,0,0,1,0,1,0,0,0,1,0,1,0,1,0,1,0,1,0,0,1,0,1,1,0,0
0,-0.9950403079957154,-0.8752249460565485,-0.861565424807205,0,0,0,1,0,1,0,0,0,0,1,0,0,0,0,0,0,0,0,0,1,0,0,1,0,1,0
0,-0.7505765403378537,0.919598288355943,-0.41728908460129527,0,1,0,0,1,0,0,1,0,0,0,0,0,0,0,0,0,0,1,0,1,0,0,1,0,1,0
0,-1.1580161531009565,0.9528357556598781,-0.8474474080380003,1,0,0,0,1,0,1,1,0,0,0,0,1,0,0,0,1,0,0,0,1,0,0,1,0,1,0
0,1.5310852911355222,0.6536985499244629,1.6359999792699105,0,0,0,0,1,0,1,0,0,0,1,0,1,0,1,0,0,0,1,0,1,0,1,0,0,0,1
0,1.5310852911355222,0.0554241384536323,1.1506931528284996,0,0,0,1,1,0,1,0,0,0,1,0,1,0,0,0,1,0,0,0,0,0,1,0,0,1,0
1,0.8791819107145575,1.2187354940913584,1.363345780414645,1,0,1,0,1,0,1,1,0,0,0,0,1,0,0,0,0,0,1,0,1,1,0,1,1,0,0
0,-0.18016108246950976,0.32132387688511255,-0.09478063902977585,1,1,0,1,1,0,0,1,0,0,1,0,0,0,0,0,0,0,0,0,0,0,0,1,0,0,0
0,-0.3431369275747509,-1.4734993575273791,-0.7922989050332946,0,1,0,0,1,0,0,0,1,1,0,1,0,1,0,1,0,1,0,1,0,0,1,0,0,0,1
0,1.4903413298592119,-0.11076319806604285,0.8153902545598883,0,0,1,0,1,0,0,0,0,0,0,0,1,0,0,0,0,0,0,0,1,0,1,1,1,0,0
0,0.3902543753988342,-0.3434254691935881,0.008016170570995731,0,1,1,1,1,0,0,0,0,0,1,0,1,0,0,0,0,0,0,0,0,0,0,0,0,0,1
1,-1.2395040756535771,0.1551365403654374,-0.9493618415906967,1,0,0,0,1,0,0,1,0,0,0,0,0,0,0,0,0,0,0,0,0,0,0,1,0,1,0
1,0.2680224915699033,1.1522605594834883,0.773477392276312,0,0,0,0,1,0,1,1,0,0,0,0,0,0,1,0,0,0,1,0,1,0,0,1,0,1,0
0,0.512486259227765,1.4846352325228385,1.1546638450448383,0,1,1,1,1,0,1,1,0,0,0,0,1,0,1,0,1,0,1,0,1,0,1,1,0,0,0
0,1.6125732136881425,0.5207486807087227,1.5195263409239719,0,1,1,1,1,0,1,0,0,0,1,0,1,0,1,0,1,0,1,0,0,0,1,1,0,0,0
0,0.22727853029359305,-1.4734993575273791,-0.6793547708796571,0,0,0,0,1,0,0,0,1,1,0,1,0,1,0,1,0,1,0,1,0,0,1,0,0,0,1
0,1.6125732136881425,0.08866160575756733,1.1123097947372242,0,1,1,0,1,0,1,0,0,0,1,0,1,0,1,0,1,0,0,0,0,0,1,1,0,0,0
0,-1.2802480369298874,-1.340549488311639,-0.9965689601627248,1,1,0,0,1,0,1,0,1,1,0,1,0,1,0,1,0,1,0,1,0,0,0,1,0,0,1
0,1.6125732136881425,-1.506736824831314,-0.3833176067503965,0,1,1,1,1,0,0,0,1,1,0,1,0,1,0,1,0,1,0,1,0,0,1,1,1,0,0
0,0.9199258719908678,-1.3073120210077038,-0.37052315405330477,0,1,1,0,1,0,1,0,1,1,0,1,0,1,0,1,0,1,0,1,0,0,1,0,0,0,0
0,0.7569500268856267,-0.276950534585718,0.2714054209214705,0,0,1,1,0,1,0,0,0,0,0,0,0,0,1,0,1,0,1,0,1,1,0,1,0,1,0
0,1.24587756220135,0.7201734845323329,1.3351097468762356,0,1,0,0,1,0,0,0,0,0,1,0,1,0,1,0,1,0,1,0,1,0,1,1,0,0,0
0,-1.2802480369298874,-1.4734993575273791,-0.9983337122588753,0,0,0,0,1,0,0,0,1,1,0,1,0,1,0,1,0,1,0,1,0,0,0,0,0,0,1
0,-0.38388088885106114,-1.506736824831314,-0.8081816738986498,0,0,1,1,1,0,0,0,1,1,0,1,0,1,0,1,0,1,0,1,0,0,1,1,0,0,1
0,-1.2802480369298874,-0.47637533840932816,-0.985098071537746,1,0,0,0,1,0,0,0,0,0,0,0,1,0,0,0,0,0,0,0,0,0,0,0,0,1,0
0,-1.2395040756535771,-0.3434254691935881,-0.9555384739272237,0,0,0,0,1,0,1,0,0,0,0,0,0,0,0,0,1,0,0,0,0,0,0,1,0,0,1
1,0.797693988161937,1.4513977652189036,1.5689393996161882,0,0,0,0,1,0,1,1,0,0,1,0,1,0,1,0,0,0,1,0,1,0,0,0,1,0,0
0,0.1457906077409725,-0.3434254691935881,-0.17198854323636395,0,0,0,0,1,0,1,0,0,0,1,0,0,0,0,0,0,0,0,0,0,1,0,0,0,0,1
0,-1.2802480369298874,-0.6425626749290033,-0.9873040116579342,0,0,0,0,1,0,0,0,0,0,0,0,0,0,0,0,0,0,0,0,0,0,0,0,0,0,1
0,-0.18016108246950976,-0.1772381326739129,-0.2774324809813614,0,0,0,0,1,0,1,0,0,0,1,0,0,0,1,0,0,0,0,0,0,1,0,0,0,0,1
0,-1.0357842692720256,0.1551365403654374,-0.796710785273671,0,0,1,1,1,0,0,0,0,0,1,0,1,0,1,0,0,0,1,0,0,1,0,0,0,1,0
0,-0.7505765403378537,1.1854980267874233,-0.38287641872635886,1,1,0,0,1,0,1,1,0,0,0,0,1,0,0,0,0,0,1,0,1,0,0,1,0,1,0
1,1.6125732136881425,-0.011050796154237758,0.9984832845355116,0,1,1,0,0,1,0,0,0,0,1,0,1,0,1,0,1,0,1,0,1,0,1,1,1,0,0
0,-1.2802480369298874,-1.4734993575273791,-0.9983337122588753,1,0,1,1,1,0,0,0,1,1,0,1,0,1,0,1,0,1,0,1,0,0,0,1,0,0,1
0,-0.9135523854430948,-1.539974292135249,-0.9352438248214919,0,0,0,0,1,0,0,0,1,1,0,1,0,1,0,1,0,1,0,1,0,0,0,0,0,0,1
0,0.3902543753988342,-1.506736824831314,-0.6325888403316666,0,1,0,0,1,0,0,0,1,1,0,1,0,1,0,1,0,1,0,1,0,1,0,0,0,0,0
0,-1.0357842692720256,-1.3073120210077038,-0.9237729361965131,0,0,0,0,0,1,0,0,0,0,0,0,0,0,0,0,0,0,0,0,0,0,0,0,0,0,0
0,-1.1580161531009565,0.32132387688511255,-0.8655361170235438,1,1,0,0,1,0,0,1,0,0,0,0,0,0,1,0,0,0,0,0,0,0,0,1,0,0,0
0,1.6125732136881425,1.6508225690425138,2.5479356249557252,0,1,1,1,1,0,1,1,0,0,1,0,1,0,1,0,1,0,1,0,1,0,1,1,1,0,0
0,-0.506112772679992,-1.340549488311639,-0.7945048451534829,1,0,1,0,0,1,0,0,0,0,0,0,0,0,0,0,0,0,0,0,0,0,0,1,0,1,0
0,1.24587756220135,1.4846352325228385,2.1027769087017405,0,1,0,0,1,0,0,1,0,0,1,0,1,0,1,0,1,0,1,0,1,0,1,0,1,0,0
0,0.9606698332671781,-0.6425626749290033,0.12228386879674612,0,0,0,0,0,1,0,0,0,0,1,0,1,0,1,0,1,0,0,0,0,0,1,0,0,0,0
0,-1.1172721918246462,-0.44313787110539316,-0.8809776978648615,0,0,0,1,1,0,0,0,0,0,0,0,0,0,0,0,1,0,0,0,0,0,0,1,0,0,1
0,1.6125732136881425,1.5178726998267735,2.514405335128864,0,0,1,0,1,0,1,1,0,0,0,0,1,0,1,0,1,0,1,0,1,0,1,1,0,0,0
1,1.4495973685829016,0.6536985499244629,1.5001140678663154,0,1,1,1,1,0,1,1,0,0,0,0,1,0,1,0,0,0,0,0,0,0,0,1,0,1,0
0,1.4088534073065913,-0.14400066536997788,0.7549474952667309,0,1,1,1,1,0,0,0,0,0,1,0,1,0,0,0,1,0,0,0,0,1,0,0,0,0,1
0,-0.9950403079957154,-0.6758001422329384,-0.8443590918697368,0,1,1,1,1,0,0,0,0,0,0,0,0,0,0,0,0,0,0,0,0,0,0,0,0,0,0
0,0.797693988161937,0.9528357556598781,1.0359842665787116,0,1,1,1,1,0,1,1,0,0,0,0,1,0,0,0,1,0,0,0,1,0,0,1,0,0,0
0,-0.5876006952326126,-1.4734993575273791,-0.8302410751005321,0,0,1,1,1,0,0,0,1,1,0,1,0,1,0,1,0,1,0,1,0,0,0,1,0,0,1
0,1.082901717096109,-1.3073120210077038,-0.33037504386587896,0,0,1,1,1,0,1,0,1,1,0,1,0,1,0,1,0,1,0,1,0,0,1,0,0,0,1
0,1.1236456783724194,-1.4734993575273791,-0.524938962466481,0,0,0,0,1,0,0,0,1,1,0,1,0,1,0,1,0,1,0,1,0,0,1,0,0,0,1
0,-1.0357842692720256,0.9860732229638132,-0.6978846678892383,0,1,0,0,1,0,1,1,0,0,0,0,0,0,0,0,0,0,1,0,1,0,0,1,0,1,0
0,1.082901717096109,-1.0081748152722887,-0.1336051851450887,0,1,1,1,0,1,0,0,0,0,1,0,0,0,1,0,0,0,0,0,0,1,0,0,0,0,1
0,0.5532302205040753,-0.14400066536997788,0.2691994808012823,0,1,0,0,0,1,0,0,0,0,1,0,0,0,1,0,1,0,1,0,1,0,1,1,0,0,0
0,-1.1172721918246462,-0.44313787110539316,-0.891566210441765,0,1,0,0,1,0,0,0,0,0,0,0,1,0,0,0,0,0,0,0,0,0,0,1,0,1,0
1,1.082901717096109,-0.011050796154237758,0.7072991886706651,0,1,1,0,0,1,0,0,0,0,1,0,0,0,1,0,1,0,1,0,1,0,1,1,1,0,0
0,1.5310852911355222,0.6536985499244629,1.6033520654911246,0,0,1,0,1,0,1,0,0,0,0,0,1,0,1,0,1,0,1,0,1,0,1,1,0,0,0
0,-0.7505765403378537,0.22161147497330744,-0.6039116187692196,1,0,0,0,1,0,0,1,0,0,0,0,0,0,0,0,0,0,0,0,0,0,0,1,1,0,0
0,0.4717422979514547,-0.47637533840932816,-0.06345628932310296,0,0,0,0,1,0,1,0,0,0,0,0,0,0,0,0,0,0,0,0,0,0,0,1,0,0,1
0,1.2866215234776603,0.9860732229638132,1.6170288942362916,0,0,1,0,1,0,1,1,0,0,1,0,0,0,1,0,0,0,1,0,0,0,1,1,1,0,0
0,1.0421577558197987,-0.1772381326739129,0.5917079263728018,0,0,1,1,0,1,0,0,0,0,1,0,0,0,1,0,1,0,1,0,1,0,1,0,0,0,1
1,0.5532302205040753,1.1854980267874233,1.0898092055113044,0,0,1,0,1,0,1,1,0,0,0,0,0,0,0,0,1,0,1,0,1,1,0,0,0,1,0
1,1.0421577558197987,1.1190230921795532,1.542909306197967,0,1,1,0,1,0,1,1,0,0,0,0,1,0,0,0,0,0,1,0,1,0,0,1,0,1,0
0,1.6125732136881425,1.0857856248756181,2.023363064374964,0,0,1,0,1,0,1,1,0,0,0,0,1,0,0,0,0,0,1,0,1,0,1,1,1,0,0
1,-0.09867315991688919,-0.8087500114486784,-0.4900851085675069,1,0,0,0,0,1,0,0,0,0,0,0,0,0,1,0,0,0,1,0,0,0,0,1,0,1,0
1,-0.8728084241667845,-0.14400066536997788,-0.7150910008267065,0,1,0,0,1,0,1,0,0,0,1,0,1,0,0,0,0,0,0,0,0,0,0,0,0,0,0
1,0.06430268518835193,-0.276950534585718,-0.22846061031318265,0,0,0,0,0,1,0,0,0,0,0,0,1,0,1,0,0,0,1,0,1,0,0,1,0,1,0
0,0.8791819107145575,-0.6093252076250683,0.06537061369588974,0,1,0,0,0,1,0,0,0,0,1,0,1,0,0,0,0,0,0,0,1,0,1,0,0,0,0
0,-1.1987601143772668,-0.47637533840932816,-0.9387733290137932,1,0,0,0,0,1,0,0,0,0,0,0,1,0,0,0,0,0,1,0,1,0,0,1,0,1,0
0,1.6125732136881425,-1.340549488311639,-0.18698893605364392,0,0,1,1,1,0,1,0,1,1,0,1,0,1,0,1,0,1,0,1,0,0,1,0,0,0,1
0,0.3087664528462136,0.6536985499244629,0.45008657065671726,1,0,1,1,1,0,1,1,0,0,0,0,0,0,1,0,1,0,0,0,0,0,0,1,0,1,0
0,-1.2395040756535771,0.022186671149697273,-0.9480382775185837,1,0,1,1,1,0,0,0,0,0,0,0,0,0,0,0,0,0,1,0,1,0,0,0,0,0,1
0,0.8791819107145575,-0.044288263458172786,0.4968525012047078,0,1,1,1,1,0,1,0,0,0,0,0,0,0,1,0,0,0,0,0,1,0,1,0,1,0,0
0,-0.7505765403378537,-0.47637533840932816,-0.6943551636969371,0,0,0,0,1,0,0,0,0,0,1,0,0,0,0,0,0,0,0,0,0,0,0,0,0,0,0
0,-1.2802480369298874,0.18837400766937243,-0.976274311056993,1,0,0,0,1,0,0,1,0,0,0,0,0,0,0,0,0,0,0,0,0,0,0,0,0,1,0
0,-0.9135523854430948,0.9860732229638132,-0.5867052858317514,1,0,0,0,1,0,1,1,0,0,0,0,1,0,1,0,0,0,0,0,1,0,0,1,0,1,0
0,-1.2802480369298874,-0.47637533840932816,-0.985098071537746,0,0,0,0,1,0,0,0,0,0,1,0,0,0,0,0,0,0,0,0,0,0,0,0,0,1,0
0,-1.2802480369298874,-1.506736824831314,-0.998774900282913,1,1,0,0,1,0,0,0,1,1,0,1,0,1,0,1,0,1,0,1,0,0,0,0,0,0,1
0,0.9606698332671781,-0.011050796154237758,0.6097966353583453,0,1,0,0,1,0,1,0,0,0,1,0,1,0,0,0,1,0,0,0,0,1,0,1,0,0,0
0,1.4495973685829016,0.4875112134047877,1.4259944798279909,0,0,1,0,1,0,0,0,0,0,1,0,1,0,0,0,1,0,1,0,1,0,1,1,0,0,0
0,-0.7505765403378537,-1.506736824831314,-0.8871543302013886,0,0,1,1,1,0,0,0,1,1,0,1,0,1,0,1,0,1,0,1,0,1,0,1,0,0,1
0,1.4495973685829016,1.1522605594834883,1.9346842715433972,0,1,1,1,1,0,0,1,0,0,1,0,0,0,0,0,1,0,1,0,1,0,1,1,0,1,0
1,0.9199258719908678,0.32132387688511255,0.7805364006609143,0,1,1,0,1,0,1,1,0,0,0,0,0,0,0,0,0,0,0,0,0,0,0,1,0,1,0
0,-0.6690886177852331,-0.8752249460565485,-0.7142086247786312,0,0,0,0,0,1,0,0,0,0,1,0,0,0,0,0,0,0,1,0,0,0,0,1,0,1,0
1,-0.9542963467194051,0.4875112134047877,-0.6903844714805983,0,1,0,0,1,0,0,1,0,0,0,0,0,0,0,0,0,0,0,0,1,0,0,1,0,1,0
0,-0.7505765403378537,0.022186671149697273,-0.5937642942163538,1,1,1,1,1,0,0,0,0,0,1,0,1,0,0,0,0,0,1,0,0,0,0,1,0,1,0
1,1.0421577558197987,1.1190230921795532,1.5570273229671718,1,1,1,0,1,0,1,1,0,0,0,0,0,0,1,0,0,0,1,0,1,0,0,1,0,1,0
0,0.8384379494382472,-0.6093252076250683,0.11610723646021906,0,1,0,0,0,1,0,0,0,0,1,0,1,0,0,0,0,0,0,0,1,0,0,1,0,0,0
0,1.5310852911355222,1.1522605594834883,2.0564521661777877,0,1,1,0,1,0,1,1,0,0,1,0,1,0,1,0,0,0,1,0,0,0,1,1,1,0,0
1,-0.7505765403378537,1.0193106902677482,-0.41331839238495643,0,0,1,1,1,0,1,1,0,0,0,0,0,0,0,0,0,0,1,0,1,0,0,1,0,1,0
0,-0.42462485012737144,0.08866160575756733,-0.3259631636255025,1,1,1,1,1,0,0,0,0,0,1,0,0,0,1,0,1,0,1,0,0,1,0,1,0,0,0
0,-0.9135523854430948,0.45427374610085264,-0.6696486343508289,0,0,1,0,1,0,1,1,0,0,1,0,0,0,0,0,0,0,0,0,0,0,0,1,1,0,0
0,-0.13941712119319946,-1.2740745537037688,-0.7018553601055771,0,0,1,1,1,0,1,0,1,1,0,1,0,1,0,1,0,1,0,1,0,0,1,0,0,0,1
0,-1.2802480369298874,0.1551365403654374,-0.9767154990810307,1,0,0,0,1,0,0,1,0,0,0,0,0,0,0,0,0,0,0,0,0,0,0,1,0,1,0
0,0.6754621043330061,0.6536985499244629,0.7836247168291779,1,1,1,0,1,0,1,0,0,0,1,0,0,0,1,0,1,0,1,0,1,1,0,0,0,1,0
1,1.4495973685829016,1.1854980267874233,2.0154216799422864,1,0,1,0,1,0,1,1,0,0,0,0,1,0,0,0,0,0,1,0,1,0,0,1,0,1,0
0,-1.2802480369298874,0.45427374610085264,-0.9727448068646919,1,0,0,0,1,0,0,1,0,0,0,0,0,0,0,0,0,0,1,0,0,0,0,0,0,1,0
0,-0.09867315991688919,-0.8087500114486784,-0.4834672882069422,0,0,0,0,0,1,0,0,0,0,0,0,0,0,0,0,1,0,0,0,1,1,0,1,1,0,0
0,1.6125732136881425,0.4875112134047877,1.3756990450876991,0,0,1,0,1,0,1,0,0,0,1,0,1,0,1,0,1,0,1,0,0,0,1,0,1,0,0
0,-0.9135523854430948,-1.4734993575273791,-0.8981840308023297,0,0,0,0,1,0,0,0,1,1,0,1,0,1,0,1,0,1,0,1,0,0,0,1,0,0,1
0,-1.0357842692720256,0.2880864095811775,-0.7777397002400522,1,1,0,0,1,0,1,1,0,0,0,0,0,0,0,0,0,0,0,0,0,0,0,0,0,1,0
0,-0.9542963467194051,0.32132387688511255,-0.69567872776905,1,0,0,0,1,0,1,1,0,0,0,0,0,0,0,0,0,0,0,0,0,0,0,1,0,1,0
0,-1.2802480369298874,-0.5096128057132632,-0.9855392595617837,0,0,0,1,1,0,0,0,0,0,1,0,0,0,0,0,0,0,0,0,0,0,0,0,0,0,1
0,-0.506112772679992,0.12189907306150236,-0.4027298798080529,0,0,0,0,1,0,1,0,0,0,0,0,1,0,0,0,1,0,0,0,1,0,0,1,1,0,0
0,-1.2802480369298874,-1.4734993575273791,-0.9983337122588753,0,0,0,0,1,0,0,0,1,1,0,1,0,1,0,1,0,1,0,1,0,0,0,1,0,0,1
0,-0.13941712119319946,0.3877988114929826,-0.029925999496241848,0,0,0,0,1,0,1,1,0,0,0,0,0,0,0,0,0,0,0,0,0,0,0,1,1,0,0
0,-1.2802480369298874,0.32132387688511255,-0.9745095589608425,0,1,0,0,1,0,0,1,0,0,0,0,0,0,0,0,1,0,0,0,0,0,0,0,0,1,0
0,-1.1987601143772668,0.5872236153165927,-0.912743235595572,0,1,0,0,1,0,0,1,0,0,1,0,0,0,0,0,1,0,0,0,0,0,0,1,0,0,1
0,-0.506112772679992,0.819885886444138,-0.18169467976519216,0,0,0,0,1,0,0,1,0,0,1,0,0,0,1,0,0,0,1,0,0,0,0,1,0,0,0
0,1.2866215234776603,1.1522605594834883,1.7154138235966867,0,1,0,1,1,0,0,1,0,0,0,0,1,0,0,0,1,0,1,0,1,0,0,1,1,0,0
0,-1.2802480369298874,-1.4734993575273791,-0.9983337122588753,1,1,0,0,1,0,0,0,1,1,0,1,0,1,0,1,0,1,0,1,0,0,0,1,0,0,1
0,-1.076528230548336,-1.1743621517919638,-0.9361262008695672,0,0,0,0,0,1,0,0,0,0,1,0,0,0,0,0,0,0,0,0,0,0,0,0,0,0,0
0,0.7162060656093164,-1.506736824831314,-0.5602340043894927,0,1,1,0,1,0,0,0,1,1,0,1,0,1,0,1,0,1,0,1,0,0,1,0,0,1,0
0,-1.076528230548336,-0.1772381326739129,-0.8589182966629791,0,1,0,0,1,0,0,0,0,0,1,0,0,0,0,0,0,0,0,0,1,0,0,1,0,0,0
0,-1.0357842692720256,-0.6758001422329384,-0.8602418607350921,0,1,1,1,1,0,0,0,0,0,0,0,0,0,0,0,0,0,0,0,0,0,0,0,0,1,0
0,1.6125732136881425,0.853123353748073,1.8654177517694868,0,1,1,1,1,0,1,1,0,0,0,0,0,0,1,0,0,0,0,0,1,0,1,1,1,0,0
0,-0.9950403079957154,-0.5096128057132632,-0.8337705792928334,0,1,1,0,1,0,0,0,0,0,0,0,1,0,0,0,0,0,0,0,0,0,0,1,0,0,0
0,1.4088534073065913,1.3849228306110335,2.0851293877402344,0,0,1,1,1,0,1,1,0,0,1,0,0,0,0,0,1,0,1,0,1,0,1,0,1,0,0
1,-0.3431369275747509,0.9528357556598781,-0.008307786318397181,1,0,1,0,1,0,1,1,0,0,0,0,0,0,0,0,0,0,1,0,1,0,0,1,0,1,0
0,1.6125732136881425,0.9860732229638132,2.0463048416249214,0,0,1,0,1,0,1,1,0,0,1,0,1,0,0,0,0,0,0,0,1,0,1,1,1,0,0
0,0.02355872391204165,-1.506736824831314,-0.7424446583170405,0,1,1,1,1,0,0,0,1,1,0,1,0,1,0,1,0,1,0,1,0,1,0,1,0,0,0
0,-1.2395040756535771,-1.3073120210077038,-0.9824509433935201,1,1,0,0,0,1,0,0,0,0,0,0,0,0,0,0,0,0,0,0,0,0,0,1,0,1,0
0,1.5310852911355222,0.08866160575756733,1.050543471371954,0,1,1,0,1,0,0,0,0,0,1,0,1,0,0,0,1,0,0,0,1,0,1,0,0,0,1
0,-0.42462485012737144,0.022186671149697273,-0.37140553010138005,0,0,0,0,1,0,0,0,0,0,0,0,1,0,1,0,0,0,1,0,0,1,0,0,0,0,0
0,1.082901717096109,1.1522605594834883,1.4736427864240567,0,0,0,0,1,0,1,1,0,0,1,0,1,0,1,0,0,0,0,0,1,0,0,1,0,0,0
0,0.1457906077409725,-1.4734993575273791,-0.7005317960334642,0,1,0,0,1,0,0,0,1,1,0,1,0,1,0,1,0,1,0,1,0,1,0,1,1,0,0
0,0.7569500268856267,-1.506736824831314,-0.553616184028928,0,0,1,1,1,0,0,0,1,1,0,1,0,1,0,1,0,1,0,1,0,0,1,0,0,0,1
0,0.8384379494382472,0.42103627879691763,0.8259787671367919,0,1,1,0,1,0,1,0,0,0,1,0,0,0,1,0,1,0,1,0,0,1,0,0,0,0,0
0,-0.506112772679992,-1.506736824831314,-0.832888203244758,0,0,1,1,1,0,0,0,1,1,0,1,0,1,0,1,0,1,0,1,0,1,0,0,0,0,0
0,1.24587756220135,1.1522605594834883,1.7855627194186725,0,1,1,0,1,0,0,1,0,0,1,0,0,0,1,0,0,0,1,0,1,0,1,0,1,0,0
0,0.3087664528462136,0.32132387688511255,0.3036121466762187,0,0,0,0,1,0,0,1,0,0,0,0,1,0,0,0,0,0,0,0,0,0,0,0,1,0,0
0,0.10504664646466222,-1.506736824831314,-0.72567951340361,0,1,0,0,1,0,0,0,1,1,0,1,0,1,0,1,0,1,0,1,0,1,0,1,0,0,1
0,-0.26164900502213034,0.45427374610085264,-0.10978103184705582,0,1,1,1,1,0,0,1,0,0,0,0,0,0,0,0,0,0,0,0,1,1,0,0,0,0,0
1,-0.22090504374582004,1.0193106902677482,0.1002244675948638,1,1,1,0,1,0,1,1,0,0,0,0,1,0,1,0,0,0,0,0,1,0,0,1,0,1,0
0,0.8384379494382472,-0.07752573076210782,0.5012643814450842,0,1,0,1,1,0,0,0,0,0,1,0,1,0,0,0,1,0,0,0,0,1,0,0,1,0,0
1,0.06430268518835193,0.22161147497330744,0.06360586159973916,0,1,1,0,1,0,0,1,0,0,0,0,0,0,0,0,0,0,0,0,0,0,0,0,1,0,0
1,-0.5468567339563023,0.9860732229638132,-0.2306665504333709,0,0,1,0,1,0,1,1,0,0,0,0,0,0,0,0,0,0,1,0,1,0,0,1,0,1,0
0,0.4309983366751445,0.7201734845323329,0.5595012006180535,0,1,1,0,1,0,0,1,0,0,1,0,1,0,1,0,0,0,0,0,0,0,0,1,1,0,0
0,-1.076528230548336,-1.506736824831314,-0.9533325338070354,0,1,1,1,1,0,0,0,1,1,0,1,0,1,0,1,0,1,0,1,0,0,0,0,0,0,1
0,0.9606698332671781,-1.340549488311639,-0.37890572651002,0,1,0,1,1,0,1,0,1,1,0,1,0,1,0,1,0,1,0,1,0,0,1,1,0,0,1
0,1.0014137945434884,-0.8419874787526135,-0.07580955399615706,1,1,0,0,0,1,0,0,0,0,0,0,1,0,0,0,0,0,1,0,0,0,0,1,0,1,0
0,0.06430268518835193,0.6536985499244629,0.27625848918588464,0,1,1,1,1,0,0,1,0,0,0,0,0,0,1,0,0,0,1,0,0,0,0,1,0,0,1
0,-0.9135523854430948,-0.9416998806644186,-0.8421531517495486,0,0,0,0,0,1,0,0,0,0,0,0,1,0,0,0,1,0,0,0,0,0,0,0,0,1,0
0,-1.2802480369298874,-1.4734993575273791,-0.9983337122588753,1,0,0,0,1,0,0,0,1,1,0,1,0,1,0,1,0,1,0,1,0,0,0,1,0,0,1
0,-0.791320501614164,-1.373786955615574,-0.8748010655283345,1,0,0,0,0,1,0,0,0,0,0,0,0,0,0,0,0,0,0,0,0,0,0,1,0,1,0
0,0.9606698332671781,1.1190230921795532,1.4551128894144754,0,1,0,0,1,0,1,1,0,0,0,0,1,0,0,0,0,0,1,0,1,0,0,0,0,1,0
0,0.9199258719908678,1.2852104286992283,1.4970257516980519,0,0,1,0,1,0,1,1,0,0,0,0,1,0,1,0,0,0,1,0,1,0,0,1,1,0,0
0,0.1457906077409725,0.919598288355943,0.4836168604835784,0,0,1,1,1,0,1,0,0,0,1,0,1,0,1,0,1,0,1,0,1,0,1,1,1,0,0
0,0.5939741817803856,-1.506736824831314,-0.5915583540961655,0,1,1,0,1,0,0,0,1,1,0,1,0,1,0,1,0,1,0,1,0,1,0,0,0,0,0
0,-0.8320644628904743,-1.4734993575273791,-0.9048018511628944,0,0,1,1,1,0,0,0,1,1,0,1,0,1,0,1,0,1,0,1,0,0,0,1,1,0,0
0,-1.2802480369298874,0.6869360172283978,-0.9696564906964283,1,0,0,0,1,0,0,1,0,0,0,0,0,0,1,0,0,0,1,0,0,0,0,1,0,1,0
1,-0.3431369275747509,0.5207486807087227,-0.08595687854902292,0,1,0,0,1,0,1,1,0,0,0,0,1,0,0,0,0,0,0,0,0,0,0,1,0,1,0
0,1.24587756220135,1.1522605594834883,1.7004134307794068,1,0,0,0,1,0,1,1,0,0,0,0,1,0,0,0,0,0,1,0,1,1,0,0,0,0,0
1,0.10504664646466222,-0.8419874787526135,-0.37449384626964355,0,0,0,0,0,1,0,0,0,0,0,0,0,0,1,0,0,0,1,0,0,0,0,1,0,1,0
0,1.4088534073065913,-0.14400066536997788,0.7002401802860627,0,0,0,0,1,0,0,0,0,0,1,0,1,0,0,0,1,0,0,0,0,1,0,0,1,0,0
0,-0.3023929662984406,0.6536985499244629,-0.10581033963071701,1,1,0,0,1,0,1,1,0,0,0,0,0,0,0,0,0,0,0,0,1,0,0,1,0,1,0
0,-0.46536881140368175,1.2852104286992283,-0.029925999496241848,0,1,0,0,1,0,1,1,0,0,1,0,0,0,1,0,0,0,1,0,1,0,0,0,0,0,1
0,-0.791320501614164,0.08866160575756733,-0.6356771564999302,0,0,0,0,1,0,0,0,0,0,1,0,1,0,0,0,1,0,0,0,1,0,0,0,0,0,0
0,0.10504664646466222,0.35456134418904756,0.12934287718134846,1,1,1,0,1,0,1,1,0,0,0,0,0,0,0,0,0,0,0,0,0,0,0,1,0,1,0
1,1.5718292524118322,-1.340549488311639,-0.16845903904406279,0,1,1,0,1,0,1,0,1,1,0,1,0,1,0,1,0,1,0,1,0,0,1,0,0,0,0
0,-0.13941712119319946,-1.506736824831314,-0.742003470293003,0,0,0,0,1,0,0,0,1,1,0,1,0,1,0,1,0,1,0,1,0,0,0,0,1,0,0
0,1.5718292524118322,-0.5096128057132632,0.5436184317526983,1,1,1,0,0,1,0,0,0,0,0,0,1,0,0,0,0,0,1,0,1,0,1,0,0,1,0
1,-1.0357842692720256,0.819885886444138,-0.7402387181968523,0,1,1,0,1,0,0,1,0,0,0,0,0,0,0,0,0,0,1,0,1,0,0,1,0,1,0
1,1.0014137945434884,-0.310188001889653,0.3578782736328492,0,0,0,0,0,1,0,0,0,0,0,0,1,0,1,0,0,0,1,0,1,0,0,1,0,1,0
0,1.3273654847539706,0.3877988114929826,1.16745829774193,0,1,1,0,1,0,1,0,0,0,1,0,0,0,1,0,1,0,0,0,1,0,1,0,0,0,0
0,-0.22090504374582004,-1.4734993575273791,-0.7446505984372288,0,1,0,0,1,0,0,0,1,1,0,1,0,1,0,1,0,1,0,1,0,1,0,0,0,0,1
0,-1.076528230548336,0.32132387688511255,-0.8002402894659723,1,1,0,0,1,0,1,1,0,0,0,0,0,0,0,0,0,0,0,0,0,0,0,1,0,1,0
1,1.6125732136881425,1.7505349709543188,2.7147046980419556,0,0,0,0,1,0,1,1,0,0,1,0,1,0,1,0,1,0,1,0,1,0,1,1,1,0,0
0,-1.2802480369298874,-1.506736824831314,-0.998774900282913,0,1,0,0,1,0,0,0,1,1,0,1,0,1,0,1,0,1,0,1,0,0,0,1,0,0,1
0,-0.8728084241667845,-0.6425626749290033,-0.7900929649131063,0,1,0,0,1,0,0,0,0,0,0,0,0,0,0,0,0,0,0,0,0,0,0,0,1,0,0
0,0.2680224915699033,-1.3073120210077038,-0.5717048930144715,0,1,1,1,1,0,1,0,1,1,0,1,0,1,0,1,0,1,0,1,0,0,1,0,0,0,1
1,1.082901717096109,0.819885886444138,1.4176119073712756,0,0,0,0,1,0,1,1,0,0,1,0,1,0,1,0,0,0,0,0,0,0,0,1,0,1,0
0,-0.26164900502213034,0.35456134418904756,-0.16537072287579924,0,1,0,0,1,0,0,0,0,0,1,0,0,0,0,0,1,0,1,0,1,1,0,0,0,0,0
1,-1.2395040756535771,-0.5096128057132632,-0.9599503541676001,0,1,0,0,1,0,0,0,0,0,0,0,0,0,1,0,0,0,0,0,0,0,0,0,0,0,1
0,1.6125732136881425,0.022186671149697273,1.0112777372326034,0,0,1,1,0,1,0,0,0,0,1,0,1,0,1,0,1,0,1,0,1,0,1,0,0,0,0
0,1.3273654847539706,0.08866160575756733,0.8939217228385894,0,1,1,0,1,0,1,0,0,0,1,0,1,0,1,0,0,0,0,0,0,1,0,0,1,0,0
0,1.6125732136881425,1.5178726998267735,2.4879340536866055,0,1,1,1,1,0,1,1,0,0,0,0,1,0,1,0,1,0,1,0,1,0,1,0,1,0,0
0,-1.076528230548336,0.7534109518362679,-0.776857324191977,0,1,0,0,1,0,1,1,0,0,0,0,0,0,0,0,1,0,0,0,1,0,0,1,0,0,0
1,-0.01718523736426863,-1.506736824831314,-0.7481801026295299,0,1,0,0,1,0,0,0,1,1,0,1,0,1,0,1,0,1,0,1,0,1,0,0,1,0,0
0,0.7162060656093164,0.35456134418904756,0.7028873084302886,0,0,1,0,1,0,1,0,0,0,0,0,0,0,1,0,0,0,1,0,1,1,0,0,0,0,0
0,1.1643896396487294,-0.07752573076210782,0.6596508820745992,0,1,1,0,0,1,0,0,0,0,1,0,0,0,1,0,1,0,1,0,1,0,1,1,0,0,1
0,-0.7098325790615434,1.2187354940913584,-0.3643465217167777,1,0,0,0,1,0,0,1,0,0,0,0,1,0,1,0,0,0,1,0,1,0,0,1,0,1,0
0,1.6125732136881425,1.6840600363464486,2.6763213399506807,0,1,1,0,1,0,1,1,0,0,1,0,1,0,1,0,1,0,1,0,1,0,1,0,0,0,0
0,-0.9542963467194051,-1.539974292135249,-0.9255376882926637,1,1,0,0,1,0,0,0,1,1,0,1,0,1,0,1,0,1,0,1,0,0,0,1,0,0,1
0,-1.2802480369298874,-1.506736824831314,-0.998774900282913,0,0,0,0,1,0,0,0,1,1,0,1,0,1,0,1,0,1,0,1,0,0,0,0,0,0,1
0,-0.8320644628904743,0.7201734845323329,-0.5368510391154974,0,0,0,0,1,0,1,1,0,0,0,0,0,0,0,0,0,0,0,0,1,0,0,1,0,1,0
0,0.18653456901728277,-1.2075996190958989,-0.5778815253509985,1,0,0,0,0,1,0,0,0,0,0,0,0,0,0,0,1,0,0,0,0,0,0,0,1,0,0
0,1.1643896396487294,-1.4734993575273791,-0.466260955269474,0,1,1,1,1,0,0,0,1,1,0,1,0,1,0,1,0,1,0,1,0,1,0,0,0,0,1
0,-0.5876006952326126,-1.506736824831314,-0.8562711685187533,0,1,1,1,1,0,0,0,1,1,0,1,0,1,0,1,0,1,0,1,0,1,0,0,0,0,0
0,-0.46536881140368175,-0.6425626749290033,-0.5725872690625468,0,1,0,1,1,0,0,0,0,0,0,0,0,0,0,0,0,0,0,0,0,0,0,0,0,0,1
0,1.4495973685829016,-0.276950534585718,0.7346528461609991,0,1,1,1,0,1,0,0,0,0,1,0,1,0,1,0,1,0,0,0,1,0,1,1,0,0,1
1,-0.8320644628904743,0.2880864095811775,-0.6418537888364572,0,1,0,0,1,0,1,1,0,0,0,0,0,0,0,0,0,0,0,0,0,0,0,1,1,0,0
1,-1.2395040756535771,-1.340549488311639,-0.9890687637540848,1,0,0,0,0,1,0,0,0,0,0,0,0,0,0,0,0,0,0,0,0,0,0,0,0,1,0
0,1.2051336009250397,1.2187354940913584,1.7123255074284232,0,0,1,0,1,0,1,1,0,0,0,0,0,0,1,0,0,0,1,0,1,0,0,1,0,1,0
1,-0.13941712119319946,1.1190230921795532,0.2555226520561153,1,0,0,0,1,0,1,1,0,0,0,0,0,0,0,0,1,0,1,0,1,0,0,0,0,1,0
0,-1.2802480369298874,-1.0414122825762238,-0.992598267946386,0,1,0,1,0,1,0,0,0,0,0,0,1,0,0,0,1,0,0,0,0,0,0,0,0,0,1
1,-1.1172721918246462,0.4875112134047877,-0.8558299804947156,1,1,1,0,1,0,1,1,0,0,0,0,0,0,1,0,0,0,0,0,0,0,0,1,0,0,0
0,-1.2802480369298874,-1.4734993575273791,-0.9983337122588753,0,0,0,0,1,0,0,0,1,1,0,1,0,1,0,1,0,1,0,1,0,0,0,0,0,1,0
0,1.2051336009250397,1.3184478960031634,1.9002716056684608,0,1,0,1,1,0,1,1,0,0,0,0,0,0,1,0,1,0,1,0,1,0,1,1,0,1,0
0,0.1457906077409725,-1.4734993575273791,-0.6908256595046359,0,0,1,1,1,0,0,0,1,1,0,1,0,1,0,1,0,1,0,1,0,0,1,0,0,0,0
1,-0.18016108246950976,1.2852104286992283,0.2678759167291694,1,0,0,0,1,0,1,1,0,0,0,0,0,0,1,0,1,0,1,0,1,0,0,1,0,1,0
0,1.4903413298592119,0.2880864095811775,1.1480460246842736,0,0,1,1,1,0,1,0,0,0,1,0,1,0,0,0,1,0,1,0,0,1,0,0,1,0,0
0,-0.8728084241667845,1.052548157571683,-0.4680257073656246,1,0,1,0,1,0,1,1,0,0,1,0,0,0,0,0,1,0,1,0,0,0,0,1,1,0,0
0,1.24587756220135,1.4513977652189036,2.0242454404230394,0,0,1,0,1,0,1,1,0,0,0,0,1,0,1,0,1,0,1,0,1,0,0,1,0,1,0
0,-0.38388088885106114,-1.4734993575273791,-0.8284763230043816,0,1,0,0,1,0,0,0,1,1,0,1,0,1,0,1,0,1,0,1,0,1,0,0,0,0,0
0,-0.9135523854430948,-1.506736824831314,-0.9153903637397979,0,1,0,0,1,0,0,0,1,1,0,1,0,1,0,1,0,1,0,1,0,0,0,0,1,0,0
0,1.5718292524118322,-1.3073120210077038,-0.2125778414478274,0,0,1,0,1,0,1,0,1,1,0,1,0,1,0,1,0,1,0,1,0,0,1,1,1,0,0
1,0.512486259227765,0.18837400766937243,0.34376025686364453,0,0,0,0,1,0,1,0,0,0,1,0,0,0,0,0,1,0,0,0,1,0,0,1,0,1,0
0,1.5310852911355222,-1.340549488311639,-0.2289017983372203,0,0,1,1,1,0,1,0,1,1,0,1,0,1,0,1,0,1,0,1,0,0,1,0,0,0,1
0,-0.42462485012737144,0.6536985499244629,-0.20596002108726272,0,0,0,1,1,0,1,1,0,0,0,0,0,0,0,0,0,0,0,0,1,0,0,1,0,1,0
0,0.797693988161937,-1.373786955615574,-0.45346650257238225,0,0,1,1,1,0,1,0,1,1,0,1,0,1,0,1,0,1,0,1,0,0,1,0,0,0,1
0,0.9199258719908678,1.3184478960031634,1.5265853493085741,1,1,1,0,1,0,1,1,0,0,0,0,0,0,1,0,1,0,1,0,1,1,0,1,0,1,0
0,1.3273654847539706,-0.1772381326739129,0.7227407695119826,0,0,0,0,0,1,0,0,0,0,1,0,0,0,1,0,1,0,1,0,1,0,1,0,1,0,0
0,1.6125732136881425,-1.506736824831314,-0.3616993935725518,0,0,1,1,1,0,0,0,1,1,0,1,0,1,0,1,0,1,0,1,0,0,1,0,0,0,0
0,-0.9135523854430948,-1.506736824831314,-0.9237729361965131,0,1,1,0,1,0,0,0,1,1,0,1,0,1,0,1,0,1,0,1,0,1,0,0,0,0,0
0,-1.0357842692720256,-1.4734993575273791,-0.9648034224320142,0,0,0,1,1,0,0,0,1,1,0,1,0,1,0,1,0,1,0,1,0,1,0,0,0,0,1
1,-1.1172721918246462,0.6869360172283978,-0.8271527589322686,0,1,0,0,1,0,0,1,0,0,0,0,1,0,0,0,0,0,0,0,1,0,0,1,0,1,0
0,-0.3431369275747509,0.45427374610085264,-0.19272438036613332,0,0,1,1,1,0,1,0,0,0,1,0,0,0,1,0,0,0,1,0,1,0,1,0,1,0,0
0,1.6125732136881425,1.7172975036503837,2.7235284585227086,0,0,1,1,1,0,1,1,0,0,1,0,1,0,1,0,1,0,1,0,1,0,1,1,1,0,0
0,-0.46536881140368175,-0.7090376095368733,-0.561116380437568,0,1,0,0,0,1,0,0,0,0,1,0,0,0,0,0,1,0,1,0,0,0,0,1,0,0,1
0,1.4903413298592119,-0.14400066536997788,0.8736270737328576,0,1,1,0,0,1,0,0,0,0,0,0,1,0,1,0,1,0,1,0,1,1,0,1,1,0,0
0,0.4717422979514547,-0.3434254691935881,0.117430800532332,0,1,1,1,1,0,0,0,0,0,0,0,1,0,0,0,1,0,0,0,0,0,0,1,0,0,0
1,1.1643896396487294,0.022186671149697273,0.7421530425696391,0,0,1,1,1,0,1,0,0,0,0,0,0,0,1,0,0,0,1,0,0,1,0,1,0,1,0
1,-0.3431369275747509,1.2519729613952935,0.09404783525833675,1,1,0,0,1,0,1,1,0,0,0,0,1,0,1,0,0,0,1,0,1,0,0,1,1,0,0
0,-1.2802480369298874,0.853123353748073,-0.9674505505762402,1,0,0,0,1,0,0,1,0,0,0,0,0,0,0,0,0,0,1,0,1,0,0,0,0,1,0
0,-1.076528230548336,-0.47637533840932816,-0.8800953218167862,1,0,0,0,1,0,0,0,0,0,0,0,0,0,0,0,1,0,0,0,0,0,0,1,0,0,0
0,-1.1580161531009565,0.853123353748073,-0.8448002798937745,1,1,0,0,1,0,1,1,0,0,0,0,1,0,0,0,0,0,0,0,1,0,0,1,0,1,0
0,1.6125732136881425,1.4513977652189036,2.4517566357155185,0,1,1,0,1,0,1,1,0,0,0,0,1,0,1,0,1,0,1,0,1,0,1,1,0,1,0
0,1.6125732136881425,0.919598288355943,1.9188015026780418,0,1,0,0,1,0,1,0,0,0,1,0,1,0,1,0,1,0,1,0,1,0,1,0,0,0,0
1,-0.7505765403378537,0.35456134418904756,-0.5602340043894927,0,1,1,0,1,0,1,1,0,0,0,0,0,0,0,0,0,0,0,0,0,0,0,1,0,1,0
0,-1.0357842692720256,-1.3073120210077038,-0.940096893085906,0,1,0,0,1,0,1,0,1,1,0,1,0,1,0,1,0,1,0,1,0,0,0,1,0,0,0
0,0.6347181430566958,0.35456134418904756,0.6570037539303734,0,0,0,0,1,0,0,1,0,0,0,0,1,0,0,0,0,0,0,0,0,1,0,0,0,1,0
0,0.9199258719908678,-1.506736824831314,-0.5544985600770033,0,1,1,1,1,0,0,0,1,1,0,1,0,1,0,1,0,1,0,1,0,1,0,0,0,0,1
0,-1.2802480369298874,-1.506736824831314,-0.998774900282913,0,1,0,0,1,0,0,0,1,1,0,1,0,1,0,1,0,1,0,1,0,0,0,0,1,0,0
0,0.512486259227765,1.5843476344346437,1.21245947619377,0,1,0,0,1,0,0,1,0,0,1,0,1,0,1,0,1,0,1,0,1,1,0,0,1,0,0
0,-1.1987601143772668,0.18837400766937243,-0.9100961074513462,0,1,0,0,1,0,0,1,0,0,0,0,0,0,0,0,0,0,0,0,0,0,0,1,0,0,1
0,1.5718292524118322,-1.506736824831314,-0.3824352307023212,0,0,1,0,1,0,0,0,1,1,0,1,0,1,0,1,0,1,0,1,0,0,1,0,0,0,1
0,-0.9950403079957154,-1.4734993575273791,-0.9374497649416802,0,1,1,0,1,0,0,0,1,1,0,1,0,1,0,1,0,1,0,1,0,0,0,0,0,0,1
0,-1.1987601143772668,0.35456134418904756,-0.8942133385859908,1,0,1,0,1,0,1,1,0,0,0,0,0,0,0,0,0,0,0,0,0,0,0,1,0,1,0
0,1.4903413298592119,0.5207486807087227,1.4379065564770073,0,1,1,1,1,0,0,0,0,0,1,0,1,0,0,0,1,0,1,0,1,0,1,0,0,0,0
0,-1.2802480369298874,0.12189907306150236,-0.9771566871050683,1,1,1,1,1,0,0,1,0,0,0,0,0,0,0,0,0,0,0,0,0,0,0,1,0,1,0
1,1.6125732136881425,1.6840600363464486,2.717793014210219,0,0,1,0,1,0,1,1,0,0,1,0,1,0,1,0,1,0,1,0,1,0,1,1,1,0,0
0,-0.8728084241667845,0.2880864095811775,-0.6581777457258501,1,1,0,0,1,0,0,1,0,0,1,0,0,0,0,0,0,0,0,0,0,0,0,1,0,1,0
0,1.5718292524118322,0.5207486807087227,1.5111437684672566,0,1,0,0,1,0,1,0,0,0,1,0,1,0,1,0,1,0,0,0,1,0,1,0,0,0,0
0,-1.2802480369298874,0.1551365403654374,-0.9767154990810307,1,0,0,0,1,0,0,1,0,0,0,0,0,0,0,0,0,0,0,0,0,0,0,1,0,0,1
0,0.02355872391204165,-0.1772381326739129,-0.11772241627973346,0,0,1,0,0,1,0,0,0,0,1,0,0,0,1,0,1,0,1,0,1,0,1,0,0,0,0
0,-0.6690886177852331,-1.506736824831314,-0.8633301769033557,0,0,0,0,1,0,0,0,1,1,0,1,0,1,0,1,0,1,0,1,0,1,0,0,0,0,1
1,0.9606698332671781,1.0193106902677482,1.4065822067703344,0,0,1,0,1,0,1,1,0,0,1,0,1,0,1,0,1,0,0,0,0,1,0,0,0,1,0
0,-1.2802480369298874,-1.506736824831314,-0.998774900282913,0,0,0,0,1,0,0,0,1,1,0,1,0,1,0,1,0,1,0,1,0,0,0,0,1,0,0
0,-1.1172721918246462,0.18837400766937243,-0.8545064164226027,1,1,0,0,1,0,0,0,0,0,0,0,0,0,1,0,0,0,1,0,1,0,0,1,0,1,0
0,1.0014137945434884,-1.506736824831314,-0.5390569792356856,0,1,1,1,1,0,0,0,1,1,0,1,0,1,0,1,0,1,0,1,0,1,0,0,0,0,1
0,0.9606698332671781,-0.9416998806644186,-0.13757587736142754,0,1,1,1,0,1,0,0,0,0,0,0,1,0,1,0,0,0,0,0,0,1,0,1,1,0,0
0,-0.9950403079957154,0.9860732229638132,-0.6661191301585278,1,1,0,0,1,0,1,1,0,0,0,0,1,0,1,0,0,0,1,0,0,0,0,1,0,1,0
0,-0.42462485012737144,-0.11076319806604285,-0.3797881025580953,1,0,1,1,1,0,0,0,0,0,1,0,1,0,1,0,0,0,0,0,0,0,0,0,0,0,1
0,-1.2802480369298874,-1.506736824831314,-0.998774900282913,0,0,0,0,1,0,0,0,1,1,0,1,0,1,0,1,0,1,0,1,0,0,0,0,0,0,1
0,0.3087664528462136,-0.011050796154237758,0.07816506639298149,0,0,0,1,1,0,0,0,0,0,1,0,0,0,0,0,1,0,1,0,0,0,0,1,1,0,0
0,0.5532302205040753,-1.506736824831314,-0.6295005241634031,0,1,1,1,1,0,0,0,1,1,0,1,0,1,0,1,0,1,0,1,0,0,1,0,1,0,0
0,1.24587756220135,-1.506736824831314,-0.44464274209162935,0,1,1,1,1,0,0,0,1,1,0,1,0,1,0,1,0,1,0,1,0,0,1,0,0,0,1
0,1.4495973685829016,1.5178726998267735,2.2871935027494765,0,1,1,1,1,0,1,1,0,0,1,0,1,0,1,0,0,0,1,0,1,0,1,1,0,1,0
0,1.4903413298592119,1.3849228306110335,2.1963087697977213,0,1,1,1,1,0,0,1,0,0,1,0,1,0,0,0,1,0,1,0,1,0,1,1,1,0,0
0,0.9606698332671781,0.853123353748073,1.2499604582369699,0,0,1,0,1,0,1,1,0,0,0,0,1,0,1,0,1,0,0,0,0,0,0,0,0,1,0
0,-0.9135523854430948,0.022186671149697273,-0.7159733768747818,0,0,1,1,1,0,0,0,0,0,0,0,1,0,1,0,0,0,0,0,1,1,0,1,0,0,1
0,1.24587756220135,1.3184478960031634,1.9002716056684608,0,1,0,0,1,0,1,1,0,0,1,0,1,0,1,0,1,0,1,0,0,1,0,0,1,0,0
0,-0.3431369275747509,-0.4099004038014581,-0.47420233970215164,0,0,1,1,0,1,0,0,0,0,1,0,1,0,1,0,1,0,0,0,1,0,1,1,0,0,1
0,-0.5468567339563023,-0.276950534585718,-0.5514102439087397,0,0,0,0,1,0,1,0,0,0,0,0,0,0,1,0,0,0,0,0,0,0,0,1,0,0,1
0,-0.42462485012737144,0.7866484191402029,-0.1755180474286651,0,1,1,1,1,0,1,1,0,0,0,0,0,0,1,0,0,0,1,0,0,0,0,1,0,1,0
0,-0.13941712119319946,0.6536985499244629,0.08125338256124501,1,1,1,0,1,0,1,1,0,0,1,0,1,0,0,0,0,0,0,0,0,0,0,1,0,1,0
0,-0.791320501614164,0.35456134418904756,-0.5708225169663962,1,1,1,0,1,0,1,0,0,0,0,0,0,0,1,0,0,0,1,0,1,1,0,1,0,0,1
0,1.5310852911355222,-1.2740745537037688,-0.12213429652010992,0,0,1,0,1,0,1,0,1,1,0,1,0,1,0,1,0,1,0,1,0,0,1,1,0,0,0
0,0.6754621043330061,1.1522605594834883,1.2098123480495442,0,0,1,0,1,0,0,1,0,0,0,0,1,0,1,0,0,0,1,0,1,0,0,0,0,1,0
1,0.4309983366751445,1.4846352325228385,1.123780683362203,1,0,1,0,1,0,1,1,0,0,1,0,0,0,1,0,1,0,1,0,1,1,0,1,0,0,1
0,-1.1987601143772668,-1.506736824831314,-0.9811273793214071,1,0,0,0,1,0,0,0,1,1,0,1,0,1,0,1,0,1,0,1,0,0,0,1,0,0,1
0,0.3902543753988342,0.2880864095811775,0.35523114548862333,0,1,1,1,1,0,0,0,0,0,0,0,0,0,1,0,1,0,1,0,1,1,0,0,0,1,0
0,1.0014137945434884,-0.3434254691935881,0.3755257945943551,0,1,0,0,1,0,0,0,0,0,0,0,1,0,0,0,1,0,0,0,0,1,0,1,0,0,1
1,-1.2395040756535771,0.0554241384536323,-0.9656857984800895,1,1,0,0,1,0,0,0,0,0,1,0,0,0,1,0,0,0,1,0,0,0,0,0,0,0,0
0,1.6125732136881425,1.6840600363464486,2.6599973830612877,0,0,1,0,1,0,1,1,0,0,1,0,1,0,1,0,1,0,1,0,1,0,1,1,1,0,0
1,0.5532302205040753,1.3184478960031634,1.1383398881554454,0,0,0,0,1,0,1,1,0,0,0,0,1,0,1,0,0,0,1,0,1,0,0,1,0,1,0
1,1.368109446030281,1.1854980267874233,2.0242454404230394,1,1,1,0,1,0,1,1,0,0,0,0,0,0,0,0,1,0,1,0,1,0,0,1,1,0,0
0,1.2051336009250397,1.2519729613952935,1.8733591362021642,1,1,0,0,1,0,1,1,0,0,1,0,1,0,0,0,1,0,0,0,1,1,0,0,0,1,0
0,1.6125732136881425,0.8863608210520081,1.9210074427982302,0,0,1,0,1,0,1,0,0,0,1,0,1,0,1,0,1,0,1,0,1,0,1,1,0,0,0
0,0.10504664646466222,0.819885886444138,0.3892026233395221,0,1,1,1,1,0,0,1,0,0,0,0,1,0,0,0,1,0,1,0,0,1,0,1,0,1,0
0,-0.6283446565089229,0.853123353748073,-0.36567008578889065,1,1,1,0,1,0,1,1,0,0,1,0,1,0,1,0,0,0,0,0,0,0,0,0,1,0,0
0,1.6125732136881425,0.919598288355943,1.9867444583798395,0,0,1,0,1,0,1,0,0,0,1,0,1,0,1,0,1,0,1,0,1,0,1,1,0,1,0
0,-0.18016108246950976,-1.506736824831314,-0.7675923756871864,0,0,1,1,1,0,0,0,1,1,0,1,0,1,0,1,0,1,0,1,0,1,0,0,0,0,1
0,0.9606698332671781,-1.3073120210077038,-0.42170096484167174,1,1,1,0,1,0,1,0,1,1,0,1,0,1,0,1,0,1,0,1,0,0,1,1,1,0,0
0,-0.05792919864057891,0.4875112134047877,0.0534585370468733,1,0,0,0,1,0,1,1,0,0,0,0,0,0,0,0,1,0,0,0,0,0,0,1,1,0,0
0,0.512486259227765,-1.539974292135249,-0.624647455898989,0,1,0,0,1,0,0,0,1,1,0,1,0,1,0,1,0,1,0,1,0,1,0,0,0,0,0
0,-1.2802480369298874,-1.3073120210077038,-0.9961277721386872,0,0,0,0,1,0,1,0,1,1,0,1,0,1,0,1,0,1,0,1,0,0,0,1,0,0,1
0,-1.2395040756535771,-0.5096128057132632,-0.9568620379993367,1,0,0,0,1,0,0,0,0,0,0,0,1,0,0,0,0,0,0,0,0,0,0,1,0,0,1
0,-1.076528230548336,-1.4734993575273791,-0.9590679781195248,0,0,0,0,1,0,0,0,1,1,0,1,0,1,0,1,0,1,0,1,0,0,0,1,0,0,1
0,0.6347181430566958,1.0857856248756181,1.062896736045008,0,0,1,0,1,0,0,1,0,0,0,0,1,0,1,0,0,0,1,0,1,1,0,1,0,1,0
0,-0.3023929662984406,-1.3073120210077038,-0.7662688116150734,0,1,1,1,1,0,1,0,1,1,0,1,0,1,0,1,0,1,0,1,0,0,0,1,0,0,0
0,1.2866215234776603,-1.506736824831314,-0.445083930115667,0,1,1,1,1,0,0,0,1,1,0,1,0,1,0,1,0,1,0,1,0,0,1,1,0,0,0
0,0.7162060656093164,-0.9749373479683536,-0.22096041390454269,0,1,0,0,0,1,0,0,0,0,1,0,1,0,0,0,0,0,0,0,0,0,0,1,0,0,1
0,0.797693988161937,1.2187354940913584,1.3315802426839345,0,0,1,1,1,0,1,1,0,0,0,0,0,0,1,0,0,0,1,0,1,1,0,0,0,0,0
1,-1.1580161531009565,0.18837400766937243,-0.8836248260090873,0,1,1,0,1,0,0,1,0,0,0,0,0,0,0,0,0,0,0,0,0,0,0,1,0,1,0
1,-0.01718523736426863,0.853123353748073,0.2709642328974329,0,0,0,0,1,0,0,1,0,0,0,0,0,0,0,0,0,0,1,0,1,0,0,0,0,1,0
0,0.512486259227765,0.2880864095811775,0.48008735629127725,0,1,1,1,1,0,1,0,0,0,1,0,1,0,0,0,1,0,1,0,0,0,1,0,1,0,0
0,-0.9542963467194051,0.7866484191402029,-0.6537658654854737,0,1,1,0,1,0,1,1,0,0,1,0,0,0,0,0,0,0,0,0,1,0,0,1,0,1,0
1,1.368109446030281,1.3516853633070984,2.0701289949229547,1,0,1,0,1,0,1,1,0,0,0,0,0,0,1,0,1,0,1,0,1,1,0,1,1,0,0
0,-1.1987601143772668,0.8863608210520081,-0.8937721505619532,1,1,0,1,1,0,1,1,0,0,0,0,0,0,1,0,0,0,0,0,1,0,0,0,0,1,0
0,0.8791819107145575,-1.4734993575273791,-0.531115594803008,0,0,0,0,1,0,0,0,1,1,0,1,0,1,0,1,0,1,0,1,0,0,1,0,0,0,1
0,-1.2802480369298874,-0.8087500114486784,-0.9895099517781225,1,0,1,1,0,1,0,0,0,0,0,0,0,0,0,0,1,0,1,0,0,0,0,0,0,1,0
0,1.2866215234776603,1.5178726998267735,2.079835131451783,0,0,1,1,1,0,1,1,0,0,1,0,1,0,0,0,1,0,1,0,1,0,1,0,0,0,0
1,-0.05792919864057891,0.2880864095811775,-0.029043623448166557,1,0,0,0,1,0,1,1,0,0,0,0,0,0,0,0,0,0,0,0,0,0,0,1,0,1,0
0,-0.7505765403378537,0.819885886444138,-0.5090561936011256,1,0,0,0,1,0,0,1,0,0,0,0,0,0,0,0,0,0,1,0,1,0,0,1,0,0,1
0,-0.8320644628904743,0.6869360172283978,-0.5752343972067726,0,0,0,0,1,0,0,1,0,0,1,0,0,0,0,0,0,0,1,0,0,1,0,1,1,0,0
1,1.4088534073065913,-0.14400066536997788,0.8100959982714366,0,1,1,0,1,0,0,0,0,0,1,0,1,0,0,0,1,0,0,0,0,1,0,1,0,0,0
0,0.10504664646466222,0.2548489422772425,0.12581337298904727,1,0,1,1,1,0,1,0,0,0,1,0,0,0,1,0,1,0,1,0,0,0,0,0,0,1,0
0,0.512486259227765,0.2880864095811775,0.470381219762449,0,0,0,0,1,0,1,0,0,0,1,0,0,0,0,0,1,0,0,0,1,0,1,0,0,0,1
0,-0.9135523854430948,-0.6093252076250683,-0.7900929649131063,0,1,0,0,1,0,0,0,0,0,0,0,0,0,0,0,0,0,0,0,0,0,0,0,0,0,1
1,-0.13941712119319946,-0.21047559997784793,-0.24919644744295205,0,0,0,0,1,0,1,0,0,0,1,0,1,0,0,0,0,0,0,0,0,0,0,1,0,0,0
0,-0.3431369275747509,-1.340549488311639,-0.7402387181968523,0,0,0,0,1,0,1,0,1,1,0,1,0,1,0,1,0,1,0,1,0,1,0,0,0,0,0
0,1.368109446030281,-1.506736824831314,-0.4142007684330317,0,1,1,1,1,0,0,0,1,1,0,1,0,1,0,1,0,1,0,1,0,0,1,1,0,0,1
0,0.7569500268856267,0.7201734845323329,0.8753918258290083,0,1,0,0,1,0,0,1,0,0,1,0,0,0,0,0,0,0,1,0,0,1,0,0,0,0,1
0,0.512486259227765,-1.3073120210077038,-0.5125856977934269,0,0,1,0,1,0,1,0,1,1,0,1,0,1,0,1,0,1,0,1,0,0,1,0,0,0,1
0,0.6754621043330061,-1.506736824831314,-0.602146866673069,0,0,1,0,1,0,0,0,1,1,0,1,0,1,0,1,0,1,0,1,0,1,0,0,1,0,0
0,-0.13941712119319946,-1.506736824831314,-0.7772985122160146,0,0,1,0,1,0,0,0,1,1,0,1,0,1,0,1,0,1,0,1,0,0,1,1,0,0,1
0,0.3087664528462136,1.5178726998267735,0.9645118066846128,0,1,1,1,1,0,1,1,0,0,1,0,1,0,0,0,1,0,1,0,1,0,0,1,1,0,0
1,0.18653456901728277,1.052548157571683,0.5722956533151453,1,0,0,0,1,0,1,1,0,0,0,0,0,0,0,0,0,0,1,0,1,0,0,1,0,1,0
0,-0.3023929662984406,0.1551365403654374,-0.24434337917853793,0,1,0,0,1,0,0,1,0,0,0,0,0,0,0,0,0,0,0,0,0,0,0,0,0,1,0
0,-0.42462485012737144,-0.47637533840932816,-0.5337627229472339,0,0,0,0,0,1,0,0,0,0,0,0,0,0,1,0,0,0,1,0,1,0,0,1,0,1,0
0,1.6125732136881425,0.022186671149697273,1.0073070450162644,0,1,0,0,0,1,0,0,0,0,1,0,1,0,1,0,1,0,1,0,1,0,1,1,0,0,0
0,-1.0357842692720256,-0.8087500114486784,-0.8778893816965979,1,0,0,0,0,1,0,0,0,0,0,0,1,0,0,0,0,0,0,0,1,0,0,1,1,0,0
0,0.02355872391204165,0.5872236153165927,0.1412549538303649,0,1,1,1,1,0,0,0,0,0,0,0,1,0,1,0,1,0,1,0,1,0,1,0,1,0,0
0,-0.38388088885106114,0.4875112134047877,-0.22051922588050504,0,0,0,0,1,0,0,1,0,0,0,0,1,0,0,0,1,0,0,0,0,0,0,1,0,0,1
1,-0.3431369275747509,1.2187354940913584,0.06934130591222856,1,1,0,0,1,0,1,1,0,0,0,0,1,0,0,0,0,0,1,0,1,0,0,1,0,1,0
0,-1.2802480369298874,0.4875112134047877,-0.9723036188406543,1,0,0,0,1,0,0,1,0,0,0,0,0,0,0,0,0,0,1,0,0,0,0,0,0,1,0
0,1.4903413298592119,0.853123353748073,1.7820332152263714,0,1,0,0,1,0,1,0,0,0,1,0,1,0,1,0,1,0,1,0,1,0,1,0,0,0,1
0,-1.1987601143772668,-1.4734993575273791,-0.9820097553694824,0,0,0,1,1,0,0,0,1,1,0,1,0,1,0,1,0,1,0,1,0,1,0,1,1,0,0
0,0.9606698332671781,0.35456134418904756,0.8828920222376483,0,1,0,0,1,0,0,0,0,0,0,0,1,0,0,0,1,0,1,0,1,1,0,1,0,0,0
0,1.3273654847539706,1.5178726998267735,2.142042642841091,0,1,0,0,1,0,1,1,0,0,1,0,0,0,1,0,1,0,1,0,1,1,0,1,1,0,0
0,1.5718292524118322,-1.4734993575273791,-0.3281691037456907,0,1,1,0,1,0,0,0,1,1,0,1,0,1,0,1,0,1,0,1,0,1,0,0,0,1,0
1,-0.7505765403378537,0.5207486807087227,-0.5403805433077986,0,0,0,0,1,0,1,1,0,0,0,0,0,0,1,0,0,0,0,0,0,0,0,1,0,0,0
0,-1.2395040756535771,0.18837400766937243,-0.9528913457829978,0,0,0,0,1,0,0,1,0,0,0,0,0,0,0,0,0,0,0,0,0,0,0,1,0,1,0
0,-0.01718523736426863,0.6536985499244629,0.21978642210906593,1,0,0,0,1,0,1,1,0,0,0,0,0,0,0,0,0,0,1,0,0,1,0,0,0,1,0
0,0.3087664528462136,0.08866160575756733,0.1977270209071836,0,1,0,0,1,0,0,0,0,0,1,0,0,0,1,0,0,0,0,0,1,0,0,0,0,1,0
0,-1.2802480369298874,-1.4734993575273791,-0.9983337122588753,0,1,0,0,1,0,0,0,1,1,0,1,0,1,0,1,0,1,0,1,0,0,0,0,1,0,0
0,-1.2802480369298874,0.819885886444138,-0.9678917386002778,1,1,0,0,1,0,0,1,0,0,0,0,0,0,0,0,0,0,1,0,1,0,0,1,0,1,0
0,-1.0357842692720256,0.1551365403654374,-0.7878870247929182,0,0,0,0,1,0,0,1,0,0,0,0,0,0,0,0,0,0,0,0,0,0,0,1,0,0,1
0,-0.7098325790615434,-0.44313787110539316,-0.6934727876488618,0,0,1,0,1,0,1,0,0,0,0,0,0,0,0,0,0,0,0,0,0,0,0,1,0,1,0
0,-0.6283446565089229,0.9860732229638132,-0.29816831811113076,1,0,1,1,1,0,1,1,0,0,1,0,0,0,1,0,0,0,1,0,0,0,0,0,0,1,0
0,-0.5468567339563023,0.45427374610085264,-0.3497873169235354,1,1,0,0,1,0,0,1,0,0,0,0,1,0,1,0,0,0,0,0,0,0,0,1,0,1,0
0,1.5718292524118322,-1.3073120210077038,-0.1697826031161757,0,1,0,0,1,0,1,0,1,1,0,1,0,1,0,1,0,1,0,1,0,0,1,0,0,0,0
0,0.8791819107145575,-0.14400066536997788,0.4368509299355879,0,0,1,1,1,0,1,0,0,0,1,0,0,0,0,0,1,0,0,0,0,0,1,0,0,0,0
0,-0.05792919864057891,0.853123353748073,0.2850822496666376,0,1,1,0,1,0,1,1,0,0,1,0,1,0,0,0,1,0,0,0,0,0,0,1,1,0,0
0,-0.8728084241667845,0.3877988114929826,-0.6374419085960807,0,0,0,0,1,0,0,1,0,0,1,0,0,0,0,0,0,0,0,0,0,0,0,0,0,1,0
1,-0.5876006952326126,0.6536985499244629,-0.37052315405330477,0,0,0,0,1,0,0,1,0,0,0,0,0,0,1,0,0,0,0,0,1,0,0,1,0,1,0
1,1.6125732136881425,1.5178726998267735,2.4102849614559796,0,0,0,0,1,0,1,1,0,0,1,0,1,0,0,0,1,0,1,0,1,0,1,1,0,0,0
1,1.5718292524118322,1.1522605594834883,2.0595404823460512,0,0,0,0,1,0,1,1,0,0,0,0,1,0,0,0,0,0,1,0,1,0,0,1,1,0,0
1,-1.1172721918246462,-0.6425626749290033,-0.912743235595572,0,1,0,0,0,1,0,0,0,0,0,0,0,0,1,0,1,0,1,0,0,0,0,0,1,0,0
0,0.22727853029359305,0.1551365403654374,0.17037336341684955,0,1,1,0,1,0,1,0,0,0,0,0,0,0,1,0,1,0,0,0,1,1,0,0,1,0,0
0,-1.1172721918246462,-0.5428502730171982,-0.9034782870907815,0,1,0,1,1,0,0,0,0,0,0,0,0,0,0,0,1,0,0,0,0,0,0,1,0,0,0
1,-1.2395040756535771,-0.6758001422329384,-0.9665681745281649,1,1,0,0,1,0,0,0,0,0,0,0,0,0,0,0,0,0,0,0,0,0,0,1,0,1,0
1,0.797693988161937,-0.1772381326739129,0.361848965849188,0,0,0,0,1,0,1,0,0,0,1,0,0,0,1,0,0,0,0,0,0,0,1,0,0,0,0
1,-0.9950403079957154,0.35456134418904756,-0.7397975301728147,1,0,0,0,1,0,1,1,0,0,0,0,0,0,0,0,0,0,0,0,0,0,0,1,0,1,0
0,1.4495973685829016,0.5207486807087227,1.3443746953810263,0,0,0,0,1,0,1,0,0,0,0,0,1,0,1,0,0,0,1,0,1,0,1,1,0,1,0
0,1.4903413298592119,-1.4734993575273791,-0.3881706750148106,0,1,1,1,1,0,0,0,1,1,0,1,0,1,0,1,0,1,0,1,0,1,0,1,1,0,0
0,0.3902543753988342,0.0554241384536323,0.19596226881103304,0,0,1,0,1,0,1,0,0,0,1,0,1,0,0,0,1,0,0,0,0,0,0,1,1,0,0
0,0.7162060656093164,1.1854980267874233,1.2155477923620335,0,0,0,0,1,0,0,1,0,0,0,0,1,0,0,0,1,0,1,0,1,0,1,1,0,0,1
0,-1.2802480369298874,-1.506736824831314,-0.998774900282913,1,0,0,0,1,0,0,0,1,1,0,1,0,1,0,1,0,1,0,1,0,0,0,1,0,0,1
1,-1.2802480369298874,0.5207486807087227,-0.9718624308166166,1,1,1,0,1,0,1,1,0,0,1,0,0,0,0,0,0,0,0,0,0,0,0,1,0,1,0
0,0.02355872391204165,-0.6758001422329384,-0.36214058159658946,0,1,1,0,1,0,0,0,0,0,0,0,0,0,0,0,0,0,0,0,0,0,0,1,1,0,0
0,-1.0357842692720256,-1.4734993575273791,-0.9409792691339813,0,0,0,0,1,0,0,0,1,1,0,1,0,1,0,1,0,1,0,1,0,0,0,0,0,0,1
0,1.2866215234776603,0.8863608210520081,1.6223231505247433,0,1,1,1,1,0,1,1,0,0,1,0,1,0,1,0,0,0,0,0,0,0,0,1,0,1,0
0,-1.2802480369298874,0.32132387688511255,-0.9745095589608425,1,0,0,0,1,0,0,1,0,0,0,0,0,0,1,0,0,0,0,0,0,0,0,1,0,1,0
0,1.082901717096109,-1.4734993575273791,-0.48126134808675397,0,1,0,0,1,0,0,0,1,1,0,1,0,1,0,1,0,1,0,1,0,0,1,1,0,0,0
0,-1.076528230548336,-0.47637533840932816,-0.8686244331918074,0,0,1,0,1,0,1,0,0,0,0,0,0,0,0,0,0,0,0,0,0,0,0,0,0,1,0
0,-1.1987601143772668,-1.539974292135249,-0.9824509433935201,0,0,0,0,1,0,0,0,1,1,0,1,0,1,0,1,0,1,0,1,0,0,0,0,0,0,1
0,-0.7098325790615434,-1.4734993575273791,-0.861565424807205,0,0,1,0,1,0,0,0,1,1,0,1,0,1,0,1,0,1,0,1,0,0,0,0,1,0,0
0,-0.791320501614164,-0.011050796154237758,-0.6202355756586125,0,1,1,1,1,0,0,0,0,0,0,0,0,0,0,0,0,0,1,0,1,1,0,1,0,1,0
0,-0.38388088885106114,1.1190230921795532,-0.014925606678961876,0,0,0,0,1,0,1,1,0,0,0,0,1,0,0,0,0,0,1,0,1,0,0,1,1,0,0
1,-0.05792919864057891,0.819885886444138,0.23125731073404474,0,1,1,0,1,0,1,1,0,0,1,0,0,0,0,0,0,0,1,0,0,0,0,0,0,1,0
0,-0.13941712119319946,-0.21047559997784793,-0.25890258397178023,0,1,0,0,1,0,0,0,0,0,1,0,1,0,0,0,1,0,0,0,0,1,0,1,0,1,0
0,0.6754621043330061,-1.4734993575273791,-0.5518514319327774,0,0,1,0,1,0,0,0,1,1,0,1,0,1,0,1,0,1,0,1,0,1,0,0,1,0,0
0,0.9606698332671781,0.6869360172283978,1.1555462210929137,0,0,1,0,1,0,1,1,0,0,0,0,0,0,0,0,0,0,1,0,0,0,0,1,0,0,0
0,1.24587756220135,0.5207486807087227,1.1965767073284148,0,0,0,0,1,0,1,0,0,0,1,0,1,0,1,0,1,0,0,0,1,0,1,1,1,0,0
0,1.24587756220135,0.4875112134047877,1.213783040265883,0,1,1,0,1,0,1,0,0,0,0,0,0,0,1,0,1,0,1,0,1,0,1,0,1,0,0
1,-0.3431369275747509,0.4875112134047877,-0.1878713121017192,0,1,1,1,1,0,1,1,0,0,1,0,0,0,0,0,0,0,0,0,0,0,0,1,0,1,0
1,0.1457906077409725,-0.3434254691935881,-0.12831092885663697,0,1,1,0,1,0,0,0,0,0,0,0,0,0,1,0,1,0,0,0,0,1,0,0,1,0,0
1,-0.9542963467194051,0.5207486807087227,-0.675825266687356,1,0,0,0,1,0,0,1,0,0,0,0,0,0,0,0,0,0,1,0,0,0,0,1,0,1,0
0,-1.1987601143772668,-1.340549488311639,-0.9780390631531437,1,1,0,0,0,1,0,0,0,0,0,0,0,0,0,0,0,0,0,0,0,0,0,0,0,1,0
0,-0.46536881140368175,0.5207486807087227,-0.2509611995391026,0,0,1,0,1,0,0,0,0,0,1,0,0,0,1,0,1,0,1,0,1,1,0,0,0,0,1
0,-0.791320501614164,-1.340549488311639,-0.8558299804947156,0,1,1,1,1,0,1,0,1,1,0,1,0,1,0,1,0,1,0,1,0,1,0,0,0,0,0
0,-1.2802480369298874,-1.4734993575273791,-0.9983337122588753,0,1,1,1,1,0,0,0,1,1,0,1,0,1,0,1,0,1,0,1,0,0,0,1,0,0,0
0,-0.3023929662984406,-1.4734993575273791,-0.7777397002400522,0,0,1,1,1,0,0,0,1,1,0,1,0,1,0,1,0,1,0,1,0,1,0,0,0,0,1
0,1.5718292524118322,-1.506736824831314,-0.39522968339941295,0,1,1,1,1,0,0,0,1,1,0,1,0,1,0,1,0,1,0,1,0,0,1,1,0,0,0
0,1.368109446030281,1.6508225690425138,2.2501337087303144,0,1,0,0,1,0,1,1,0,0,1,0,1,0,1,0,1,0,1,0,1,1,0,1,0,0,0
0,0.512486259227765,1.1854980267874233,0.9706884390211399,0,0,0,0,1,0,0,1,0,0,1,0,1,0,0,0,0,0,1,0,1,1,0,1,0,1,0
0,-0.42462485012737144,0.5207486807087227,-0.2544907037314038,0,0,1,0,1,0,0,1,0,0,0,0,0,0,0,0,0,0,1,0,0,0,0,1,1,0,0
0,1.4088534073065913,-1.4734993575273791,-0.42170096484167174,0,0,1,0,1,0,0,0,1,1,0,1,0,1,0,1,0,1,0,1,0,1,0,1,0,0,0
0,1.4495973685829016,0.819885886444138,1.6284997828612704,0,0,1,0,1,0,1,1,0,0,0,0,0,0,1,0,0,0,1,0,0,0,1,1,0,0,0
1,0.6754621043330061,0.853123353748073,0.9848064557903445,1,0,0,0,1,0,1,1,0,0,0,0,0,0,1,0,0,0,0,0,1,0,0,1,1,0,0
1,-1.1580161531009565,-0.5428502730171982,-0.9281848164368897,0,0,0,0,1,0,1,0,0,0,0,0,0,0,0,0,0,0,0,0,0,0,0,0,0,0,1
0,1.24587756220135,0.5207486807087227,1.2164301684101089,0,1,1,0,1,0,1,0,0,0,1,0,1,0,1,0,1,0,0,0,1,1,0,0,1,0,0
0,-1.2395040756535771,0.4875112134047877,-0.9343614487734166,1,0,1,0,1,0,0,1,0,0,0,0,1,0,1,0,0,0,0,0,0,0,0,0,0,0,0
0,-0.46536881140368175,-1.4734993575273791,-0.8209761265957416,0,1,0,0,1,0,0,0,1,1,0,1,0,1,0,1,0,1,0,1,0,1,0,1,0,0,1
0,0.9199258719908678,-0.24371306728178296,0.3367012484790422,1,1,1,1,1,0,0,0,0,0,1,0,1,0,0,0,1,0,0,0,0,0,1,0,0,0,0
0,-1.2802480369298874,-1.4734993575273791,-0.9983337122588753,0,1,0,1,1,0,0,0,1,1,0,1,0,1,0,1,0,1,0,1,0,0,0,1,0,0,1
0,-0.6283446565089229,-1.506736824831314,-0.8492121601341509,0,0,0,0,1,0,0,0,1,1,0,1,0,1,0,1,0,1,0,1,0,0,1,0,0,0,1
0,-0.09867315991688919,1.1854980267874233,0.2881705658349011,0,1,0,0,1,0,1,1,0,0,1,0,0,0,0,0,0,0,1,0,1,0,0,1,0,0,0
0,-0.42462485012737144,-0.24371306728178296,-0.4464074941877799,0,1,1,1,1,0,0,0,0,0,1,0,1,0,0,0,1,0,0,0,0,0,0,1,0,0,1
0,-0.9542963467194051,-0.1772381326739129,-0.7733278199996758,0,0,0,0,1,0,0,0,0,0,0,0,0,0,0,0,1,0,1,0,0,0,0,1,0,0,0
0,-1.2802480369298874,-1.506736824831314,-0.998774900282913,0,1,1,1,1,0,0,0,1,1,0,1,0,1,0,1,0,1,0,1,0,0,0,0,0,0,1
0,-0.46536881140368175,0.7201734845323329,-0.20948952527956388,1,0,1,0,1,0,1,1,0,0,0,0,0,0,0,0,0,0,0,0,1,0,0,1,0,1,0
0,-0.5468567339563023,-0.1772381326739129,-0.502438373240561,0,1,0,0,1,0,1,0,0,0,0,0,0,0,1,0,1,0,0,0,0,0,0,0,0,1,0
0,1.4903413298592119,1.2852104286992283,2.277928554244686,1,0,1,1,1,0,1,1,0,0,0,0,1,0,1,0,0,0,1,0,1,0,0,1,0,1,0
1,-1.2802480369298874,-1.3073120210077038,-0.9961277721386872,1,1,0,0,0,1,0,0,0,0,0,0,0,0,0,0,0,0,0,0,0,0,0,1,0,1,0
0,1.6125732136881425,1.2852104286992283,2.326459236888827,0,0,1,0,1,0,1,1,0,0,1,0,1,0,1,0,1,0,1,0,0,0,1,1,0,0,0
0,1.5310852911355222,0.12189907306150236,1.1361339480352572,0,1,1,1,1,0,1,0,0,0,1,0,0,0,1,0,0,0,1,0,0,0,1,0,1,0,0
0,1.368109446030281,1.2852104286992283,1.902477545788649,0,0,0,0,1,0,1,1,0,0,1,0,1,0,1,0,1,0,0,0,1,0,0,1,0,0,0
0,-1.0357842692720256,-1.340549488311639,-0.941420457158019,0,0,1,1,0,1,0,0,0,0,0,0,0,0,0,0,0,0,0,0,0,0,0,1,0,1,0
1,0.5532302205040753,1.5178726998267735,1.186429382775549,0,0,1,1,1,0,1,1,0,0,1,0,1,0,0,0,1,0,1,0,1,0,0,1,0,1,0
0,0.2680224915699033,-0.5428502730171982,-0.17772398754885335,1,1,0,0,0,1,0,0,0,0,1,0,1,0,0,0,1,0,1,0,0,0,0,1,1,0,0
0,-0.01718523736426863,-0.07752573076210782,-0.10492796358264171,0,0,1,1,1,0,1,0,0,0,0,0,1,0,1,0,0,0,0,0,0,0,0,0,0,0,0
0,-0.3431369275747509,0.819885886444138,-0.04227926416929594,0,1,0,0,1,0,0,1,0,0,0,0,1,0,1,0,0,0,0,0,1,0,0,1,0,1,0
0,-1.076528230548336,0.6204610826205278,-0.796710785273671,1,1,1,1,1,0,0,1,0,0,0,0,1,0,0,0,0,0,0,0,1,0,0,1,1,0,0
0,0.18653456901728277,0.45427374610085264,0.30581808679640693,0,0,0,0,1,0,1,0,0,0,1,0,1,0,1,0,1,0,1,0,0,0,0,1,1,0,0
0,-0.9950403079957154,-1.4734993575273791,-0.9286260044609272,0,1,0,1,1,0,0,0,1,1,0,1,0,1,0,1,0,1,0,1,0,0,0,0,0,0,1
0,1.6125732136881425,0.22161147497330744,1.2098123480495442,0,0,1,1,1,0,1,0,0,0,1,0,0,0,1,0,0,0,1,0,0,0,1,1,0,0,0
1,1.5718292524118322,-0.6093252076250683,0.4721459718585996,0,1,1,0,0,1,0,0,0,0,1,0,1,0,1,0,1,0,0,0,0,0,1,0,1,0,0
0,-0.6690886177852331,0.9860732229638132,-0.3625817696206271,0,0,1,0,1,0,0,1,0,0,0,0,1,0,0,0,0,0,1,0,1,0,0,1,0,0,0
0,1.0014137945434884,-0.5096128057132632,0.22022761013310357,0,0,1,0,0,1,0,0,0,0,1,0,0,0,1,0,1,0,0,0,1,0,0,1,0,0,0
0,1.368109446030281,-1.3073120210077038,-0.2575790198996673,0,1,0,0,1,0,1,0,1,1,0,1,0,1,0,1,0,1,0,1,0,1,0,0,0,0,0
1,-0.6283446565089229,0.819885886444138,-0.3471401887793095,1,0,0,0,1,0,0,1,0,0,0,0,1,0,1,0,0,0,1,0,0,0,0,1,0,1,0
0,-0.46536881140368175,-1.4734993575273791,-0.8077404858746122,0,0,0,1,1,0,0,0,1,1,0,1,0,1,0,1,0,1,0,1,0,0,0,0,0,0,1
0,1.368109446030281,0.0554241384536323,0.9464230976990693,0,1,1,0,1,0,1,0,0,0,1,0,1,0,1,0,0,0,0,0,0,0,1,1,1,0,0
0,-0.6283446565089229,0.35456134418904756,-0.42390690496185995,0,0,1,0,1,0,1,0,0,0,0,0,1,0,0,0,0,0,1,0,1,0,0,1,0,0,0
0,-1.2802480369298874,0.18837400766937243,-0.976274311056993,1,1,0,1,1,0,0,1,0,0,0,0,0,0,0,0,0,0,0,0,0,0,0,1,0,0,1
0,1.0421577558197987,-0.14400066536997788,0.5647954569065053,1,1,1,0,1,0,0,0,0,0,1,0,1,0,1,0,0,0,0,0,0,1,0,0,1,0,0
0,-0.9950403079957154,-1.440261890223444,-0.9458323373983955,0,0,1,1,1,0,0,0,1,1,0,1,0,1,0,1,0,1,0,1,0,0,0,0,1,0,0
0,-0.22090504374582004,0.1551365403654374,-0.15698815041908398,0,1,0,0,1,0,0,0,0,0,1,0,0,0,1,0,1,0,1,0,0,1,0,0,1,0,0
0,0.06430268518835193,0.7866484191402029,0.31640659937331045,0,1,1,0,1,0,1,1,0,0,0,0,1,0,0,0,0,0,0,0,1,0,0,0,0,0,1
0,-0.09867315991688919,1.0857856248756181,0.32567154787810104,0,1,0,0,1,0,0,1,0,0,0,0,1,0,0,0,0,0,1,0,1,1,0,1,0,0,0
0,0.02355872391204165,0.0554241384536323,-0.01669035877511246,0,1,0,0,1,0,0,0,0,0,0,0,1,0,1,0,0,0,1,0,0,0,0,1,1,0,0
0,-1.2802480369298874,-1.340549488311639,-0.9965689601627248,1,1,0,1,0,1,0,0,0,0,0,0,0,0,0,0,0,0,0,0,0,0,0,0,0,1,0
0,-0.7505765403378537,0.1551365403654374,-0.5906759780480902,0,1,1,1,1,0,1,0,0,0,1,0,1,0,0,0,0,0,0,0,1,0,0,0,0,0,1
0,-0.6690886177852331,0.4875112134047877,-0.4494958103560434,0,0,0,1,1,0,1,1,0,0,0,0,0,0,0,0,1,0,0,0,0,1,0,1,1,0,0
0,0.6754621043330061,1.1854980267874233,1.1621640414534784,0,0,0,0,1,0,0,1,0,0,0,0,0,0,1,0,1,0,1,0,1,0,1,0,1,0,0
0,-0.5468567339563023,1.2852104286992283,-0.11948716837588404,1,1,1,1,1,0,1,1,0,0,0,0,0,0,1,0,1,0,1,0,1,0,0,0,0,1,0
0,1.5310852911355222,0.4875112134047877,1.5265853493085741,0,0,1,1,1,0,1,0,0,0,1,0,1,0,1,0,1,0,1,0,0,0,1,0,0,0,0
0,-0.01718523736426863,-0.11076319806604285,-0.18478299593345568,0,0,1,1,1,0,0,0,0,0,1,0,1,0,0,0,1,0,0,0,0,0,0,0,0,0,0
0,-0.5876006952326126,0.1551365403654374,-0.46846689538966224,0,0,0,0,1,0,0,1,0,0,0,0,0,0,0,0,0,0,0,0,0,0,0,1,0,1,0
0,0.18653456901728277,-0.8087500114486784,-0.3939061193273,0,1,0,0,0,1,0,0,0,0,1,0,1,0,0,0,1,0,0,0,0,0,1,1,0,0,1
0,-1.1580161531009565,0.35456134418904756,-0.8739186894802592,0,0,0,0,1,0,1,1,0,0,0,0,0,0,0,0,0,0,0,0,0,0,0,1,0,1,0
0,-0.6690886177852331,0.853123353748073,-0.40096512771190235,0,0,1,0,1,0,1,1,0,0,1,0,1,0,1,0,0,0,0,0,0,0,0,0,0,1,0
0,-0.6283446565089229,0.5207486807087227,-0.4177302726253329,0,1,1,0,1,0,1,1,0,0,0,0,1,0,0,0,0,0,0,0,0,0,0,1,0,0,0
0,-0.5468567339563023,-0.14400066536997788,-0.4349366055628011,0,0,0,1,1,0,0,0,0,0,1,0,1,0,1,0,0,0,0,0,0,0,0,1,0,1,0
0,1.1236456783724194,1.2187354940913584,1.6695302690967715,0,1,1,0,1,0,1,1,0,0,0,0,0,0,1,0,0,0,1,0,1,0,1,0,1,0,0
0,0.7569500268856267,-1.340549488311639,-0.4680257073656246,0,1,1,1,1,0,1,0,1,1,0,1,0,1,0,1,0,1,0,1,0,0,1,1,0,0,1
0,-0.18016108246950976,-1.4734993575273791,-0.7922989050332946,0,1,1,1,1,0,0,0,1,1,0,1,0,1,0,1,0,1,0,1,0,0,1,1,1,0,0
0,0.4309983366751445,-0.14400066536997788,0.11698961250829436,0,1,0,0,1,0,0,0,0,0,0,0,1,0,0,0,0,0,0,0,1,0,1,1,0,1,0
0,0.3902543753988342,-1.4734993575273791,-0.6387654726681937,0,1,1,0,1,0,0,0,1,1,0,1,0,1,0,1,0,1,0,1,0,0,1,0,0,1,0
0,-1.1987601143772668,0.45427374610085264,-0.9003899709225179,1,1,0,0,1,0,0,1,0,0,0,0,0,0,0,0,0,0,1,0,0,0,0,1,0,1,0
0,-1.2802480369298874,-0.6758001422329384,-0.9877451996819718,0,0,0,0,1,0,0,0,0,0,0,0,0,0,0,0,0,0,0,0,0,0,0,0,0,0,1
0,-1.1987601143772668,-1.506736824831314,-0.9793626272252566,1,0,0,0,1,0,0,0,1,1,0,1,0,1,0,1,0,1,0,1,0,0,0,0,0,0,1
0,1.24587756220135,1.1190230921795532,1.7361496607264562,0,0,0,0,1,0,1,1,0,0,1,0,1,0,1,0,0,0,1,0,0,0,1,0,1,0,0
1,-1.1987601143772668,0.4875112134047877,-0.8924485864898403,1,1,0,0,1,0,0,1,0,0,0,0,0,0,0,0,0,0,1,0,0,0,0,1,0,1,0
0,1.4495973685829016,1.4181602979149686,2.2223388632159424,0,1,1,0,1,0,1,1,0,0,1,0,1,0,0,0,1,0,1,0,1,0,0,1,0,1,0
1,-0.09867315991688919,1.1522605594834883,0.30184739458006815,1,0,0,0,1,0,1,1,0,0,0,0,1,0,0,0,0,0,1,0,1,0,0,1,0,1,0
0,1.1236456783724194,1.3184478960031634,1.7868862834907855,0,0,0,0,1,0,1,1,0,0,0,0,1,0,1,0,0,0,1,0,1,0,1,0,0,1,0
0,-0.7098325790615434,-0.21047559997784793,-0.5928819181682785,1,1,0,0,1,0,1,0,0,0,0,0,1,0,0,0,1,0,0,0,0,0,0,1,1,0,0
1,0.512486259227765,0.9528357556598781,0.845832228218486,0,1,0,0,1,0,1,1,0,0,0,0,0,0,0,0,0,0,1,0,1,0,0,1,0,0,0
0,1.5310852911355222,0.7201734845323329,1.617911270284367,0,0,1,0,1,0,0,0,0,0,1,0,1,0,1,0,1,0,1,0,1,0,1,0,1,0,0
0,-0.9135523854430948,1.1190230921795532,-0.5496454918125891,1,1,1,0,1,0,1,1,0,0,0,0,0,0,1,0,0,0,1,0,1,0,0,1,0,1,0
0,-1.1580161531009565,-1.506736824831314,-0.9661269865041272,0,1,0,0,1,0,0,0,1,1,0,1,0,1,0,1,0,1,0,1,0,0,0,0,0,0,1
0,-1.2802480369298874,-0.47637533840932816,-0.985098071537746,1,0,0,0,1,0,0,0,0,0,0,0,0,0,1,0,0,0,0,0,0,0,0,1,0,0,1
0,1.4495973685829016,-1.340549488311639,-0.29508000194286726,0,0,1,0,1,0,1,0,1,1,0,1,0,1,0,1,0,1,0,1,0,0,1,1,1,0,0
0,-0.42462485012737144,0.35456134418904756,-0.31316871092841075,0,1,1,1,1,0,0,1,0,0,1,0,0,0,0,0,0,0,0,0,0,0,0,0,0,0,0
0,0.22727853029359305,0.9860732229638132,0.5917079263728018,1,1,1,1,1,0,1,1,0,0,0,0,1,0,1,0,0,0,1,0,0,0,0,1,0,1,0
0,-1.2802480369298874,1.1854980267874233,-0.9630386703358637,1,0,0,0,1,0,1,1,0,0,0,0,1,0,0,0,0,0,1,0,1,0,0,1,1,0,0
0,-0.5876006952326126,0.45427374610085264,-0.3594934534523636,0,1,1,0,1,0,0,1,0,0,0,0,0,0,1,0,1,0,0,0,0,0,0,0,0,1,0
0,-0.13941712119319946,0.9860732229638132,0.14301970592651547,0,1,0,0,1,0,0,1,0,0,0,0,0,0,0,0,1,0,1,0,1,0,0,1,0,1,0
0,-0.6690886177852331,0.7866484191402029,-0.3797881025580953,1,0,0,0,1,0,1,1,0,0,0,0,0,0,1,0,0,0,0,0,1,0,0,1,0,1,0
0,-1.2802480369298874,0.1551365403654374,-0.9767154990810307,1,1,0,0,1,0,0,1,0,0,0,0,0,0,0,0,0,0,0,0,0,0,0,1,0,1,0
0,-0.8320644628904743,0.5539861480126578,-0.6286181481153278,1,1,0,0,1,0,0,1,0,0,1,0,0,0,1,0,0,0,0,0,0,0,0,0,0,0,0
0,-0.05792919864057891,-0.47637533840932816,-0.3352281121302931,0,1,0,0,0,1,0,0,0,0,0,0,0,0,1,0,0,0,1,0,1,1,0,1,0,1,0
0,-1.1580161531009565,0.4875112134047877,-0.864212552951431,1,1,0,0,1,0,0,1,0,0,0,0,0,0,0,0,0,0,0,0,1,0,0,1,0,1,0
0,0.6347181430566958,0.1551365403654374,0.5083233898296866,0,0,1,0,1,0,1,0,0,0,0,0,0,0,1,0,1,0,0,0,1,1,0,1,0,0,1
0,-0.7098325790615434,-1.3073120210077038,-0.8311234511486074,1,0,0,0,1,0,1,0,1,1,0,1,0,1,0,1,0,1,0,1,0,0,0,1,1,0,0
0,0.7162060656093164,0.853123353748073,0.9998068486076245,0,1,0,0,1,0,0,1,0,0,1,0,1,0,1,0,1,0,0,0,0,1,0,1,1,0,0
0,-1.0357842692720256,-0.6758001422329384,-0.8650949289995062,0,1,0,0,1,0,0,0,0,0,0,0,0,0,0,0,0,0,0,0,0,0,0,1,0,0,0
1,0.3495104141225239,0.6204610826205278,0.4368509299355879,1,1,1,0,1,0,1,1,0,0,1,0,0,0,1,0,0,0,0,0,0,0,0,1,0,0,0
0,1.4495973685829016,0.5207486807087227,1.3642281564627203,0,1,1,1,1,0,0,1,0,0,1,0,0,0,1,0,0,0,0,0,0,0,1,0,1,0,0
1,-0.26164900502213034,1.1190230921795532,0.1002244675948638,0,0,1,0,1,0,1,1,0,0,0,0,0,0,1,0,0,0,1,0,1,0,0,1,0,0,0
0,1.0014137945434884,-0.3766629364975231,0.3561135215366986,0,1,0,0,0,1,0,0,0,0,0,0,0,0,1,0,1,0,1,0,1,0,1,0,1,0,0
0,-1.1987601143772668,-1.506736824831314,-0.9802450032733319,0,0,0,0,1,0,0,0,1,1,0,1,0,1,0,1,0,1,0,1,0,0,0,0,0,1,0
0,-1.2802480369298874,-1.4734993575273791,-0.9983337122588753,1,0,0,0,1,0,0,0,1,1,0,1,0,1,0,1,0,1,0,1,0,0,0,0,0,0,1
0,-0.5468567339563023,-0.5428502730171982,-0.5858229097836761,0,1,1,1,1,0,0,0,0,0,1,0,0,0,0,0,0,0,0,0,0,1,0,1,0,0,0
0,-1.1987601143772668,-0.3434254691935881,-0.9453911493743579,0,0,0,0,1,0,0,0,0,0,0,0,0,0,0,0,0,0,1,0,0,0,0,1,0,1,0
0,1.082901717096109,-1.340549488311639,-0.34846375285142245,0,0,0,0,1,0,1,0,1,1,0,1,0,1,0,1,0,1,0,1,0,0,1,0,0,1,0
0,-1.2802480369298874,0.1551365403654374,-0.9767154990810307,1,0,1,0,1,0,0,1,0,0,0,0,0,0,0,0,0,0,0,0,0,0,0,1,0,0,1
0,0.3902543753988342,-0.8087500114486784,-0.2897857456544155,0,1,1,0,0,1,0,0,0,0,1,0,0,0,0,0,0,0,1,0,0,0,0,1,0,0,0
0,-1.0357842692720256,0.32132387688511255,-0.7684747517352617,1,0,0,0,1,0,1,1,0,0,0,0,0,0,0,0,0,0,0,0,0,0,0,1,0,1,0
0,1.4088534073065913,-1.3073120210077038,-0.22007803785646737,0,1,1,0,1,0,1,0,1,1,0,1,0,1,0,1,0,1,0,1,0,0,1,0,1,0,0
0,-1.2802480369298874,0.18837400766937243,-0.976274311056993,0,1,0,0,1,0,0,1,0,0,0,0,0,0,0,0,0,0,0,0,0,0,0,1,0,1,0
0,1.368109446030281,0.8863608210520081,1.6730597732890726,0,1,1,0,1,0,1,0,0,0,1,0,1,0,1,0,1,0,1,0,1,0,1,0,0,0,0
0,1.1643896396487294,0.819885886444138,1.4193766594674262,0,0,0,0,1,0,1,1,0,0,0,0,0,0,1,0,0,0,0,0,1,0,0,0,0,0,1
0,-1.1580161531009565,-1.340549488311639,-0.9749507469848802,0,1,1,1,1,0,1,0,1,1,0,1,0,1,0,1,0,1,0,1,0,1,0,0,1,0,0
1,0.3902543753988342,0.32132387688511255,0.41743865687793147,1,0,1,0,1,0,0,1,0,0,1,0,0,0,0,0,0,0,0,0,0,0,0,1,1,0,0
0,1.2866215234776603,-0.3766629364975231,0.49244062096433133,0,0,1,1,1,0,1,0,0,0,0,0,1,0,0,0,0,0,0,0,0,1,0,1,0,0,0
1,0.8791819107145575,1.6840600363464486,1.830122709846475,0,0,1,0,1,0,1,1,0,0,1,0,1,0,1,0,1,0,1,0,1,1,0,1,0,0,0
0,-1.2802480369298874,-1.506736824831314,-0.998774900282913,0,1,0,0,1,0,0,0,1,1,0,1,0,1,0,1,0,1,0,1,0,0,0,1,1,0,0
0,0.8791819107145575,-1.340549488311639,-0.4644962031733234,0,1,1,1,1,0,1,0,1,1,0,1,0,1,0,1,0,1,0,1,0,0,1,1,0,0,0
0,-0.5876006952326126,-1.3073120210077038,-0.8068581098265369,0,0,0,1,1,0,1,0,1,1,0,1,0,1,0,1,0,1,0,1,0,0,1,0,1,0,0
0,-1.1987601143772668,0.6536985499244629,-0.9034782870907815,0,1,0,0,1,0,0,1,0,0,0,0,1,0,0,0,0,0,0,0,1,0,0,0,0,1,0
0,-1.2802480369298874,0.18837400766937243,-0.976274311056993,1,0,0,0,1,0,0,1,0,0,0,0,0,0,0,0,0,0,0,0,0,0,0,1,0,1,0
0,1.6125732136881425,0.819885886444138,1.902477545788649,0,0,1,1,1,0,1,0,0,0,1,0,1,0,1,0,1,0,1,0,1,0,1,0,1,0,0
1,1.1236456783724194,1.0857856248756181,1.5812926642892422,0,1,1,0,1,0,0,1,0,0,0,0,1,0,1,0,0,0,1,0,1,1,0,1,0,1,0
0,-0.8728084241667845,-1.4734993575273791,-0.9206846200282497,0,0,1,1,1,0,0,0,1,1,0,1,0,1,0,1,0,1,0,1,0,1,0,1,0,0,1
0,-0.8320644628904743,0.45427374610085264,-0.6061175588894079,1,0,0,1,1,0,1,1,0,0,1,0,0,0,0,0,0,0,0,0,0,0,0,1,0,1,0
0,1.1643896396487294,1.2852104286992283,1.8380640942791526,0,1,1,1,1,0,0,1,0,0,0,0,1,0,1,0,1,0,1,0,1,1,0,0,1,0,0
0,0.2680224915699033,-1.4734993575273791,-0.6709721984229419,0,0,0,0,1,0,0,0,1,1,0,1,0,1,0,1,0,1,0,1,0,0,1,0,1,0,0
0,0.9199258719908678,1.052548157571683,1.3236388582512568,1,1,0,0,1,0,1,1,0,0,0,0,0,0,0,0,0,0,1,0,1,0,0,1,0,1,0
0,-0.6283446565089229,0.9860732229638132,-0.2937564378707543,1,0,0,0,1,0,1,1,0,0,1,0,1,0,0,0,0,0,1,0,0,0,0,1,0,1,0
0,0.18653456901728277,-1.4734993575273791,-0.660824873870076,0,1,0,0,1,0,0,0,1,1,0,1,0,1,0,1,0,1,0,1,0,1,0,0,1,0,0
0,1.6125732136881425,-1.2740745537037688,-0.22360754204876856,0,0,1,0,1,0,1,0,1,1,0,1,0,1,0,1,0,1,0,1,0,0,1,1,0,0,1
1,1.6125732136881425,0.42103627879691763,1.373493104967511,0,1,1,0,1,0,1,0,0,0,0,0,1,0,1,0,1,0,1,0,0,0,1,0,1,0,0
0,-0.9950403079957154,0.0554241384536323,-0.7539155469420193,0,0,0,0,1,0,0,0,0,0,1,0,0,0,0,0,1,0,0,0,1,0,0,0,0,0,0
0,-0.42462485012737144,-1.506736824831314,-0.8306822631245698,0,0,1,1,1,0,0,0,1,1,0,1,0,1,0,1,0,1,0,1,0,0,0,0,0,0,1
0,-1.2802480369298874,0.6536985499244629,-0.970097678720466,1,0,0,0,1,0,0,1,0,0,0,0,1,0,0,0,0,0,1,0,0,0,0,0,0,1,0
0,0.22727853029359305,0.12189907306150236,0.16463791910436015,0,0,0,0,1,0,1,0,0,0,0,0,1,0,0,0,1,0,0,0,1,0,0,0,1,0,0
0,-0.6283446565089229,0.5207486807087227,-0.3696407780052295,0,1,0,1,1,0,0,0,0,0,0,0,1,0,1,0,1,0,1,0,1,1,0,0,0,1,0
1,1.5310852911355222,0.35456134418904756,1.292314508544584,0,0,0,0,1,0,1,0,0,0,0,0,1,0,1,0,1,0,1,0,0,0,1,1,0,0,0
1,1.6125732136881425,0.919598288355943,1.8340934020628137,1,0,1,1,1,0,1,0,0,0,1,0,1,0,1,0,1,0,1,0,1,0,1,0,1,0,0
0,-0.18016108246950976,0.5207486807087227,-0.017131546799150105,0,0,0,0,1,0,0,1,0,0,0,0,0,0,0,0,0,0,0,0,1,0,0,1,0,1,0
0,-0.7098325790615434,0.6204610826205278,-0.508615005577088,0,0,0,0,1,0,0,1,0,0,0,0,1,0,0,0,0,0,1,0,0,0,0,1,0,0,0
0,1.6125732136881425,0.7534109518362679,1.8442407266156797,0,1,1,1,1,0,1,0,0,0,1,0,1,0,1,0,1,0,1,0,1,0,1,1,0,0,0
1,-0.8728084241667845,1.1522605594834883,-0.5081738175530504,1,0,1,0,1,0,1,1,0,0,0,0,0,0,1,0,0,0,1,0,1,0,0,1,0,1,0
1,-0.9950403079957154,0.5539861480126578,-0.7490624786776052,1,1,0,0,1,0,1,1,0,0,0,0,0,0,1,0,0,0,0,0,0,0,0,1,0,1,0
0,1.0014137945434884,1.4846352325228385,1.751150053543736,0,0,1,0,1,0,1,1,0,0,0,0,1,0,1,0,1,0,1,0,1,1,0,1,0,0,0
0,-1.2802480369298874,-1.506736824831314,-0.998774900282913,1,1,1,1,1,0,0,0,1,1,0,1,0,1,0,1,0,1,0,1,0,0,0,0,0,0,0
0,0.5532302205040753,-0.6425626749290033,-0.09742776717400173,0,0,1,0,0,1,0,0,0,0,1,0,1,0,0,0,0,0,1,0,0,0,0,0,0,1,0
0,-0.09867315991688919,-1.4734993575273791,-0.7481801026295299,0,1,1,0,1,0,0,0,1,1,0,1,0,1,0,1,0,1,0,1,0,1,0,0,1,0,0
1,-0.9135523854430948,0.35456134418904756,-0.689502095432523,0,1,1,0,1,0,0,1,0,0,1,0,0,0,0,0,0,0,0,0,0,0,0,0,0,1,0
0,-0.38388088885106114,1.1522605594834883,-0.04272045219333359,1,1,1,0,1,0,1,1,0,0,1,0,1,0,1,0,0,0,1,0,0,0,0,1,0,1,0
0,-0.01718523736426863,0.9528357556598781,0.3071416508685199,0,1,0,0,1,0,0,1,0,0,1,0,1,0,1,0,0,0,0,0,1,0,0,1,1,0,0
0,-0.791320501614164,0.2880864095811775,-0.5853817217596385,0,1,0,0,1,0,0,1,0,0,1,0,0,0,0,0,0,0,0,0,0,0,0,1,1,0,0
0,0.2680224915699033,0.5207486807087227,0.4050853922048774,1,0,0,0,1,0,0,1,0,0,0,0,0,0,1,0,1,0,0,0,0,0,1,1,0,1,0
0,0.4717422979514547,0.7866484191402029,0.7456825467619402,0,0,0,0,1,0,0,1,0,0,0,0,1,0,1,0,0,0,1,0,0,0,0,1,1,0,0
1,-0.9542963467194051,-0.5096128057132632,-0.8099464259948004,0,1,0,0,1,0,0,0,0,0,0,0,0,0,0,0,1,0,0,0,0,0,0,0,0,0,1
0,1.4088534073065913,-1.506736824831314,-0.41817146064937055,0,0,1,0,1,0,0,0,1,1,0,1,0,1,0,1,0,1,0,1,0,0,1,0,0,0,1
0,-0.9542963467194051,0.4875112134047877,-0.7155321888507441,1,1,1,1,1,0,1,1,0,0,0,0,0,0,1,0,0,0,0,0,0,0,0,1,0,0,0
0,-0.7098325790615434,0.4875112134047877,-0.5169975780338033,1,0,0,0,1,0,1,1,0,0,0,0,1,0,0,0,0,0,0,0,0,0,0,1,0,1,0
0,1.5718292524118322,1.3516853633070984,2.3260180488647895,0,0,1,0,1,0,1,1,0,0,0,0,1,0,1,0,0,0,1,0,1,0,1,1,0,0,0
0,-1.2802480369298874,-0.5096128057132632,-0.9855392595617837,0,1,0,0,1,0,0,0,0,0,0,0,0,0,0,0,1,0,0,0,0,0,0,0,1,0,0
0,-0.09867315991688919,1.1854980267874233,0.3367012484790422,1,0,1,1,1,0,1,1,0,0,0,0,0,0,1,0,0,0,1,0,1,0,0,1,0,1,0
0,-1.2802480369298874,0.1551365403654374,-0.9767154990810307,1,1,0,0,1,0,0,1,0,0,0,0,0,0,0,0,0,0,0,0,0,0,0,1,0,1,0
0,-0.6283446565089229,-0.5096128057132632,-0.638324284644156,0,1,1,0,0,1,0,0,0,0,0,0,1,0,0,0,0,0,1,0,1,0,0,1,0,0,1
0,-1.1987601143772668,0.6869360172283978,-0.8871543302013886,1,0,0,0,1,0,0,1,0,0,0,0,0,0,0,0,1,0,0,0,1,0,0,0,0,1,0
0,1.4088534073065913,0.4875112134047877,1.3280507384916334,1,1,1,1,1,0,1,0,0,0,1,0,0,0,1,0,0,0,1,0,1,0,1,1,0,1,0
0,-1.2802480369298874,-1.4734993575273791,-0.9983337122588753,0,1,0,0,1,0,0,0,1,1,0,1,0,1,0,1,0,1,0,1,0,0,0,0,0,0,0
1,-1.2802480369298874,-0.47637533840932816,-0.985098071537746,1,0,0,0,1,0,1,0,0,0,0,0,0,0,0,0,0,0,0,0,0,0,0,0,0,0,1
1,-0.01718523736426863,0.4875112134047877,0.12669574903712258,0,0,1,0,1,0,1,1,0,0,0,0,0,0,1,0,0,0,0,0,0,0,0,0,0,0,1
0,0.3495104141225239,-1.506736824831314,-0.6550894295575866,0,1,1,1,1,0,0,0,1,1,0,1,0,1,0,1,0,1,0,1,0,1,0,0,0,0,0
0,-1.2802480369298874,0.5207486807087227,-0.9718624308166166,1,1,1,0,1,0,0,1,0,0,0,0,0,0,0,0,0,0,1,0,0,0,0,1,0,1,0
0,-1.2802480369298874,-0.6758001422329384,-0.9877451996819718,0,0,0,0,1,0,0,0,0,0,0,0,0,0,0,0,0,0,0,0,0,0,0,0,0,0,0
0,-0.8320644628904743,0.6536985499244629,-0.6030292427211443,1,0,1,1,1,0,1,1,0,0,0,0,1,0,1,0,0,0,0,0,0,0,0,1,0,1,0
0,1.2051336009250397,1.3516853633070984,1.8548292391925831,0,1,1,1,1,0,1,1,0,0,1,0,1,0,0,0,0,0,1,0,1,0,0,1,0,1,0
0,-0.42462485012737144,0.6536985499244629,-0.1887536881497945,1,0,0,0,1,0,0,1,0,0,0,0,1,0,0,0,0,0,0,0,1,0,0,1,0,0,1
0,-0.6283446565089229,0.919598288355943,-0.3206689073370507,0,0,0,1,1,0,1,1,0,0,0,0,1,0,1,0,1,0,0,0,0,0,0,1,1,0,0
0,1.6125732136881425,-1.2740745537037688,-0.13007568095278754,0,0,1,1,1,0,1,0,1,1,0,1,0,1,0,1,0,1,0,1,0,0,1,1,0,0,0
0,0.9606698332671781,1.052548157571683,1.389375873832866,0,1,1,1,1,0,1,1,0,0,0,0,1,0,0,0,1,0,1,0,0,0,0,1,1,0,0
0,-0.9542963467194051,-1.4734993575273791,-0.9423028332060943,0,0,0,0,1,0,0,0,1,1,0,1,0,1,0,1,0,1,0,1,0,0,0,1,1,0,0
0,1.6125732136881425,1.6840600363464486,2.709410441753504,0,1,1,0,1,0,1,1,0,0,1,0,1,0,1,0,1,0,1,0,1,0,1,1,0,0,0
0,-0.506112772679992,1.4513977652189036,-0.0352202557846936,0,1,0,0,1,0,0,1,0,0,1,0,1,0,1,0,1,0,1,0,1,0,0,1,0,0,0
0,-0.5468567339563023,-1.4734993575273791,-0.8364177074370592,0,1,1,1,1,0,0,0,1,1,0,1,0,1,0,1,0,1,0,1,0,0,1,0,0,0,1
0,-1.2395040756535771,0.08866160575756733,-0.9559796619512614,1,1,0,0,1,0,0,1,0,0,0,0,0,0,0,0,0,0,0,0,0,0,0,1,0,1,0
0,0.8384379494382472,-0.3434254691935881,0.33626006045500456,0,1,0,0,0,1,0,0,0,0,0,0,0,0,1,0,1,0,1,0,1,1,0,0,1,0,0
1,-0.22090504374582004,0.6869360172283978,0.0018395382344686827,1,0,0,0,1,0,1,1,0,0,0,0,0,0,0,0,0,0,0,0,1,0,0,1,0,1,0
0,-1.076528230548336,-1.4734993575273791,-0.9498030296147343,0,1,0,0,1,0,0,0,1,1,0,1,0,1,0,1,0,1,0,1,0,0,0,0,0,0,0
0,-0.9542963467194051,0.853123353748073,-0.6687662583027536,0,1,1,1,1,0,1,1,0,0,0,0,0,0,1,0,0,0,1,0,0,1,0,1,0,1,0
0,-0.9950403079957154,-0.310188001889653,-0.8103876140188381,0,0,1,1,1,0,1,0,0,0,0,0,1,0,0,0,0,0,0,0,0,0,0,0,0,1,0
0,1.5718292524118322,1.6508225690425138,2.5664655219653065,0,0,1,1,1,0,1,1,0,0,1,0,1,0,1,0,1,0,1,0,1,0,1,0,0,0,0
0,-0.9135523854430948,0.5207486807087227,-0.6409714127883819,1,0,0,0,1,0,1,1,0,0,0,0,1,0,0,0,0,0,0,0,0,0,0,1,0,0,0
0,-1.2802480369298874,-1.4734993575273791,-0.9983337122588753,1,1,0,0,1,0,0,0,1,1,0,1,0,1,0,1,0,1,0,1,0,0,0,0,0,0,1
0,1.5718292524118322,0.0554241384536323,1.061573171972895,0,0,1,0,0,1,0,0,0,0,1,0,1,0,1,0,1,0,1,0,1,1,0,0,0,0,0
0,1.4495973685829016,1.1854980267874233,1.9726264416106347,0,1,1,0,1,0,0,1,0,0,0,0,1,0,0,0,1,0,1,0,1,1,0,1,0,1,0
0,0.06430268518835193,1.3516853633070984,0.5546481323536394,0,1,0,0,1,0,1,1,0,0,0,0,1,0,0,0,1,0,1,0,1,0,0,1,0,1,0
0,-0.26164900502213034,0.6869360172283978,-0.04360282824140888,0,1,0,0,1,0,0,1,0,0,0,0,1,0,1,0,1,0,0,0,0,1,0,1,0,1,0
0,-0.42462485012737144,-0.5428502730171982,-0.5421452954039492,1,0,0,0,1,0,0,0,0,0,1,0,0,0,0,0,0,0,0,0,0,0,0,1,1,0,0
0,-1.0357842692720256,-1.539974292135249,-0.9498030296147343,0,1,0,0,1,0,0,0,1,1,0,1,0,1,0,1,0,1,0,1,0,0,0,1,0,0,1
0,-0.506112772679992,0.1551365403654374,-0.32772791572165305,0,0,1,0,1,0,0,1,0,0,0,0,0,0,0,0,0,0,0,0,0,0,0,1,0,0,0
0,1.1236456783724194,1.3849228306110335,1.8212989493657221,0,0,1,0,1,0,1,1,0,0,0,0,1,0,1,0,0,0,1,0,1,0,0,1,0,1,0
0,1.6125732136881425,-1.4734993575273791,-0.3753762223177189,0,1,1,1,1,0,0,0,1,1,0,1,0,1,0,1,0,1,0,1,0,0,1,0,0,1,0
1,1.6125732136881425,1.3516853633070984,2.3586659626435753,0,0,1,0,1,0,1,1,0,0,0,0,1,0,1,0,0,0,1,0,1,1,0,1,1,0,0
0,-1.1580161531009565,-1.3073120210077038,-0.9625974823118261,0,1,0,0,1,0,1,0,1,1,0,1,0,1,0,1,0,1,0,1,0,0,0,0,0,0,1
0,-0.6690886177852331,-1.506736824831314,-0.8690656212158451,0,1,1,1,1,0,0,0,1,1,0,1,0,1,0,1,0,1,0,1,0,0,0,0,0,1,0
1,1.2051336009250397,1.3184478960031634,1.7776213349859948,0,0,1,0,1,0,1,1,0,0,1,0,0,0,1,0,0,0,1,0,1,1,0,1,0,1,0
0,-0.9135523854430948,-0.14400066536997788,-0.7296502056199489,0,0,0,0,1,0,0,0,0,0,0,0,0,0,0,0,1,0,0,0,1,0,0,1,0,0,1
0,-0.05792919864057891,0.5539861480126578,0.15757891071975783,0,1,0,0,1,0,1,1,0,0,0,0,1,0,0,0,0,0,0,0,0,0,0,1,0,1,0
0,1.5718292524118322,-1.506736824831314,-0.40184750375997763,0,0,1,0,1,0,0,0,1,1,0,1,0,1,0,1,0,1,0,1,0,0,1,0,1,0,0
0,1.0421577558197987,-1.4734993575273791,-0.472437587606001,0,1,0,0,1,0,0,0,1,1,0,1,0,1,0,1,0,1,0,1,0,0,1,0,0,0,1
0,1.5310852911355222,0.853123353748073,1.7445322331831714,0,1,1,1,1,0,1,0,0,0,1,0,1,0,1,0,1,0,1,0,1,0,1,1,1,0,0
0,1.5718292524118322,0.853123353748073,1.7767389589379197,0,0,1,0,1,0,1,0,0,0,1,0,1,0,1,0,1,0,1,0,1,0,1,0,0,1,0
1,1.4903413298592119,0.32132387688511255,1.21245947619377,0,1,0,0,1,0,1,0,0,0,1,0,0,0,1,0,1,0,0,0,1,0,1,0,1,0,0
1,-1.2802480369298874,0.6869360172283978,-0.9696564906964283,1,0,0,0,1,0,1,1,0,0,0,0,0,0,0,0,0,0,0,0,1,0,0,1,0,1,0
0,1.6125732136881425,1.7837724382582538,2.81882507171484,0,0,1,1,1,0,1,1,0,0,1,0,1,0,1,0,1,0,1,0,1,0,1,1,0,0,0
0,-0.26164900502213034,0.6869360172283978,-0.03830857195295713,0,0,1,0,1,0,0,1,0,0,0,0,0,0,0,0,1,0,0,0,1,0,0,0,1,0,0
0,0.02355872391204165,1.0193106902677482,0.31993610356561164,0,0,1,0,1,0,1,1,0,0,0,0,0,0,1,0,1,0,0,0,1,0,0,1,1,0,0
0,-0.9135523854430948,-1.4734993575273791,-0.9100961074513462,0,0,1,1,1,0,0,0,1,1,0,1,0,1,0,1,0,1,0,1,0,0,1,0,0,0,1
1,1.0014137945434884,1.2187354940913584,1.5424681181739295,0,0,0,0,1,0,1,1,0,0,1,0,0,0,1,0,1,0,0,0,1,0,1,0,1,0,0
0,-0.9135523854430948,-1.440261890223444,-0.9092137314032709,0,0,0,0,1,0,0,0,1,1,0,1,0,1,0,1,0,1,0,1,0,0,0,1,0,1,0
0,0.2680224915699033,-1.340549488311639,-0.6039116187692196,0,0,1,1,1,0,1,0,1,1,0,1,0,1,0,1,0,1,0,1,0,1,0,1,0,0,1
0,-0.8728084241667845,-1.4734993575273791,-0.8986252188263674,0,0,0,0,1,0,0,0,1,1,0,1,0,1,0,1,0,1,0,1,0,0,0,0,0,0,0
0,-0.46536881140368175,1.2519729613952935,-0.0762507420201947,1,0,1,1,1,0,0,1,0,0,0,0,1,0,1,0,1,0,1,0,1,0,0,1,0,1,0
0,1.4495973685829016,0.6869360172283978,1.445847940909685,0,0,1,1,1,0,1,0,0,0,0,0,1,0,1,0,1,0,1,0,1,0,1,0,0,0,0
0,-0.5876006952326126,0.819885886444138,-0.28669742948615196,0,1,0,0,1,0,1,1,0,0,0,0,0,0,1,0,0,0,1,0,0,1,0,1,1,0,0
0,-1.076528230548336,1.1522605594834883,-0.7658276235910358,1,0,0,0,1,0,0,1,0,0,0,0,0,0,1,0,1,0,1,0,1,0,0,1,0,0,1
0,-0.5876006952326126,-0.276950534585718,-0.5796462774471491,0,1,0,0,1,0,1,0,0,0,1,0,0,0,0,0,0,0,0,0,0,0,0,0,0,0,1
0,0.797693988161937,-0.47637533840932816,0.14434326999862843,0,0,1,1,1,0,0,0,0,0,0,0,0,0,1,0,0,0,0,0,0,1,0,1,0,0,0
0,0.9606698332671781,1.6840600363464486,1.890124281115595,0,1,1,1,1,0,1,1,0,0,1,0,1,0,1,0,1,0,1,0,1,0,1,0,0,0,1
0,0.512486259227765,1.2852104286992283,1.0871620773670785,0,1,0,0,1,0,1,1,0,0,0,0,0,0,1,0,1,0,1,0,1,0,0,1,0,0,0
0,1.4088534073065913,-1.2740745537037688,-0.23110773845740853,0,0,0,0,1,0,1,0,1,1,0,1,0,1,0,1,0,1,0,1,0,0,1,1,0,0,1
0,-1.1987601143772668,-0.9749373479683536,-0.9625974823118261,0,1,1,0,0,1,0,0,0,0,1,0,0,0,0,0,1,0,0,0,0,0,0,0,0,0,1
1,1.3273654847539706,1.1522605594834883,1.858799931408922,0,1,0,0,1,0,0,1,0,0,0,0,1,0,1,0,0,0,1,0,1,0,0,1,0,0,0
0,1.24587756220135,0.08866160575756733,0.860832621035766,0,1,1,0,1,0,1,0,0,0,0,0,1,0,0,0,1,0,0,0,1,0,1,0,0,0,1
0,-0.8728084241667845,-1.3073120210077038,-0.8748010655283345,0,0,1,1,1,0,1,0,1,1,0,1,0,1,0,1,0,1,0,1,0,0,1,0,0,0,1
0,-1.2802480369298874,-0.1772381326739129,-0.9811273793214071,0,1,0,1,1,0,0,0,0,0,0,0,0,0,0,0,1,0,0,0,1,0,0,1,0,0,1
0,0.9199258719908678,0.42103627879691763,0.9000983551751165,0,1,0,0,1,0,1,0,0,0,0,0,0,0,1,0,0,0,1,0,1,0,1,1,0,0,0
0,-0.3023929662984406,-0.310188001889653,-0.3603758295004389,0,1,1,1,1,0,1,0,0,0,0,0,0,0,0,0,1,0,0,0,0,1,0,1,0,0,1
0,1.6125732136881425,1.7505349709543188,2.824119328003292,1,1,1,0,1,0,1,1,0,0,1,0,1,0,1,0,1,0,1,0,1,1,0,1,0,0,0
0,1.6125732136881425,-1.340549488311639,-0.22360754204876856,0,0,1,0,1,0,1,0,1,1,0,1,0,1,0,1,0,1,0,1,0,0,1,1,1,0,0
0,1.3273654847539706,-0.6425626749290033,0.28684700176278816,0,0,0,1,0,1,0,0,0,0,0,0,1,0,0,0,1,0,1,0,0,0,1,0,0,0,1
1,0.8791819107145575,0.4875112134047877,0.9208341923048858,1,0,0,0,1,0,1,1,0,0,0,0,1,0,0,0,0,0,0,0,0,0,0,1,0,1,0
0,-1.0357842692720256,-1.4734993575273791,-0.9436263972782073,0,1,1,1,1,0,0,0,1,1,0,1,0,1,0,1,0,1,0,1,0,0,0,0,0,0,1
0,1.6125732136881425,-0.011050796154237758,1.1123097947372242,0,0,1,0,1,0,1,0,0,0,1,0,1,0,0,0,1,0,0,0,0,0,1,0,0,0,0
0,-0.46536881140368175,-0.3434254691935881,-0.5108209456972763,0,1,1,0,1,0,0,0,0,0,0,0,0,0,0,0,0,0,1,0,0,0,0,0,0,0,0
0,-1.2395040756535771,-1.4734993575273791,-0.9899511398021601,0,0,0,0,1,0,0,0,1,1,0,1,0,1,0,1,0,1,0,1,0,0,0,1,0,0,0
1,-1.1580161531009565,0.9860732229638132,-0.8209761265957416,0,1,0,0,1,0,0,1,0,0,0,0,0,0,1,0,0,0,1,0,1,0,0,1,0,1,0
0,-1.1987601143772668,0.4875112134047877,-0.8964192787061791,1,1,1,0,1,0,1,1,0,0,0,0,0,0,0,0,1,0,0,0,0,0,0,1,0,0,0
0,1.6125732136881425,1.6840600363464486,2.6688211435420404,0,1,1,0,1,0,1,1,0,0,1,0,1,0,1,0,1,0,1,0,1,0,1,0,1,0,0
0,-1.076528230548336,-0.5096128057132632,-0.8686244331918074,0,0,0,0,1,0,0,0,0,0,1,0,0,0,0,0,0,0,0,0,0,0,0,1,0,1,0
0,0.797693988161937,0.6204610826205278,0.9036278593674176,0,1,0,0,1,0,0,1,0,0,0,0,0,0,1,0,0,0,0,0,1,0,0,1,1,0,0
1,1.4903413298592119,1.0193106902677482,1.8085044966686303,0,1,1,0,1,0,1,1,0,0,0,0,1,0,1,0,0,0,0,0,1,0,0,1,0,0,0
0,-0.9950403079957154,0.9860732229638132,-0.6806783349517701,1,1,0,0,1,0,0,1,0,0,0,0,0,0,1,0,0,0,1,0,1,0,0,1,0,1,0
1,-0.9950403079957154,0.32132387688511255,-0.7424446583170405,0,0,0,0,1,0,0,1,0,0,0,0,0,0,1,0,0,0,0,0,0,0,0,1,0,0,0
1,1.24587756220135,0.819885886444138,1.4361418043808567,0,0,0,0,1,0,1,1,0,0,0,0,0,0,1,0,0,0,0,0,1,0,0,1,0,0,0
0,1.1236456783724194,1.7172975036503837,2.1027769087017405,0,1,0,0,1,0,1,1,0,0,1,0,1,0,1,0,1,0,1,0,1,1,0,1,1,0,0
0,-0.8320644628904743,-0.3434254691935881,-0.7027377361536524,0,0,1,0,1,0,0,0,0,0,1,0,0,0,0,0,1,0,0,0,0,0,0,0,0,0,0
0,-0.791320501614164,-1.506736824831314,-0.884066014033125,0,0,0,0,1,0,0,0,1,1,0,1,0,1,0,1,0,1,0,1,0,0,0,1,0,0,1
0,-0.42462485012737144,0.022186671149697273,-0.3775821624379071,0,1,0,0,1,0,1,0,0,0,1,0,1,0,1,0,0,0,0,0,0,0,0,0,0,0,1
0,-1.1172721918246462,0.919598288355943,-0.8077404858746122,1,1,0,0,1,0,1,1,0,0,0,0,0,0,1,0,0,0,1,0,0,0,0,1,0,1,0
0,-1.2802480369298874,-1.506736824831314,-0.998774900282913,1,0,1,1,1,0,0,0,1,1,0,1,0,1,0,1,0,1,0,1,0,0,0,0,0,0,1
0,1.6125732136881425,-1.340549488311639,-0.25316713965929083,0,0,1,1,1,0,1,0,1,1,0,1,0,1,0,1,0,1,0,1,0,0,1,1,0,0,0
0,-1.2395040756535771,-1.539974292135249,-0.9837745074656331,0,0,0,0,1,0,0,0,1,1,0,1,0,1,0,1,0,1,0,1,0,0,0,0,0,0,0
0,0.3087664528462136,-1.4734993575273791,-0.6643543780623772,0,0,1,1,1,0,0,0,1,1,0,1,0,1,0,1,0,1,0,1,0,0,1,0,0,0,0
0,0.4717422979514547,-1.4734993575273791,-0.6277357720672525,0,1,1,1,1,0,0,0,1,1,0,1,0,1,0,1,0,1,0,1,0,1,0,0,0,0,0
1,1.5718292524118322,0.22161147497330744,1.2040769037370547,0,1,1,0,1,0,0,0,0,0,1,0,1,0,0,0,1,0,1,0,0,1,0,1,0,0,0
0,-1.2395040756535771,0.35456134418904756,-0.9339202607493791,1,0,0,0,1,0,1,1,0,0,0,0,0,0,0,0,0,0,0,0,0,0,0,1,0,1,0
1,-0.26164900502213034,0.9528357556598781,0.0534585370468733,0,1,0,0,1,0,1,1,0,0,0,0,0,0,0,0,0,0,1,0,1,0,0,1,0,1,0
0,-1.2802480369298874,0.18837400766937243,-0.976274311056993,1,1,1,1,1,0,0,1,0,0,0,0,0,0,0,0,0,0,0,0,0,0,0,1,0,1,0
0,-1.2802480369298874,-1.340549488311639,-0.9965689601627248,0,0,0,0,0,1,0,0,0,0,0,0,0,0,0,0,0,0,0,0,0,0,0,0,0,0,1
0,1.3273654847539706,0.32132387688511255,1.1193688031218267,1,1,1,1,1,0,0,0,0,0,1,0,0,0,0,0,1,0,1,0,1,0,1,1,0,0,0
0,-1.1987601143772668,0.022186671149697273,-0.9149491757157603,0,1,0,0,1,0,1,0,0,0,0,0,0,0,0,0,1,0,1,0,0,0,0,1,0,0,1
0,-0.791320501614164,-0.47637533840932816,-0.7380327780766641,0,1,0,0,1,0,0,0,0,0,0,0,0,0,0,0,1,0,0,0,0,0,0,1,0,0,1
0,0.02355872391204165,1.3184478960031634,0.4968525012047078,1,0,1,0,1,0,1,1,0,0,0,0,1,0,1,0,0,0,1,0,1,0,0,1,0,1,0
0,-1.2802480369298874,0.18837400766937243,-0.976274311056993,0,0,0,0,1,0,0,1,0,0,0,0,0,0,0,0,0,0,0,0,0,0,0,1,0,0,1
0,-1.1580161531009565,-0.6425626749290033,-0.9387733290137932,0,1,1,1,1,0,0,0,0,0,0,0,0,0,0,0,0,0,0,0,0,0,0,0,0,0,1
0,-1.2395040756535771,0.18837400766937243,-0.9436263972782073,0,1,0,0,1,0,0,1,0,0,0,0,0,0,0,0,0,0,0,0,0,0,0,1,0,1,0
0,1.6125732136881425,1.4513977652189036,2.4671982165568362,0,1,1,0,1,0,1,1,0,0,1,0,1,0,0,0,1,0,1,0,1,0,1,1,1,0,0
0,0.18653456901728277,-1.2740745537037688,-0.6052351828413326,0,0,1,1,1,0,1,0,1,1,0,1,0,1,0,1,0,1,0,1,0,0,0,0,0,0,1
0,-0.7098325790615434,0.7201734845323329,-0.44684868221181756,1,0,0,0,1,0,0,1,0,0,1,0,0,0,0,0,0,0,1,0,0,0,0,0,0,1,0
0,-0.38388088885106114,-1.506736824831314,-0.7962695972496334,0,0,0,0,1,0,0,0,1,1,0,1,0,1,0,1,0,1,0,1,0,1,0,1,1,0,0
0,-0.09867315991688919,-0.44313787110539316,-0.3184629672168625,1,0,1,1,0,1,0,0,0,0,0,0,0,0,0,0,1,0,1,0,1,0,0,0,1,0,0
0,0.3902543753988342,-1.506736824831314,-0.6714133864469795,0,0,1,1,1,0,0,0,1,1,0,1,0,1,0,1,0,1,0,1,0,1,0,1,0,1,0
0,-0.01718523736426863,0.32132387688511255,-0.00036640188571954857,0,0,0,0,1,0,1,0,0,0,1,0,0,0,0,0,0,0,1,0,1,1,0,0,0,0,1
0,-0.42462485012737144,0.35456134418904756,-0.2946388139188296,0,0,1,1,1,0,1,1,0,0,0,0,0,0,0,0,0,0,0,0,0,0,0,1,0,0,0
0,0.3902543753988342,-1.3073120210077038,-0.5231742103703304,0,1,1,0,0,1,0,0,0,0,0,0,0,0,0,0,0,0,0,0,0,0,0,1,1,0,0
0,-0.9950403079957154,-0.6758001422329384,-0.8443590918697368,0,0,0,0,1,0,0,0,0,0,0,0,0,0,0,0,0,0,0,0,0,0,0,0,0,0,1
0,1.3273654847539706,1.3184478960031634,1.959831988913543,0,0,1,1,1,0,1,1,0,0,1,0,0,0,1,0,0,0,1,0,1,0,1,1,1,0,0
0,-1.2395040756535771,-1.506736824831314,-0.9934806439944612,1,0,0,0,1,0,0,0,1,1,0,1,0,1,0,1,0,1,0,1,0,0,0,0,0,0,1
0,1.5310852911355222,0.819885886444138,1.7692387625292796,0,0,1,1,1,0,1,0,0,0,1,0,1,0,1,0,1,0,1,0,1,0,1,1,0,0,0
0,-0.42462485012737144,-1.4734993575273791,-0.8165642463553652,0,1,0,1,1,0,0,0,1,1,0,1,0,1,0,1,0,1,0,1,0,0,0,0,1,0,0
1,-1.1580161531009565,0.32132387688511255,-0.8655361170235438,1,0,0,0,1,0,1,1,0,0,0,0,0,0,0,0,0,0,0,0,0,0,0,1,0,1,0
0,-1.2395040756535771,0.32132387688511255,-0.9423028332060943,1,0,0,0,1,0,1,1,0,0,0,0,0,0,0,0,0,0,0,0,0,0,0,0,1,0,0
0,1.4088534073065913,-0.9416998806644186,0.06669417776800268,0,0,1,1,0,1,0,0,0,0,1,0,1,0,0,0,0,0,0,0,0,0,1,0,0,0,0
0,-0.3023929662984406,-1.506736824831314,-0.7724454439516005,0,0,0,0,1,0,0,0,1,1,0,1,0,1,0,1,0,1,0,1,0,0,0,1,1,0,0
0,-0.506112772679992,-1.506736824831314,-0.8417119637255109,0,0,1,0,1,0,0,0,1,1,0,1,0,1,0,1,0,1,0,1,0,0,0,0,0,0,0
0,-1.2395040756535771,-0.11076319806604285,-0.9520089697349225,0,0,0,1,1,0,0,0,0,0,1,0,0,0,0,0,0,0,0,0,1,0,0,1,1,0,0
0,0.7569500268856267,-1.4734993575273791,-0.5474395516924009,0,1,0,0,1,0,0,0,1,1,0,1,0,1,0,1,0,1,0,1,0,0,1,0,0,0,1
0,0.5532302205040753,-0.9749373479683536,-0.29243287379864136,0,0,1,1,0,1,0,0,0,0,1,0,1,0,0,0,0,0,0,0,0,0,0,0,0,0,0
0,-0.3023929662984406,1.1854980267874233,0.04595834063823331,1,0,0,0,1,0,1,1,0,0,0,0,1,0,0,0,0,0,1,0,1,0,0,1,0,1,0
0,-0.791320501614164,-0.6758001422329384,-0.7164145648988194,0,1,0,1,1,0,0,0,0,0,0,0,0,0,0,0,0,0,0,0,0,0,0,0,0,0,1
1,-0.3023929662984406,1.2519729613952935,0.16640267120051075,1,0,0,0,1,0,1,1,0,0,1,0,1,0,0,0,0,0,1,0,1,0,0,1,0,0,1
0,-0.26164900502213034,-0.47637533840932816,-0.4402308618512529,0,1,1,1,1,0,0,0,0,0,0,0,0,0,1,0,0,0,0,0,0,1,0,0,0,0,1
0,0.4309983366751445,1.1854980267874233,0.8506852964829,1,1,0,0,1,0,1,1,0,0,0,0,0,0,0,0,1,0,1,0,1,1,0,1,0,1,0
0,-0.5468567339563023,-1.4734993575273791,-0.8408295876774357,0,1,0,1,1,0,0,0,1,1,0,1,0,1,0,1,0,1,0,1,0,0,0,1,0,1,0
0,-0.9135523854430948,1.1522605594834883,-0.5703813289423585,1,1,1,0,1,0,0,1,0,0,0,0,1,0,0,0,1,0,1,0,1,0,0,1,0,1,0
0,-1.2395040756535771,0.9860732229638132,-0.9220081841003626,1,0,0,1,1,0,1,1,0,0,0,0,0,0,0,0,0,0,1,0,1,0,0,1,0,0,0
0,1.6125732136881425,0.7201734845323329,1.6655595768804328,0,0,1,0,1,0,1,0,0,0,1,0,1,0,0,0,1,0,1,0,1,0,1,1,0,0,0
1,-0.5876006952326126,-0.21047559997784793,-0.5818522175673373,0,1,0,0,1,0,1,0,0,0,1,0,1,0,0,0,0,0,0,0,0,0,0,1,1,0,0
1,-0.9542963467194051,0.6204610826205278,-0.6586189337498878,1,1,0,0,1,0,1,1,0,0,0,0,0,0,0,0,0,0,0,0,1,0,0,1,0,1,0
1,-0.22090504374582004,0.7866484191402029,0.08125338256124501,1,0,0,0,1,0,1,1,0,0,0,0,0,0,1,0,0,0,0,0,1,0,0,0,1,0,0
0,-0.3431369275747509,0.9860732229638132,0.017281119075786302,0,1,0,0,1,0,1,1,0,0,0,0,0,0,0,0,0,0,1,0,1,0,0,1,0,1,0
0,1.4903413298592119,1.3184478960031634,2.196749957821759,1,1,0,0,1,0,0,1,0,0,0,0,1,0,1,0,1,0,1,0,1,1,0,1,0,0,0
0,0.5532302205040753,1.4513977652189036,1.1343691959391067,0,0,1,0,1,0,1,1,0,0,0,0,1,0,1,0,1,0,1,0,1,0,1,1,1,0,0
1,1.6125732136881425,1.4181602979149686,2.411167337504055,0,0,0,0,1,0,1,1,0,0,1,0,1,0,1,0,1,0,0,0,1,0,1,1,0,0,0
0,-0.42462485012737144,0.9860732229638132,-0.16272359473157338,1,1,1,0,1,0,0,1,0,0,0,0,0,0,1,0,0,0,1,0,1,0,0,1,1,0,0
1,1.5310852911355222,0.853123353748073,1.8473290427839433,0,0,1,0,1,0,1,1,0,0,1,0,0,0,0,0,0,0,0,0,1,0,0,1,0,1,0
0,-1.2395040756535771,-1.506736824831314,-0.9820097553694824,0,0,0,0,1,0,0,0,1,1,0,1,0,1,0,1,0,1,0,1,0,0,0,0,0,1,0
0,-0.05792919864057891,0.0554241384536323,-0.11639885220762052,0,1,1,0,1,0,0,0,0,0,0,0,0,0,1,0,1,0,0,0,1,0,0,1,1,0,0
1,0.9606698332671781,1.1854980267874233,1.5023200079865036,1,0,1,0,1,0,1,1,0,0,0,0,0,0,1,0,0,0,1,0,1,0,0,1,0,0,0
0,-0.6690886177852331,1.1854980267874233,-0.3356693001543307,0,0,1,1,1,0,0,1,0,0,1,0,0,0,1,0,0,0,1,0,1,0,0,0,0,0,0
0,0.797693988161937,-1.3073120210077038,-0.4186126486734082,0,1,0,1,1,0,1,0,1,1,0,1,0,1,0,1,0,1,0,1,0,0,1,0,1,0,0
0,-0.791320501614164,-1.506736824831314,-0.8959780906821414,0,1,1,1,1,0,0,0,1,1,0,1,0,1,0,1,0,1,0,1,0,0,0,1,0,0,1
0,0.10504664646466222,-1.4734993575273791,-0.6983258559132759,0,0,0,0,1,0,0,0,1,1,0,1,0,1,0,1,0,1,0,1,0,1,0,0,0,0,1
0,1.082901717096109,1.0193106902677482,1.4877608031932612,0,0,0,0,1,0,0,1,0,0,0,0,0,0,1,0,0,0,1,0,1,0,1,0,0,1,0
0,1.6125732136881425,0.9860732229638132,1.9695381254423712,0,1,1,0,1,0,0,1,0,0,0,0,0,0,1,0,0,0,1,0,1,0,0,1,0,1,0
1,1.368109446030281,0.5207486807087227,1.3156974738185792,1,0,1,0,1,0,1,0,0,0,0,0,1,0,1,0,0,0,1,0,1,0,1,1,0,0,0
0,0.6754621043330061,1.3849228306110335,1.2755493636311535,0,0,1,0,1,0,1,1,0,0,1,0,1,0,1,0,1,0,0,0,1,0,1,0,1,0,0
0,-1.2395040756535771,-0.6425626749290033,-0.9608327302156755,0,0,0,0,1,0,0,0,0,0,0,0,0,0,0,0,0,0,0,0,0,0,0,1,0,0,1
1,-0.46536881140368175,1.3184478960031634,-0.005219470150133658,0,1,0,0,1,0,1,1,0,0,0,0,1,0,1,0,0,0,1,0,1,0,0,1,0,1,0
1,0.8791819107145575,-0.310188001889653,0.3014062065560305,0,1,0,0,0,1,0,0,0,0,0,0,1,0,1,0,0,0,1,0,1,1,0,1,0,1,0
1,-0.3431369275747509,0.45427374610085264,-0.22537229414491913,1,1,1,0,1,0,1,1,0,0,1,0,0,0,0,0,0,0,0,0,0,0,0,1,0,1,0
0,-1.2802480369298874,-0.11076319806604285,-0.9802450032733319,0,1,0,0,1,0,1,0,0,0,1,0,1,0,0,0,0,0,0,0,0,0,0,0,0,1,0
0,-1.076528230548336,0.45427374610085264,-0.789210588865031,0,1,0,0,1,0,0,1,0,0,1,0,1,0,0,0,0,0,0,0,0,0,0,1,0,1,0
0,-1.2802480369298874,-0.6758001422329384,-0.9877451996819718,1,0,0,0,1,0,0,0,0,0,0,0,0,0,0,0,0,0,0,0,0,0,0,1,0,0,1
0,0.6754621043330061,1.4846352325228385,1.3267271744195204,0,1,0,1,1,0,1,1,0,0,1,0,1,0,1,0,0,0,1,0,1,1,0,1,1,0,0
0,0.9606698332671781,-0.11076319806604285,0.4690576556903361,0,0,1,1,1,0,0,0,0,0,1,0,1,0,1,0,0,0,0,0,0,0,1,1,1,0,0
1,0.9606698332671781,1.052548157571683,1.2954028247128475,0,0,0,0,1,0,1,1,0,0,1,0,1,0,0,0,0,0,0,0,1,0,0,1,0,1,0
0,-1.076528230548336,-0.8087500114486784,-0.911419671523459,0,0,1,1,0,1,0,0,0,0,0,0,1,0,1,0,1,0,0,0,0,0,1,0,0,0,1
0,-0.01718523736426863,-1.506736824831314,-0.739356342148777,0,1,0,0,1,0,0,0,1,1,0,1,0,1,0,1,0,1,0,1,0,1,0,0,0,0,1
0,0.7162060656093164,1.4513977652189036,1.3889346858088285,0,1,1,1,1,0,1,1,0,0,1,0,1,0,1,0,0,0,1,0,1,1,0,1,0,1,0
0,1.0421577558197987,1.3516853633070984,1.6417354235823998,0,1,1,1,1,0,1,1,0,0,0,0,0,0,1,0,1,0,1,0,1,1,0,1,0,0,0
0,1.3273654847539706,0.853123353748073,1.6209995864526305,0,0,1,1,1,0,1,0,0,0,1,0,1,0,1,0,1,0,1,0,1,0,1,1,0,0,1
0,1.2866215234776603,0.7201734845323329,1.3937877540732426,0,0,0,0,1,0,1,0,0,0,1,0,1,0,1,0,1,0,1,0,1,0,1,1,1,0,0
0,1.368109446030281,0.0554241384536323,0.9208341923048858,0,0,1,0,1,0,1,0,0,0,1,0,1,0,1,0,0,0,0,0,0,0,1,0,0,0,0
0,0.22727853029359305,1.5178726998267735,0.9464230976990693,0,1,1,0,1,0,1,1,0,0,1,0,0,0,1,0,1,0,1,0,1,1,0,1,0,1,0
0,-0.506112772679992,-1.4734993575273791,-0.8236232547399674,0,0,1,0,1,0,0,0,1,1,0,1,0,1,0,1,0,1,0,1,0,1,0,1,0,0,1
0,0.1457906077409725,0.6536985499244629,0.34596619698383274,1,1,0,0,1,0,1,1,0,0,0,0,0,0,0,0,0,0,0,0,1,0,0,1,0,1,0
1,1.2866215234776603,1.2519729613952935,1.94350803202415,0,1,0,0,1,0,1,1,0,0,0,0,0,0,1,0,1,0,1,0,1,1,0,0,0,1,0
0,-1.2802480369298874,-1.4734993575273791,-0.9983337122588753,1,1,0,0,1,0,0,0,1,1,0,1,0,1,0,1,0,1,0,1,0,0,0,0,0,0,1
0,1.1236456783724194,0.18837400766937243,0.8564207407953894,0,0,0,0,1,0,0,0,0,0,0,0,1,0,1,0,1,0,1,0,0,1,0,1,1,0,0
0,-1.2802480369298874,0.32132387688511255,-0.9745095589608425,1,1,0,0,1,0,0,1,0,0,0,0,1,0,0,0,0,0,0,0,0,0,0,1,0,1,0
0,0.7162060656093164,0.5207486807087227,0.7761245204205378,0,0,1,1,1,0,1,0,0,0,1,0,1,0,1,0,1,0,0,0,1,1,0,1,0,0,0
0,-1.2802480369298874,-0.07752573076210782,-0.9798038152492943,1,1,0,0,1,0,1,0,0,0,0,0,0,0,1,0,1,0,0,0,0,0,0,0,0,0,1
0,1.6125732136881425,-0.5096128057132632,0.5722956533151453,0,0,1,0,0,1,0,0,0,0,1,0,1,0,1,0,0,0,0,0,1,0,1,1,0,1,0
0,1.1236456783724194,-1.4734993575273791,-0.4786142199425281,0,1,1,0,1,0,0,0,1,1,0,1,0,1,0,1,0,1,0,1,0,0,1,1,0,0,0
0,0.5532302205040753,-0.8752249460565485,-0.23287249055355913,0,1,0,0,0,1,0,0,0,0,1,0,0,0,1,0,1,0,0,0,0,0,1,0,0,0,1
0,1.4903413298592119,-0.3434254691935881,0.6570037539303734,0,0,1,1,0,1,0,0,0,0,0,0,1,0,1,0,0,0,1,0,1,0,1,1,1,0,0
1,-0.05792919864057891,1.052548157571683,0.26214047241668,0,1,0,0,1,0,1,1,0,0,0,0,0,0,1,0,1,0,1,0,0,0,0,1,0,0,0
0,-0.5468567339563023,-1.506736824831314,-0.8496533481581886,0,1,1,1,1,0,0,0,1,1,0,1,0,1,0,1,0,1,0,1,0,1,0,0,0,0,1
0,1.5718292524118322,-1.506736824831314,-0.39081780315903647,0,0,1,1,1,0,0,0,1,1,0,1,0,1,0,1,0,1,0,1,0,0,1,0,1,0,0
0,-0.8320644628904743,0.6536985499244629,-0.5840581576875256,0,1,1,0,1,0,0,1,0,0,1,0,1,0,1,0,0,0,0,0,0,0,0,1,0,1,0
0,0.2680224915699033,0.5207486807087227,0.39670281974816207,1,1,1,1,1,0,0,0,0,0,1,0,0,0,1,0,1,0,1,0,1,1,0,0,1,0,0
0,0.4717422979514547,0.6869360172283978,0.6270029682958135,0,1,0,0,1,0,1,0,0,0,0,0,1,0,1,0,1,0,1,0,1,1,0,1,0,0,0
0,0.9606698332671781,0.5539861480126578,1.0311311983142974,0,0,1,1,1,0,1,0,0,0,1,0,1,0,1,0,1,0,1,0,0,0,1,0,1,0,0
0,1.6125732136881425,1.6840600363464486,2.6599973830612877,0,0,1,0,1,0,1,1,0,0,1,0,1,0,1,0,1,0,1,0,1,0,1,1,0,0,0
0,-1.1172721918246462,1.3184478960031634,-0.7684747517352617,1,1,0,0,1,0,1,1,0,0,0,0,1,0,1,0,0,0,1,0,1,0,0,0,0,0,1
0,-0.8728084241667845,0.4875112134047877,-0.5972937984086549,0,0,0,0,1,0,1,1,0,0,1,0,0,0,0,0,0,0,0,0,0,0,0,1,0,0,0
1,-0.3431369275747509,-0.8419874787526135,-0.5787639013990737,1,1,1,0,0,1,0,0,0,0,1,0,0,0,0,0,0,0,0,0,1,0,0,0,0,0,0
1,-0.7098325790615434,0.9860732229638132,-0.4402308618512529,0,0,1,0,1,0,0,1,0,0,0,0,1,0,0,0,0,0,1,0,1,0,0,1,0,1,0
0,1.6125732136881425,-1.4734993575273791,-0.33611048817836836,0,1,0,0,1,0,0,0,1,1,0,1,0,1,0,1,0,1,0,1,0,0,1,1,0,0,1
0,0.9606698332671781,-0.1772381326739129,0.48802874072395486,0,1,1,0,1,0,1,0,0,0,0,0,1,0,1,0,0,0,0,0,0,0,1,0,1,0,0
1,1.2866215234776603,-1.4734993575273791,-0.4786142199425281,0,1,0,0,1,0,0,0,1,1,0,1,0,1,0,1,0,1,0,1,0,0,1,1,0,0,0
0,0.06430268518835193,1.1854980267874233,0.499058441324896,0,0,1,0,1,0,1,1,0,0,0,0,0,0,1,0,0,0,1,0,1,0,0,1,0,1,0
0,-1.2395040756535771,0.3877988114929826,-0.9356850128455296,1,1,0,0,1,0,1,1,0,0,0,0,0,0,0,0,0,0,0,0,0,0,0,1,0,1,0
0,0.10504664646466222,-1.4734993575273791,-0.674501702615243,0,1,0,0,1,0,0,0,1,1,0,1,0,1,0,1,0,1,0,1,0,1,0,0,0,0,0
0,-0.42462485012737144,-1.4734993575273791,-0.8011226655140475,0,1,0,0,1,0,0,0,1,1,0,1,0,1,0,1,0,1,0,1,0,1,0,0,1,0,0
0,-1.1172721918246462,-0.5096128057132632,-0.9118608595474967,1,1,0,0,1,0,0,0,0,0,0,0,0,0,0,0,1,0,0,0,0,0,0,1,0,1,0
0,-0.9542963467194051,-0.8419874787526135,-0.8425943397735862,0,1,0,0,0,1,0,0,0,0,1,0,1,0,1,0,0,0,0,0,0,1,0,0,0,0,1
0,-0.8728084241667845,-1.373786955615574,-0.899066406850405,1,1,0,0,1,0,1,0,1,1,0,1,0,1,0,1,0,1,0,1,0,0,0,0,1,0,0
0,-0.38388088885106114,-1.4734993575273791,-0.7949460331775204,0,1,0,0,1,0,0,0,1,1,0,1,0,1,0,1,0,1,0,1,0,1,0,0,0,0,1
0,-1.1580161531009565,0.5207486807087227,-0.8739186894802592,1,0,1,1,1,0,0,1,0,0,0,0,0,0,0,0,0,0,0,0,1,0,0,0,0,1,0
0,1.4495973685829016,-1.3073120210077038,-0.24478456720257558,0,1,1,0,1,0,1,0,1,1,0,1,0,1,0,1,0,1,0,1,0,0,1,0,0,0,0
0,0.02355872391204165,0.8863608210520081,0.3005238305079552,0,1,1,0,1,0,0,1,0,0,0,0,0,0,0,0,0,0,1,0,1,0,0,0,0,1,0
0,-0.05792919864057891,0.2548489422772425,-0.055956092914462977,0,1,0,0,1,0,0,0,0,0,1,0,1,0,1,0,1,0,1,0,0,0,0,1,0,0,0
0,-1.2802480369298874,-0.14400066536997788,-0.9806861912973696,1,1,0,0,1,0,1,0,0,0,0,0,1,0,0,0,1,0,0,0,0,0,0,0,0,0,1
0,0.9606698332671781,-1.506736824831314,-0.543468859476062,0,0,0,0,1,0,0,0,1,1,0,1,0,1,0,1,0,1,0,1,0,0,1,0,0,0,0
0,-1.2802480369298874,0.45427374610085264,-0.9727448068646919,1,1,0,0,1,0,0,1,0,0,0,0,0,0,0,0,0,0,1,0,0,0,0,1,0,1,0
0,1.368109446030281,0.35456134418904756,1.2045180917610925,0,1,1,1,1,0,0,0,0,0,1,0,1,0,1,0,1,0,1,0,0,1,0,1,0,1,0
0,1.6125732136881425,-1.3073120210077038,-0.2403726869621991,0,1,1,1,1,0,1,0,1,1,0,1,0,1,0,1,0,1,0,1,0,0,1,0,0,0,0
1,0.06430268518835193,0.1551365403654374,-0.003454718053983072,0,1,0,0,1,0,0,1,0,0,0,0,0,0,0,0,0,0,0,0,0,0,0,0,1,0,0
0,1.0421577558197987,0.8863608210520081,1.4242297277318403,0,0,1,1,1,0,0,1,0,0,0,0,1,0,1,0,0,0,1,0,0,0,0,1,0,1,0
0,-1.2395040756535771,-0.6425626749290033,-0.9639210463839389,1,1,0,0,1,0,0,0,0,0,0,0,0,0,0,0,0,0,0,0,0,0,0,1,0,1,0
0,0.18653456901728277,-0.9749373479683536,-0.42655403310608586,0,1,0,0,0,1,0,0,0,0,0,0,0,0,0,0,0,0,1,0,0,0,1,0,1,0,0
0,1.5718292524118322,1.6175851017385787,2.5192584033932786,0,0,0,0,1,0,1,1,0,0,1,0,1,0,1,0,1,0,1,0,1,0,1,1,1,0,0
0,-1.2802480369298874,-1.506736824831314,-0.998774900282913,0,1,1,1,1,0,0,0,1,1,0,1,0,1,0,1,0,1,0,1,0,1,0,0,1,0,0
1,1.5718292524118322,-1.506736824831314,-0.3947884953753753,0,1,1,1,1,0,0,0,1,1,0,1,0,1,0,1,0,1,0,1,0,0,1,0,1,0,0
0,0.10504664646466222,-1.506736824831314,-0.713326248730556,0,1,1,1,1,0,0,0,1,1,0,1,0,1,0,1,0,1,0,1,0,1,0,0,0,1,0
0,-1.076528230548336,-1.506736824831314,-0.9656857984800895,0,0,1,1,1,0,0,0,1,1,0,1,0,1,0,1,0,1,0,1,0,1,0,0,0,0,1
0,-1.1987601143772668,0.4875112134047877,-0.8995075948744427,1,0,0,0,1,0,0,1,0,0,0,0,0,0,0,0,0,0,1,0,0,0,0,1,0,1,0
0,1.4903413298592119,-0.1772381326739129,0.8167138186320013,0,0,1,1,1,0,0,0,0,0,0,0,1,0,1,0,1,0,0,0,0,1,0,0,0,0,0
0,0.4717422979514547,-0.3766629364975231,0.040664084349781554,1,1,0,0,0,1,0,0,0,0,0,0,1,0,1,0,0,0,1,0,1,1,0,1,0,0,1
0,0.8384379494382472,0.8863608210520081,1.1378987001314078,0,0,1,0,1,0,1,1,0,0,0,0,0,0,0,0,1,0,0,0,1,1,0,1,0,1,0
0,-0.3431369275747509,1.1522605594834883,0.06537061369588974,1,0,1,0,1,0,0,1,0,0,0,0,1,0,1,0,0,0,1,0,1,0,0,1,1,0,0
0,-1.1172721918246462,0.12189907306150236,-0.8523004763024145,0,0,1,0,1,0,0,1,0,0,0,0,0,0,0,0,0,0,0,0,0,0,0,1,0,1,0
0,-1.2395040756535771,-0.44313787110539316,-0.9603915421916378,0,0,0,1,1,0,0,0,0,0,0,0,1,0,0,0,0,0,0,0,0,0,0,0,0,0,1
0,1.2051336009250397,-1.340549488311639,-0.38375879477443414,0,1,0,1,1,0,1,0,1,1,0,1,0,1,0,1,0,1,0,1,0,0,1,1,0,0,1
0,-0.5468567339563023,1.052548157571683,-0.2381667468420109,0,0,1,0,1,0,0,1,0,0,0,0,0,0,1,0,0,0,1,0,1,0,0,1,0,1,0
0,-0.9542963467194051,0.18837400766937243,-0.7172969409468947,0,1,0,0,1,0,0,1,0,0,0,0,0,0,0,0,0,0,0,0,0,0,0,0,0,0,1
0,0.8384379494382472,-1.506736824831314,-0.5439100475000997,0,1,0,0,1,0,0,0,1,1,0,1,0,1,0,1,0,1,0,1,0,0,1,0,1,0,0
0,-1.1172721918246462,0.45427374610085264,-0.819211374499591,0,1,0,0,1,0,0,1,0,0,0,0,0,0,0,0,0,0,0,0,1,0,0,0,0,0,1
1,1.5718292524118322,0.1551365403654374,1.1908412630159253,0,0,1,1,1,0,1,0,0,0,1,0,1,0,0,0,0,0,1,0,0,1,0,0,0,1,0
0,-1.2802480369298874,-1.506736824831314,-0.998774900282913,0,0,0,0,1,0,0,0,1,1,0,1,0,1,0,1,0,1,0,1,0,0,0,1,0,0,1
0,-0.5876006952326126,0.5207486807087227,-0.3669936498610036,1,1,0,0,1,0,1,1,0,0,0,0,1,0,0,0,0,0,0,0,0,0,0,1,0,1,0
0,1.6125732136881425,1.2852104286992283,2.3608719027637632,0,1,0,0,1,0,1,1,0,0,0,0,1,0,1,0,0,0,1,0,1,0,1,1,0,1,0
0,-1.1580161531009565,-0.3434254691935881,-0.9034782870907815,0,0,1,0,1,0,0,0,0,0,1,0,1,0,0,0,0,0,0,0,0,0,0,0,0,0,1
0,1.082901717096109,-0.3434254691935881,0.3675844101616774,0,1,0,0,1,0,1,0,0,0,0,0,0,0,1,0,0,0,0,0,0,0,1,0,1,0,0
0,-1.2802480369298874,0.22161147497330744,-0.9758331230329554,1,0,0,0,1,0,0,1,0,0,0,0,0,0,0,0,0,0,0,0,0,0,0,0,0,0,1
1,-0.05792919864057891,0.6536985499244629,0.15449059455149428,0,0,1,0,1,0,1,1,0,0,0,0,0,0,0,0,0,0,0,0,1,0,0,1,0,1,0
0,-1.1987601143772668,-1.4734993575273791,-0.9855392595617837,0,1,1,0,1,0,0,0,1,1,0,1,0,1,0,1,0,1,0,1,0,0,0,0,0,0,0
1,1.3273654847539706,1.3849228306110335,2.071893747019105,1,0,1,0,1,0,1,1,0,0,0,0,1,0,1,0,0,0,1,0,1,1,0,1,0,1,0
0,0.6754621043330061,1.1522605594834883,1.1634876055255914,0,1,1,0,1,0,0,1,0,0,0,0,0,0,1,0,1,0,1,0,1,1,0,1,1,0,0
0,-1.2395040756535771,-1.506736824831314,-0.9868628236338965,0,1,0,0,1,0,0,0,1,1,0,1,0,1,0,1,0,1,0,1,0,0,0,0,0,0,1
0,0.8384379494382472,-1.4734993575273791,-0.5567045001971915,1,0,1,0,1,0,0,0,1,1,0,1,0,1,0,1,0,1,0,1,0,1,0,0,0,0,0
0,0.9199258719908678,0.9860732229638132,1.3205505420829933,0,0,1,0,1,0,0,1,0,0,1,0,0,0,0,0,0,0,1,0,1,1,0,1,0,1,0
0,1.6125732136881425,1.6508225690425138,2.649850058508422,0,1,1,1,1,0,1,1,0,0,1,0,1,0,1,0,1,0,1,0,1,0,1,1,1,0,0
1,0.1457906077409725,0.32132387688511255,0.16596148317647308,0,0,0,0,1,0,1,1,0,0,0,0,0,0,0,0,0,0,0,0,0,0,0,1,0,0,0
0,-0.9135523854430948,-1.506736824831314,-0.9206846200282497,0,0,1,1,1,0,0,0,1,1,0,1,0,1,0,1,0,1,0,1,0,0,0,1,0,0,0
1,-1.2802480369298874,0.9860732229638132,-0.9656857984800895,1,1,0,0,1,0,1,1,0,0,0,0,0,0,0,0,0,0,1,0,1,0,0,1,0,1,0
0,1.6125732136881425,0.5207486807087227,1.5623215792556235,0,0,1,1,1,0,1,0,0,0,1,0,1,0,1,0,1,0,0,0,1,0,1,0,0,0,0
0,-0.18016108246950976,-0.3434254691935881,-0.33787524027451893,0,0,0,0,1,0,0,0,0,0,0,0,1,0,0,0,1,0,0,0,0,0,0,0,0,0,0
0,0.22727853029359305,0.8863608210520081,0.527735662887343,0,1,1,0,1,0,1,1,0,0,1,0,0,0,0,0,0,0,1,0,0,0,0,0,0,0,0
0,1.1643896396487294,1.7837724382582538,2.2421923242976365,0,0,0,0,1,0,1,1,0,0,1,0,1,0,1,0,1,0,1,0,1,1,0,1,0,1,0
0,0.797693988161937,-1.340549488311639,-0.4199362127455211,0,1,1,1,1,0,1,0,1,1,0,1,0,1,0,1,0,1,0,1,0,0,1,0,0,0,1
0,1.4088534073065913,-1.506736824831314,-0.47993778401464104,0,1,0,0,1,0,0,0,1,1,0,1,0,1,0,1,0,1,0,1,0,1,0,1,0,0,1
0,0.06430268518835193,1.7172975036503837,0.7337704701129238,0,0,0,1,1,0,1,1,0,0,1,0,1,0,1,0,1,0,1,0,1,0,1,1,1,0,0
0,0.8791819107145575,0.5207486807087227,0.889509842598213,0,0,0,0,1,0,0,0,0,0,1,0,0,0,1,0,1,0,1,0,1,0,1,0,0,1,0
0,-1.2802480369298874,-1.4734993575273791,-0.9983337122588753,0,0,1,0,1,0,0,0,1,1,0,1,0,1,0,1,0,1,0,1,0,0,0,1,0,0,0
1,-0.7098325790615434,0.819885886444138,-0.37890572651002,1,0,0,0,1,0,1,1,0,0,0,0,1,0,0,0,0,0,0,0,1,0,0,0,0,1,0
0,-1.1580161531009565,-0.6093252076250683,-0.9220081841003626,1,0,0,0,1,0,0,0,0,0,0,0,0,0,0,0,0,0,0,0,0,0,0,1,0,0,1
0,-0.9542963467194051,0.0554241384536323,-0.7336208978362876,1,0,0,0,1,0,0,0,0,0,0,0,1,0,0,0,1,0,1,0,0,0,0,0,0,0,1
0,0.5532302205040753,1.1522605594834883,0.9300991408096764,0,0,0,1,1,0,0,1,0,0,0,0,1,0,1,0,0,0,1,0,1,0,0,1,0,1,0
0,-0.42462485012737144,0.853123353748073,-0.1278697408325993,1,0,0,0,1,0,1,1,0,0,0,0,0,0,0,0,1,0,1,0,0,0,0,1,0,1,0
0,0.22727853029359305,0.18837400766937243,0.13860782568613902,1,1,0,0,1,0,0,1,0,0,0,0,0,0,0,0,0,0,0,0,0,1,0,1,0,0,0
0,0.9199258719908678,0.35456134418904756,0.8515676725309754,0,0,1,1,1,0,1,0,0,0,1,0,1,0,0,0,1,0,1,0,0,1,0,1,1,0,0
0,-1.2802480369298874,-1.506736824831314,-0.998774900282913,0,0,0,0,1,0,0,0,1,1,0,1,0,1,0,1,0,1,0,1,0,0,0,0,0,0,1
1,1.2866215234776603,0.5207486807087227,1.206282843857243,0,1,1,0,1,0,0,1,0,0,1,0,0,0,1,0,0,0,0,0,0,1,0,0,1,0,0
0,0.8384379494382472,-1.506736824831314,-0.5430276714520245,1,1,0,1,1,0,0,0,1,1,0,1,0,1,0,1,0,1,0,1,0,0,1,0,0,0,0
0,1.0421577558197987,0.6536985499244629,1.1617228534294406,0,0,1,0,1,0,1,0,0,0,1,0,0,0,1,0,1,0,1,0,1,0,1,1,0,1,0
0,0.9606698332671781,-0.3434254691935881,0.29831789038776696,0,1,1,0,0,1,0,0,0,0,0,0,0,0,1,0,1,0,1,0,1,1,0,1,0,0,0
0,1.6125732136881425,1.3184478960031634,2.32778280096094,0,1,1,1,1,0,0,1,0,0,1,0,0,0,1,0,1,0,1,0,1,0,1,1,1,0,0
0,-1.2802480369298874,-0.3766629364975231,-0.9837745074656331,1,1,0,0,1,0,0,0,0,0,1,0,0,0,0,0,1,0,0,0,0,0,0,1,0,1,0
1,1.6125732136881425,1.0857856248756181,2.1398367027209027,0,1,1,0,1,0,1,1,0,0,0,0,1,0,0,0,0,0,1,0,1,1,0,1,1,0,0
0,-0.42462485012737144,0.6204610826205278,-0.2134602174959027,0,1,0,0,1,0,1,1,0,0,0,0,0,0,0,0,0,0,0,0,1,0,0,0,0,1,0
1,-0.9950403079957154,1.3516853633070984,-0.6414126008124196,1,0,0,0,1,0,1,1,0,0,0,0,1,0,1,0,0,0,1,0,1,0,0,1,0,1,0
0,-0.6690886177852331,0.5539861480126578,-0.42831878520223643,1,0,0,1,1,0,0,1,0,0,0,0,0,0,0,0,0,0,1,0,0,0,0,1,0,1,0
0,0.2680224915699033,-0.7755125441447435,-0.30258019835150723,0,0,0,0,0,1,0,0,0,0,0,0,1,0,1,0,1,0,0,0,0,0,0,0,0,0,0
0,-0.8320644628904743,-0.6425626749290033,-0.7759749481439017,0,0,0,0,1,0,0,0,0,0,0,0,0,0,0,0,0,0,0,0,0,0,0,1,0,0,0
0,0.8791819107145575,0.32132387688511255,0.8418615360021472,0,1,1,0,1,0,0,0,0,0,1,0,1,0,0,0,0,0,1,0,1,0,1,1,0,0,0
0,-0.5876006952326126,-0.8087500114486784,-0.6934727876488618,0,0,0,0,0,1,0,0,0,0,1,0,1,0,0,0,1,0,0,0,0,1,0,1,0,0,1
0,-0.01718523736426863,0.18837400766937243,-0.0361026318327689,0,1,1,0,1,0,0,0,0,0,1,0,1,0,0,0,1,0,0,0,1,1,0,0,0,0,1
0,0.3495104141225239,-1.506736824831314,-0.6515599253652854,0,0,0,0,1,0,0,0,1,1,0,1,0,1,0,1,0,1,0,1,0,1,0,1,0,0,1
0,1.4088534073065913,-1.340549488311639,-0.29243287379864136,0,1,1,1,1,0,1,0,1,1,0,1,0,1,0,1,0,1,0,1,0,0,1,0,0,0,0
0,1.3273654847539706,1.3184478960031634,1.9982153470048183,0,1,1,0,1,0,1,1,0,0,1,0,0,0,1,0,0,0,1,0,1,0,0,1,0,1,0
0,-0.3023929662984406,0.45427374610085264,-0.19669507258247212,0,0,0,0,1,0,1,0,0,0,1,0,1,0,1,0,1,0,1,0,0,0,0,1,0,0,0
0,-1.2802480369298874,0.1551365403654374,-0.9767154990810307,1,0,1,1,1,0,0,1,0,0,0,0,0,0,0,0,0,0,0,0,0,0,0,1,0,1,0
0,1.4088534073065913,1.4846352325228385,2.232927375792846,0,0,1,0,1,0,1,1,0,0,0,0,1,0,1,0,1,0,1,0,1,1,0,1,1,0,0
1,-1.0357842692720256,0.2880864095811775,-0.7667099996391111,1,1,0,0,1,0,1,1,0,0,0,0,0,0,0,0,0,0,0,0,0,0,0,0,0,0,1
1,0.4309983366751445,-1.0414122825762238,-0.3453754366831589,0,0,0,0,0,1,0,0,0,0,1,0,1,0,0,0,0,0,0,0,0,0,0,1,1,0,0
0,-0.3431369275747509,0.9860732229638132,7.478613831809771e-05,0,0,0,0,1,0,0,1,0,0,1,0,0,0,0,0,0,0,1,0,1,0,0,1,0,1,0
1,-0.9542963467194051,-0.3434254691935881,-0.789210588865031,1,1,0,0,1,0,1,0,0,0,1,0,0,0,0,0,0,0,0,0,0,0,0,0,0,1,0
0,1.4903413298592119,-1.4734993575273791,-0.40008275166382706,0,1,1,1,1,0,0,0,1,1,0,1,0,1,0,1,0,1,0,1,0,0,1,0,0,0,0
0,0.18653456901728277,-1.4734993575273791,-0.6740605145912054,0,0,0,1,1,0,0,0,1,1,0,1,0,1,0,1,0,1,0,1,0,1,0,0,0,0,0
0,-0.506112772679992,-0.8419874787526135,-0.6431773529085701,0,1,1,1,0,1,0,0,0,0,1,0,0,0,1,0,1,0,0,0,0,0,1,1,1,0,0
0,-1.0357842692720256,0.1551365403654374,-0.7918577170092569,0,1,0,0,1,0,0,1,0,0,0,0,0,0,0,0,0,0,0,0,0,0,0,0,0,0,0
1,0.18653456901728277,0.3877988114929826,0.2462577035513247,1,0,0,0,1,0,1,1,0,0,0,0,0,0,0,0,0,0,0,0,0,0,0,1,0,1,0
0,-1.1172721918246462,0.9528357556598781,-0.7927400930573322,1,0,0,0,1,0,1,1,0,0,0,0,0,0,0,0,0,0,1,0,1,0,0,1,0,0,1
0,0.3495104141225239,-0.44313787110539316,-0.09169232286151233,0,1,0,0,0,1,0,0,0,0,0,0,0,0,1,0,0,0,1,0,1,1,0,1,0,1,0
0,0.8791819107145575,1.1854980267874233,1.3306978666358593,0,0,0,0,1,0,0,1,0,0,1,0,1,0,0,0,0,0,1,0,1,1,0,1,1,0,0
1,-1.1987601143772668,0.18837400766937243,-0.9171551158359484,1,0,0,0,1,0,0,1,0,0,0,0,0,0,0,0,0,0,0,0,0,0,0,1,0,1,0
1,1.4903413298592119,-1.4734993575273791,-0.40890651214457996,0,1,0,0,1,0,0,0,1,1,0,1,0,1,0,1,0,1,0,1,0,0,1,0,1,0,0
0,0.8384379494382472,0.9860732229638132,1.217312544458184,0,0,0,0,1,0,0,1,0,0,0,0,1,0,1,0,1,0,0,0,1,1,0,1,1,0,0
0,-0.5876006952326126,-0.6093252076250683,-0.6489127972210595,0,1,1,1,0,1,0,0,0,0,0,0,1,0,1,0,0,0,1,0,0,1,0,0,1,0,0
0,1.2866215234776603,1.3184478960031634,1.9068894260290254,0,1,1,0,1,0,0,1,0,0,1,0,1,0,0,0,1,0,1,0,1,0,1,1,1,0,0
0,-0.05792919864057891,0.8863608210520081,0.31420065925312224,1,0,1,1,1,0,1,1,0,0,0,0,1,0,0,0,0,0,0,0,1,0,0,1,0,1,0
0,-0.506112772679992,-1.340549488311639,-0.7843575206006169,0,0,0,0,0,1,0,0,0,0,0,0,0,0,0,0,0,0,0,0,0,0,0,0,1,0,0
0,1.0014137945434884,-0.1772381326739129,0.5409713036084725,0,1,1,1,1,0,0,0,0,0,1,0,1,0,0,0,1,0,0,0,0,1,0,0,0,0,1
1,1.24587756220135,1.4513977652189036,2.077188003307557,0,1,1,0,1,0,1,1,0,0,1,0,1,0,1,0,0,0,1,0,1,0,1,0,1,0,0
0,-0.791320501614164,-0.8087500114486784,-0.7468565385574171,0,1,1,1,0,1,0,0,0,0,1,0,1,0,0,0,1,0,0,0,0,0,1,0,0,0,1
1,0.6347181430566958,-0.21047559997784793,0.2233159263013671,0,0,1,0,1,0,0,0,0,0,0,0,1,0,0,0,0,0,0,0,1,1,0,1,0,0,0
0,-1.2395040756535771,0.18837400766937243,-0.9467147134464707,1,0,0,0,1,0,0,1,0,0,0,0,0,0,0,0,0,0,0,0,0,0,0,1,0,1,0
0,1.0014137945434884,-1.4734993575273791,-0.5117033217453516,0,1,1,1,1,0,0,0,1,1,0,1,0,1,0,1,0,1,0,1,0,0,1,0,0,0,1
0,1.5718292524118322,1.6175851017385787,2.5016108824317724,0,1,1,0,1,0,1,1,0,0,0,0,1,0,1,0,1,0,1,0,1,1,0,1,0,0,0
0,-1.0357842692720256,-0.5428502730171982,-0.8531828523504897,0,0,1,1,1,0,1,0,0,0,0,0,0,0,0,0,0,0,0,0,0,0,0,0,0,1,0
0,-0.6690886177852331,-0.044288263458172786,-0.5364098510914598,0,0,0,0,1,0,1,0,0,0,0,0,0,0,0,0,0,0,0,0,1,0,0,1,0,0,0
0,0.06430268518835193,1.1854980267874233,0.54891268804115,0,1,1,0,1,0,1,1,0,0,0,0,0,0,1,0,0,0,1,0,1,0,0,0,0,1,0
0,0.18653456901728277,1.1522605594834883,0.6525918736899969,1,0,1,0,1,0,1,1,0,0,0,0,0,0,1,0,0,0,1,0,1,0,0,1,0,1,0
0,-0.6690886177852331,0.5207486807087227,-0.4565548187406458,0,1,0,0,1,0,1,1,0,0,0,0,1,0,0,0,0,0,0,0,0,0,0,1,0,0,1
0,0.6347181430566958,-0.011050796154237758,0.3318481802146281,0,1,0,1,1,0,1,0,0,0,1,0,1,0,1,0,0,0,0,0,0,1,0,1,0,0,0
0,1.0421577558197987,0.35456134418904756,0.8899510306222506,0,1,1,1,1,0,0,0,0,0,0,0,1,0,0,0,1,0,1,0,1,1,0,1,1,0,0
0,1.6125732136881425,0.6536985499244629,1.6686478930486963,0,0,1,0,1,0,1,0,0,0,1,0,0,0,1,0,1,0,1,0,1,0,1,1,0,0,0
0,-1.0357842692720256,-1.506736824831314,-0.9436263972782073,0,0,0,0,1,0,0,0,1,1,0,1,0,1,0,1,0,1,0,1,0,0,0,0,0,0,1
0,0.22727853029359305,0.6204610826205278,0.41920340897408204,1,0,0,0,1,0,0,1,0,0,1,0,1,0,1,0,0,0,0,0,0,0,0,1,1,0,0
1,0.6347181430566958,1.7505349709543188,1.392023001977092,1,0,1,0,1,0,1,1,0,0,1,0,1,0,1,0,1,0,1,0,1,0,0,0,0,1,0
0,-0.9135523854430948,1.3184478960031634,-0.5302332187549327,1,1,0,0,1,0,0,1,0,0,1,0,1,0,1,0,0,0,1,0,1,0,0,1,0,1,0
0,-0.09867315991688919,0.32132387688511255,0.011104486739259255,0,0,0,0,1,0,0,0,0,0,1,0,1,0,1,0,1,0,1,0,0,1,0,0,1,0,0
0,-0.05792919864057891,-0.1772381326739129,-0.17684161150077804,0,1,1,0,1,0,1,0,0,0,0,0,0,0,0,0,0,0,1,0,0,0,0,1,1,0,0
1,0.5532302205040753,0.1551365403654374,0.42890954550291027,0,0,0,0,1,0,1,0,0,0,0,0,0,0,1,0,1,0,0,0,1,1,0,1,1,0,0
0,0.7162060656093164,-1.4734993575273791,-0.5364098510914598,0,1,1,0,1,0,0,0,1,1,0,1,0,1,0,1,0,1,0,1,0,0,1,0,0,0,1
0,-0.18016108246950976,0.3877988114929826,-0.09610420310188879,0,1,1,0,1,0,0,1,0,0,0,0,0,0,0,0,1,0,0,0,0,0,0,0,0,0,0
0,1.368109446030281,-0.07752573076210782,0.8175961946800766,0,0,0,0,0,1,0,0,0,0,1,0,1,0,1,0,1,0,1,0,1,0,1,1,0,0,0
1,-0.9950403079957154,-1.1743621517919638,-0.9096549194273085,1,1,0,0,0,1,0,0,0,0,0,0,0,0,1,0,0,0,0,0,0,0,0,1,0,1,0
0,0.3495104141225239,0.9860732229638132,0.6905340437572345,0,0,1,1,1,0,0,1,0,0,0,0,0,0,1,0,0,0,1,0,1,0,0,1,0,0,0
1,1.6125732136881425,1.5511101671307086,2.5320528560903703,0,1,1,0,1,0,1,1,0,0,0,0,1,0,1,0,1,0,1,0,1,0,1,1,0,0,0
0,-1.0357842692720256,-1.506736824831314,-0.9308319445811155,0,0,0,0,1,0,0,0,1,1,0,1,0,1,0,1,0,1,0,1,0,1,0,0,0,0,1
0,0.22727853029359305,-1.4734993575273791,-0.6625896259662266,0,0,1,1,1,0,0,0,1,1,0,1,0,1,0,1,0,1,0,1,0,0,0,0,0,0,1
0,0.4717422979514547,1.3849228306110335,0.9826005156701563,0,1,0,0,1,0,0,1,0,0,1,0,1,0,1,0,0,0,1,0,1,1,0,1,0,1,0
0,0.5939741817803856,1.6175851017385787,1.3386392510685368,0,1,1,1,1,0,1,1,0,0,1,0,1,0,1,0,1,0,1,0,1,1,0,1,0,0,0
0,0.8384379494382472,0.919598288355943,1.1012800941362832,0,1,1,1,1,0,0,1,0,0,0,0,1,0,0,0,1,0,1,0,0,0,0,1,0,1,0
0,-1.1580161531009565,0.022186671149697273,-0.8968604667302168,0,1,1,0,1,0,1,0,0,0,0,0,0,0,1,0,0,0,1,0,0,0,0,0,0,1,0
1,-0.506112772679992,0.6536985499244629,-0.23728437079393558,0,1,0,0,1,0,1,1,0,0,0,0,0,0,0,0,0,0,1,0,0,0,0,1,0,1,0
0,-1.2395040756535771,-0.6758001422329384,-0.9745095589608425,1,1,0,0,1,0,0,0,0,0,0,0,0,0,0,0,0,0,0,0,0,0,0,0,0,0,1
1,1.0014137945434884,0.22161147497330744,0.8193609467762272,0,1,1,0,1,0,1,0,0,0,0,0,1,0,1,0,0,0,1,0,0,1,0,1,1,0,0
1,0.4717422979514547,0.6869360172283978,0.6120025754785334,0,0,1,0,1,0,0,1,0,0,1,0,1,0,0,0,1,0,0,0,0,0,0,1,0,1,0
0,-0.3431369275747509,-0.5096128057132632,-0.49229104868769513,0,1,0,0,1,0,0,0,0,0,0,0,0,0,1,0,0,0,0,0,0,0,0,1,0,0,1
0,-0.7098325790615434,-1.1411246844880287,-0.8002402894659723,0,1,1,1,0,1,0,0,0,0,1,0,0,0,0,0,0,0,0,0,0,0,0,1,0,0,0
0,-1.1987601143772668,-1.3073120210077038,-0.9815685673454448,1,0,0,0,0,1,0,0,0,0,0,0,0,0,0,0,0,0,0,0,0,0,0,0,0,1,0
0,-1.1580161531009565,0.6536985499244629,-0.8602418607350921,1,0,0,1,1,0,1,1,0,0,0,0,1,0,1,0,0,0,0,0,0,0,0,0,0,0,0
1,0.18653456901728277,0.6869360172283978,0.39184975148374795,1,1,1,0,1,0,1,1,0,0,0,0,0,0,0,0,0,0,1,0,0,0,0,1,0,1,0
0,-1.2802480369298874,0.32132387688511255,-0.9745095589608425,1,0,0,0,1,0,0,1,0,0,0,0,1,0,0,0,0,0,0,0,0,0,0,1,0,1,0
0,-0.3431369275747509,-0.276950534585718,-0.39787681154363885,0,0,0,0,1,0,0,0,0,0,1,0,0,0,0,0,1,0,0,0,0,0,0,0,1,0,0
0,-1.1172721918246462,0.853123353748073,-0.8064169218024992,1,0,0,0,1,0,1,1,0,0,0,0,1,0,0,0,0,0,1,0,0,0,0,1,0,1,0
0,0.02355872391204165,1.4181602979149686,0.6009728748775923,0,0,0,0,1,0,1,1,0,0,0,0,1,0,1,0,0,0,1,0,1,0,0,0,0,1,0
0,1.0421577558197987,-1.506736824831314,-0.49626174090403397,0,0,1,1,1,0,0,0,1,1,0,1,0,1,0,1,0,1,0,1,0,0,1,1,0,0,1
0,1.6125732136881425,1.0193106902677482,2.060864046418164,0,0,1,1,1,0,1,1,0,0,1,0,1,0,0,0,0,0,1,0,0,0,1,1,0,0,0
0,1.5718292524118322,-1.373786955615574,-0.26949109654868375,0,0,1,0,1,0,1,0,1,1,0,1,0,1,0,1,0,1,0,1,0,0,1,0,0,0,1
1,-0.18016108246950976,1.3849228306110335,0.3834671790270327,1,0,0,0,1,0,1,1,0,0,0,0,1,0,1,0,0,0,1,0,1,0,0,1,0,1,0
0,0.7569500268856267,0.6204610826205278,0.8930393467905141,0,1,1,0,1,0,0,0,0,0,1,0,1,0,1,0,1,0,1,0,1,0,1,1,1,0,0
0,-0.09867315991688919,0.6869360172283978,0.10904822807561672,1,0,0,0,1,0,0,0,0,0,1,0,1,0,1,0,1,0,1,0,1,1,0,0,0,0,0
1,1.6125732136881425,0.6536985499244629,1.7021781828755573,0,1,1,0,1,0,0,1,0,0,1,0,1,0,0,0,1,0,0,0,0,0,1,1,1,0,0
1,0.1457906077409725,0.853123353748073,0.3984675718443127,1,1,0,0,1,0,1,1,0,0,1,0,0,0,0,0,0,0,1,0,0,0,0,1,0,1,0
0,-0.7505765403378537,0.3877988114929826,-0.5421452954039492,0,1,0,1,1,0,0,0,0,0,1,0,1,0,1,0,1,0,0,0,1,0,1,0,0,0,0
0,1.6125732136881425,0.32132387688511255,1.388493497784791,0,0,1,1,1,0,1,0,0,0,1,0,1,0,0,0,1,0,1,0,0,0,1,0,0,0,1
0,-0.42462485012737144,-0.8419874787526135,-0.6325888403316666,0,0,1,1,0,1,0,0,0,0,0,0,1,0,0,0,0,0,1,0,0,0,0,0,0,1,0
0,-1.2395040756535771,0.4875112134047877,-0.9405380811099437,0,0,0,0,1,0,1,1,0,0,0,0,1,0,0,0,0,0,0,0,0,0,0,0,0,1,0
0,-0.7098325790615434,-1.506736824831314,-0.8752422535523721,0,0,0,0,1,0,0,0,1,1,0,1,0,1,0,1,0,1,0,1,0,0,0,0,0,0,1
0,0.7569500268856267,-1.506736824831314,-0.5280272786347445,0,1,1,1,1,0,0,0,1,1,0,1,0,1,0,1,0,1,0,1,0,0,1,0,1,0,0
0,1.5310852911355222,-0.8419874787526135,0.1805206879697154,0,1,1,0,0,1,0,0,0,0,1,0,0,0,1,0,1,0,0,0,0,0,1,1,1,0,0
0,1.5718292524118322,-1.4734993575273791,-0.39434730735133766,0,0,1,1,1,0,0,0,1,1,0,1,0,1,0,1,0,1,0,1,0,0,1,0,0,0,0
0,0.2680224915699033,1.1522605594834883,0.6547978138101851,0,0,1,1,1,0,1,1,0,0,0,0,0,0,0,0,1,0,1,0,1,0,0,1,1,0,0
0,1.1643896396487294,-0.1772381326739129,0.5992081227814418,0,0,1,1,1,0,1,0,0,0,1,0,1,0,0,0,0,0,0,0,0,0,0,0,0,1,0
0,0.797693988161937,-0.5096128057132632,0.11125416819580496,0,0,0,0,1,0,0,0,0,0,1,0,0,0,0,0,0,0,0,0,0,0,0,1,0,0,0
0,-1.2802480369298874,-0.9749373479683536,-0.9917158918983107,1,0,0,0,0,1,0,0,0,0,0,0,0,0,0,0,0,0,1,0,0,0,0,1,0,1,0
0,1.2866215234776603,1.4513977652189036,2.028216132639378,0,1,1,0,1,0,1,1,0,0,1,0,0,0,1,0,1,0,1,0,1,1,0,1,0,0,1
0,1.2051336009250397,-0.14400066536997788,0.6486211814736581,0,1,1,0,1,0,0,0,0,0,0,0,1,0,1,0,1,0,0,0,0,0,1,1,1,0,0
0,-0.09867315991688919,-1.506736824831314,-0.7261207014276476,0,1,1,0,1,0,0,0,1,1,0,1,0,1,0,1,0,1,0,1,0,0,1,0,0,0,1
1,-1.1580161531009565,-0.6093252076250683,-0.9273024403888144,1,0,1,1,1,0,0,0,0,0,0,0,0,0,0,0,0,0,0,0,0,0,0,0,0,1,0
1,1.24587756220135,0.6536985499244629,1.3439335073569887,0,1,1,0,1,0,0,0,0,0,1,0,1,0,1,0,1,0,1,0,1,1,0,1,0,0,0
0,-1.2802480369298874,-0.6758001422329384,-0.9877451996819718,0,0,0,0,1,0,0,0,0,0,0,0,0,0,0,0,0,0,0,0,0,0,0,1,1,0,0
0,-0.7098325790615434,1.2852104286992283,-0.3281691037456907,0,1,1,0,1,0,1,1,0,0,0,0,0,0,1,0,1,0,1,0,1,0,0,1,0,1,0
0,-0.22090504374582004,0.5207486807087227,-0.03257312764046773,0,1,1,1,1,0,0,1,0,0,1,0,1,0,0,0,0,0,0,0,0,1,0,1,1,0,0
0,-1.1580161531009565,-0.24371306728178296,-0.9087725433792332,0,0,0,1,0,1,0,0,0,0,1,0,1,0,1,0,0,0,1,0,1,0,0,1,0,0,1
0,1.6125732136881425,1.5178726998267735,2.412490901576168,0,0,1,0,1,0,1,1,0,0,1,0,1,0,1,0,0,0,1,0,1,0,1,1,0,1,0
1,0.512486259227765,-1.340549488311639,-0.4892027325194316,0,1,1,0,1,0,1,0,1,1,0,1,0,1,0,1,0,1,0,1,0,1,0,0,1,0,0
1,0.512486259227765,1.0857856248756181,0.9274520126654505,0,0,0,0,1,0,1,1,0,0,1,0,1,0,0,0,1,0,1,0,0,0,0,1,0,1,0
0,0.1457906077409725,0.3877988114929826,0.14257851790247783,0,0,0,0,1,0,0,0,0,0,1,0,1,0,1,0,1,0,1,0,0,1,0,1,0,0,1
0,-0.6283446565089229,0.819885886444138,-0.3281691037456907,1,1,1,1,1,0,0,1,0,0,1,0,0,0,1,0,0,0,1,0,0,0,0,1,0,1,0
0,-1.2802480369298874,-1.539974292135249,-0.9992160883069506,0,1,0,0,1,0,0,0,1,1,0,1,0,1,0,1,0,1,0,1,0,0,0,0,0,0,1
1,-0.6690886177852331,0.32132387688511255,-0.4508193744281564,0,1,0,0,1,0,1,1,0,0,0,0,0,0,0,0,0,0,0,0,0,0,0,1,0,0,0
0,-1.1987601143772668,-1.506736824831314,-0.9815685673454448,1,1,0,0,1,0,0,0,1,1,0,1,0,1,0,1,0,1,0,1,0,0,0,1,0,0,1
0,-1.1580161531009565,-0.47637533840932816,-0.9078901673311579,1,1,1,1,1,0,1,0,0,0,0,0,0,0,0,0,0,0,0,0,0,0,0,1,0,1,0
0,1.5718292524118322,0.6536985499244629,1.6262938427410822,0,0,1,0,1,0,0,0,0,0,1,0,1,0,1,0,1,0,1,0,1,0,1,1,1,0,0
0,-0.9135523854430948,-1.340549488311639,-0.8955369026581038,0,1,1,1,1,0,1,0,1,1,0,1,0,1,0,1,0,1,0,1,0,0,0,1,0,0,1
0,-0.506112772679992,-1.4734993575273791,-0.8306822631245698,0,1,1,1,1,0,0,0,1,1,0,1,0,1,0,1,0,1,0,1,0,0,1,0,0,0,1
0,-1.1580161531009565,0.5539861480126578,-0.8571535445668286,1,1,0,0,1,0,0,1,0,0,0,0,0,0,0,0,0,0,1,0,0,0,0,1,0,1,0
0,-0.26164900502213034,1.1190230921795532,0.10243040771505203,1,1,0,0,1,0,1,1,0,0,0,0,0,0,1,0,0,0,1,0,1,0,0,1,0,1,0
0,-1.1580161531009565,-0.310188001889653,-0.9070077912830826,0,0,0,0,1,0,0,0,0,0,0,0,0,0,0,0,0,0,1,0,0,0,0,0,1,0,0
0,-1.1172721918246462,-0.44313787110539316,-0.8725951254081462,1,1,0,0,0,1,0,0,0,0,0,0,1,0,0,0,0,0,1,0,1,0,0,1,0,0,1
0,-1.1580161531009565,0.8863608210520081,-0.8461238439658875,1,0,1,0,1,0,1,1,0,0,0,0,1,0,0,0,0,0,1,0,0,0,0,1,0,1,0
1,-0.13941712119319946,0.6536985499244629,0.03272269991710392,0,1,1,0,1,0,1,1,0,0,0,0,0,0,0,0,0,0,0,0,1,0,0,1,0,1,0
0,-1.2395040756535771,1.1854980267874233,-0.9198022439801744,0,1,0,0,1,0,0,1,0,0,1,0,1,0,0,0,0,0,1,0,1,0,0,0,0,1,0
0,-0.13941712119319946,-1.506736824831314,-0.7627393074227723,0,0,0,0,1,0,0,0,1,1,0,1,0,1,0,1,0,1,0,1,0,0,1,0,0,0,1
0,-1.2802480369298874,0.853123353748073,-0.9674505505762402,1,1,0,1,1,0,0,1,0,0,0,0,0,0,0,0,0,0,1,0,1,0,0,1,0,1,0
0,-1.2802480369298874,0.1551365403654374,-0.9767154990810307,1,1,0,0,1,0,0,1,0,0,0,0,0,0,0,0,0,0,0,0,0,0,0,0,0,0,1
1,-0.9950403079957154,0.9860732229638132,-0.6797959589036948,1,0,0,0,1,0,0,1,0,0,0,0,0,0,1,0,0,0,1,0,1,0,0,1,1,0,0
0,-0.791320501614164,-1.4734993575273791,-0.8964192787061791,0,1,0,0,1,0,0,0,1,1,0,1,0,1,0,1,0,1,0,1,0,0,0,1,0,1,0
0,1.082901717096109,0.9860732229638132,1.4621718977990779,0,0,1,0,1,0,1,1,0,0,1,0,1,0,0,0,0,0,1,0,0,0,0,1,0,1,0
0,-1.2802480369298874,-1.4734993575273791,-0.9983337122588753,1,0,1,1,1,0,0,0,1,1,0,1,0,1,0,1,0,1,0,1,0,0,0,1,1,0,0
1,0.7162060656093164,1.0193106902677482,1.1176040510256762,1,1,0,0,1,0,1,1,0,0,0,0,0,0,0,0,0,0,1,0,1,0,0,1,0,1,0
0,-0.5876006952326126,-0.6758001422329384,-0.668325070278716,0,1,1,0,1,0,0,0,0,0,0,0,0,0,0,0,0,0,0,0,0,0,0,1,0,0,0
0,-0.6283446565089229,0.32132387688511255,-0.4711140235338881,0,0,1,1,1,0,0,0,0,0,1,0,1,0,0,0,0,0,1,0,1,0,0,0,0,0,1
0,0.5939741817803856,0.2880864095811775,0.5467067479209619,0,1,1,0,1,0,0,0,0,0,0,0,1,0,1,0,0,0,1,0,1,0,1,0,0,1,0
0,-0.26164900502213034,0.32132387688511255,-0.19801863665458508,1,0,0,0,1,0,1,1,0,0,0,0,0,0,0,0,0,0,0,0,0,0,0,1,0,0,0
0,-1.076528230548336,-0.5760877403211333,-0.8725951254081462,1,0,0,0,0,1,0,0,0,0,0,0,0,0,1,0,0,0,1,0,1,0,0,1,0,1,0
0,-0.5468567339563023,-0.47637533840932816,-0.6056763708653702,0,1,1,1,1,0,1,0,0,0,0,0,0,0,0,0,0,0,0,0,0,0,0,0,1,0,0
0,-1.1987601143772668,-0.044288263458172786,-0.9387733290137932,1,0,0,0,1,0,1,0,0,0,0,0,0,0,0,0,1,0,1,0,0,0,0,1,0,1,0
1,1.4495973685829016,-0.3766629364975231,0.6058259431420064,0,0,1,1,0,1,0,0,0,0,0,0,1,0,1,0,0,0,1,0,1,0,1,1,0,1,0
0,-1.2395040756535771,-1.506736824831314,-0.9842156954896707,0,0,1,0,1,0,0,0,1,1,0,1,0,1,0,1,0,1,0,1,0,0,0,0,0,0,0
0,-1.0357842692720256,-1.340549488311639,-0.9409792691339813,0,1,0,0,0,1,0,0,0,0,0,0,0,0,0,0,0,0,0,0,0,1,0,1,1,0,0
0,-0.5876006952326126,-1.506736824831314,-0.835535331388984,0,0,0,0,1,0,0,0,1,1,0,1,0,1,0,1,0,1,0,1,0,0,0,1,0,0,1
0,1.5718292524118322,-1.3073120210077038,-0.18081230371711687,0,0,1,0,1,0,1,0,1,1,0,1,0,1,0,1,0,1,0,1,0,0,1,0,1,0,0
1,-0.791320501614164,0.9528357556598781,-0.4508193744281564,0,1,1,0,1,0,1,1,0,0,1,0,1,0,0,0,0,0,0,0,1,0,0,0,1,0,0
0,-1.1987601143772668,-0.9416998806644186,-0.9595091661435625,1,1,0,0,0,1,0,0,0,0,0,0,1,0,0,0,1,0,0,0,0,0,0,1,0,0,1
0,1.6125732136881425,1.2852104286992283,2.2338097518409215,0,1,1,0,1,0,1,1,0,0,0,0,1,0,1,0,0,0,1,0,1,0,1,1,0,0,0
0,1.368109446030281,-0.276950534585718,0.628767720391964,0,1,1,1,0,1,0,0,0,0,0,0,1,0,1,0,0,0,1,0,1,0,1,1,1,0,0
0,-0.3431369275747509,-1.4734993575273791,-0.8002402894659723,0,1,1,1,1,0,0,0,1,1,0,1,0,1,0,1,0,1,0,1,0,1,0,1,1,0,0
0,-1.2802480369298874,-0.6758001422329384,-0.9877451996819718,1,0,0,0,1,0,0,0,0,0,0,0,0,0,0,0,0,0,0,0,0,0,0,1,0,1,0
0,0.9606698332671781,-1.340549488311639,-0.39611205944748823,0,0,1,1,1,0,1,0,1,1,0,1,0,1,0,1,0,1,0,1,0,0,1,1,0,0,1
1,-0.42462485012737144,-1.3073120210077038,-0.7653864355669981,0,0,1,0,1,0,1,0,1,1,0,1,0,1,0,1,0,1,0,1,0,1,0,0,0,0,0
0,-0.7505765403378537,-0.47637533840932816,-0.6930315996248242,1,1,0,0,0,1,0,0,0,0,0,0,0,0,1,0,0,0,1,0,1,0,0,1,0,1,0
1,1.1643896396487294,1.3184478960031634,1.8186518212214962,1,0,1,0,1,0,1,1,0,0,0,0,1,0,1,0,0,0,1,0,1,1,0,1,1,0,0
1,0.3087664528462136,-0.8419874787526135,-0.2849326773900014,1,0,1,0,0,1,0,0,0,0,0,0,1,0,0,0,0,0,1,0,0,0,0,1,0,1,0
0,0.3902543753988342,-0.1772381326739129,0.1116953562198426,0,0,0,0,1,0,0,0,0,0,1,0,1,0,1,0,0,0,0,0,0,0,0,0,0,0,0
0,1.6125732136881425,0.6204610826205278,1.6585005684958303,0,0,1,1,1,0,1,0,0,0,1,0,0,0,1,0,1,0,1,0,1,0,1,1,0,0,0
0,-0.8320644628904743,0.4875112134047877,-0.5844993457115631,0,0,0,0,1,0,1,1,0,0,0,0,0,0,0,0,1,0,0,0,0,0,0,1,1,0,0
0,1.5718292524118322,-1.340549488311639,-0.2439021911545003,0,1,1,0,1,0,1,0,1,1,0,1,0,1,0,1,0,1,0,1,0,0,1,0,0,0,0
0,-0.26164900502213034,-1.506736824831314,-0.8046521697063487,0,0,1,0,1,0,0,0,1,1,0,1,0,1,0,1,0,1,0,1,0,1,0,0,0,0,1
0,-1.0357842692720256,-1.1743621517919638,-0.9184786799080614,0,0,0,1,0,1,0,0,0,0,1,0,0,0,0,0,0,0,0,0,0,0,0,0,0,0,1
0,-1.076528230548336,-0.6425626749290033,-0.8814188858888992,0,0,1,1,1,0,0,0,0,0,0,0,0,0,0,0,0,0,0,0,0,0,0,0,0,0,1
0,1.0421577558197987,1.3849228306110335,1.703942934971708,1,0,0,0,1,0,0,1,0,0,1,0,1,0,1,0,0,0,1,0,1,1,0,1,0,1,0
0,0.7569500268856267,-1.1411246844880287,-0.33258098398606717,0,1,1,0,0,1,0,0,0,0,0,0,1,0,0,0,0,0,0,0,0,0,0,1,1,0,0
0,1.6125732136881425,0.022186671149697273,1.050543471371954,0,1,1,1,0,1,0,0,0,0,1,0,1,0,1,0,1,0,1,0,1,0,1,1,0,0,0
0,-0.5876006952326126,1.052548157571683,-0.23949031091412382,1,0,0,0,1,0,0,1,0,0,1,0,0,0,0,0,0,0,1,0,1,0,0,1,0,1,0
0,-1.0357842692720256,0.35456134418904756,-0.7636216834708476,1,0,0,0,1,0,1,1,0,0,0,0,0,0,0,0,0,0,0,0,0,0,0,1,0,0,0
0,0.5939741817803856,0.32132387688511255,0.535235859295983,0,0,0,0,1,0,1,0,0,0,1,0,1,0,0,0,1,0,0,0,1,0,1,0,0,0,1
1,-1.2395040756535771,-0.6758001422329384,-0.9661269865041272,1,1,0,0,1,0,0,0,0,0,0,0,0,0,0,0,0,0,0,0,0,0,0,1,0,1,0
1,1.2051336009250397,1.5178726998267735,2.104541660797891,0,1,0,0,1,0,1,1,0,0,0,0,1,0,1,0,1,0,1,0,1,1,0,1,0,0,0
0,-0.6690886177852331,-1.506736824831314,-0.8743598775042968,0,0,1,1,1,0,0,0,1,1,0,1,0,1,0,1,0,1,0,1,0,0,1,0,0,0,1
0,-1.076528230548336,-0.5096128057132632,-0.8695068092398827,0,1,0,0,1,0,0,0,0,0,0,0,0,0,0,0,1,0,0,0,0,0,0,1,1,0,0
0,-0.5468567339563023,-0.310188001889653,-0.5456747995962503,1,1,0,0,1,0,0,0,0,0,0,0,0,0,1,0,1,0,0,0,0,0,0,1,1,0,0
0,1.4903413298592119,-0.7090376095368733,0.2987590784118046,0,0,1,1,0,1,0,0,0,0,1,0,0,0,1,0,0,0,0,0,1,0,1,1,1,0,0
0,-0.8728084241667845,0.32132387688511255,-0.6392066606922313,1,1,1,1,1,0,1,1,0,0,0,0,0,0,0,0,0,0,0,0,0,0,0,1,0,1,0
0,1.2866215234776603,1.5511101671307086,2.0604228583941264,0,0,1,0,1,0,1,1,0,0,0,0,1,0,1,0,1,0,1,0,1,0,0,1,0,1,0
0,0.2680224915699033,1.3184478960031634,0.8167138186320013,1,0,1,0,1,0,0,1,0,0,1,0,0,0,1,0,1,0,1,0,1,1,0,1,1,0,0
0,-0.7098325790615434,-0.310188001889653,-0.6105294391297843,1,0,0,0,1,0,1,0,0,0,1,0,0,0,0,0,0,0,0,0,0,0,0,1,0,0,1
0,-0.3023929662984406,-1.4734993575273791,-0.7684747517352617,0,1,0,0,1,0,0,0,1,1,0,1,0,1,0,1,0,1,0,1,0,0,0,0,0,0,1
0,-1.076528230548336,-1.506736824831314,-0.9559796619512614,0,0,0,0,1,0,0,0,1,1,0,1,0,1,0,1,0,1,0,1,0,0,1,0,1,0,0
0,1.368109446030281,1.6840600363464486,2.4967578141673585,0,1,1,0,1,0,1,1,0,0,1,0,1,0,1,0,1,0,1,0,1,1,0,0,0,0,0
0,1.1643896396487294,0.7866484191402029,1.3404040031646873,0,0,0,0,1,0,1,0,0,0,0,0,1,0,1,0,1,0,1,0,1,0,1,0,1,0,0
1,0.4309983366751445,0.9860732229638132,0.8264199551608296,0,0,1,0,1,0,1,1,0,0,1,0,1,0,0,0,0,0,1,0,0,0,0,1,0,1,0
0,-0.8320644628904743,-1.4734993575273791,-0.9087725433792332,0,0,0,0,1,0,0,0,1,1,0,1,0,1,0,1,0,1,0,1,0,0,0,0,0,0,1
1,-0.38388088885106114,-1.0081748152722887,-0.668325070278716,0,1,0,0,0,1,0,0,0,0,0,0,0,0,0,0,0,0,0,0,1,0,0,1,0,0,0
1,1.5718292524118322,-0.4099004038014581,0.6539154377621098,0,1,1,0,0,1,0,0,0,0,0,0,1,0,1,0,0,0,1,0,1,0,0,1,0,0,0
0,0.06430268518835193,0.022186671149697273,-0.05551490489042533,0,0,0,0,1,0,1,0,0,0,0,0,0,0,0,0,1,0,1,0,0,0,0,0,0,0,1
0,-1.1172721918246462,-1.506736824831314,-0.9595091661435625,1,0,0,0,1,0,0,0,1,1,0,1,0,1,0,1,0,1,0,1,0,0,0,0,1,0,0
0,0.3495104141225239,-0.9749373479683536,-0.3934649313032624,0,0,1,0,0,1,0,0,0,0,0,0,1,0,0,0,1,0,0,0,0,1,0,0,0,0,1
0,1.6125732136881425,-1.506736824831314,-0.39875918759171414,0,0,1,1,1,0,0,0,1,1,0,1,0,1,0,1,0,1,0,1,0,0,1,0,1,0,0
1,-0.7505765403378537,1.0193106902677482,-0.44552511813970463,0,1,0,0,1,0,1,1,0,0,0,0,0,0,0,0,0,0,1,0,1,0,0,1,0,1,0
0,0.3495104141225239,-1.506736824831314,-0.6497951732691348,0,0,0,0,1,0,0,0,1,1,0,1,0,1,0,1,0,1,0,1,0,0,1,1,0,0,1
0,-0.38388088885106114,0.5539861480126578,-0.20860714923148857,0,0,1,1,1,0,1,1,0,0,1,0,0,0,0,0,0,0,0,0,0,1,0,0,1,0,0
0,1.5718292524118322,1.4846352325228385,2.426167730321335,0,1,1,1,1,0,0,1,0,0,1,0,1,0,1,0,1,0,1,0,1,0,1,0,1,0,0
0,-1.2802480369298874,0.18837400766937243,-0.976274311056993,1,0,0,0,1,0,0,1,0,0,0,0,0,0,0,0,0,0,0,0,0,0,0,1,0,1,0
0,1.6125732136881425,-1.3073120210077038,-0.21434259354397797,0,1,1,0,1,0,1,0,1,1,0,1,0,1,0,1,0,1,0,1,0,0,1,0,0,0,1
0,-1.076528230548336,0.1551365403654374,-0.8408295876774357,0,1,1,1,1,0,0,1,0,0,0,0,0,0,0,0,0,0,0,0,0,0,0,1,0,1,0
0,-0.38388088885106114,-1.4734993575273791,-0.8108288020428758,0,1,1,1,1,0,0,0,1,1,0,1,0,1,0,1,0,1,0,1,0,1,0,1,1,0,0
1,-0.9135523854430948,0.6869360172283978,-0.6317064642835913,1,1,1,0,1,0,1,1,0,0,0,0,0,0,0,0,0,0,0,0,1,0,0,0,0,1,0
0,1.6125732136881425,1.4846352325228385,2.356460022523387,0,0,0,0,1,0,0,1,0,0,1,0,1,0,1,0,1,0,1,0,1,0,1,1,0,1,0
0,-1.0357842692720256,-0.47637533840932816,-0.8505357242062639,0,0,1,0,1,0,0,0,0,0,1,0,0,0,0,0,0,0,0,0,0,0,0,1,0,0,0
0,-1.076528230548336,0.9860732229638132,-0.7534743589179818,1,1,0,1,1,0,0,1,0,0,0,0,0,0,1,0,0,0,1,0,1,0,0,0,0,0,1
0,-0.9542963467194051,1.2187354940913584,-0.6074411229615208,0,1,1,1,1,0,0,1,0,0,0,0,1,0,0,0,1,0,1,0,1,0,0,1,0,1,0
0,-0.8320644628904743,0.819885886444138,-0.5408217313318362,0,0,0,0,1,0,1,1,0,0,0,0,1,0,0,0,0,0,0,0,1,0,0,1,0,1,0
0,-1.2802480369298874,-1.506736824831314,-0.998774900282913,0,0,0,0,1,0,0,0,1,1,0,1,0,1,0,1,0,1,0,1,0,0,0,1,0,0,1
1,0.6347181430566958,-1.1743621517919638,-0.3947884953753753,0,0,1,1,0,1,0,0,0,0,0,0,1,0,0,0,0,0,0,0,0,1,0,0,0,0,0
0,-0.506112772679992,0.45427374610085264,-0.2831679252938508,0,1,0,0,1,0,0,1,0,0,0,0,0,0,0,0,0,0,1,0,0,0,0,0,0,1,0
1,-0.6690886177852331,0.6869360172283978,-0.4005239396878647,1,0,1,0,1,0,1,1,0,0,0,0,0,0,0,0,0,0,0,0,1,0,0,1,1,0,0
0,-1.2395040756535771,0.4875112134047877,-0.940096893085906,1,0,0,0,1,0,0,1,0,0,0,0,0,0,0,0,0,0,1,0,0,0,0,1,0,0,1
0,-0.9135523854430948,-1.506736824831314,-0.9255376882926637,0,0,0,0,1,0,0,0,1,1,0,1,0,1,0,1,0,1,0,1,0,1,0,1,0,0,1
1,-1.2395040756535771,0.4875112134047877,-0.9211258080522873,1,0,0,0,1,0,0,1,0,0,0,0,0,0,0,0,0,0,0,0,1,0,0,1,0,1,0
0,-0.506112772679992,1.052548157571683,-0.20154814084688624,0,1,1,1,1,0,1,1,0,0,0,0,1,0,0,0,1,0,1,0,0,0,0,0,0,0,1
0,-0.506112772679992,-1.4734993575273791,-0.8231820667159299,0,1,1,0,1,0,0,0,1,1,0,1,0,1,0,1,0,1,0,1,0,1,0,0,0,0,1
0,-0.5468567339563023,-1.506736824831314,-0.855388792470678,0,1,1,1,1,0,0,0,1,1,0,1,0,1,0,1,0,1,0,1,0,1,0,0,0,0,1
1,-0.5468567339563023,0.853123353748073,-0.2747853528371355,1,1,0,0,1,0,1,1,0,0,1,0,0,0,0,0,0,0,1,0,0,0,0,1,0,1,0
0,-0.42462485012737144,1.3184478960031634,-0.045367580337559464,0,1,1,0,1,0,0,1,0,0,1,0,1,0,0,0,1,0,1,0,1,0,0,1,0,1,0
0,0.10504664646466222,0.5207486807087227,0.24361057540709882,0,0,0,0,1,0,1,1,0,0,0,0,0,0,0,0,1,0,0,0,0,0,0,0,1,0,0
0,-1.2802480369298874,-0.6425626749290033,-0.9873040116579342,0,0,0,0,1,0,0,0,0,0,0,0,0,0,0,0,0,0,0,0,0,0,0,0,0,0,1
0,0.2680224915699033,0.2880864095811775,0.19728583288314597,0,1,0,0,1,0,1,1,0,0,0,0,0,0,0,0,0,0,0,0,0,0,0,1,1,0,0
1,0.8791819107145575,1.1522605594834883,1.3915818139530545,0,0,1,0,1,0,0,1,0,0,0,0,0,0,1,0,1,0,1,0,1,1,0,1,0,1,0
0,-1.2802480369298874,-1.4734993575273791,-0.9983337122588753,1,0,0,0,1,0,0,0,1,1,0,1,0,1,0,1,0,1,0,1,0,0,0,1,0,0,0
0,1.368109446030281,1.3849228306110335,2.0727761230671806,1,1,1,0,1,0,1,1,0,0,1,0,0,0,1,0,0,0,1,0,1,0,1,1,1,0,0
0,0.9606698332671781,1.3516853633070984,1.5490859385344942,0,1,0,0,1,0,1,1,0,0,1,0,0,0,0,0,1,0,1,0,1,0,0,1,0,0,1
0,-0.5876006952326126,-0.6425626749290033,-0.6775900187835066,0,1,0,1,1,0,0,0,0,0,0,0,0,0,0,0,0,0,0,0,0,0,0,1,1,0,0
0,-0.6690886177852331,0.4875112134047877,-0.4481722462839305,0,0,1,1,1,0,1,1,0,0,0,0,1,0,0,0,0,0,0,0,0,0,0,1,1,0,0
0,1.4495973685829016,-0.3434254691935881,0.613767327574684,0,0,0,0,1,0,0,0,0,0,1,0,0,0,1,0,0,0,0,0,0,1,0,1,1,0,0
1,0.8384379494382472,-1.3073120210077038,-0.44464274209162935,0,0,1,0,1,0,1,0,1,1,0,1,0,1,0,1,0,1,0,1,0,0,1,0,1,0,0
0,1.6125732136881425,0.6536985499244629,1.592763552914221,0,0,1,1,1,0,1,0,0,0,1,0,0,0,1,0,1,0,1,0,1,0,1,0,1,0,0
0,-0.9542963467194051,0.35456134418904756,-0.6877373433363724,0,1,0,0,1,0,1,1,0,0,0,0,0,0,0,0,0,0,0,0,0,0,0,1,0,1,0
0,-0.09867315991688919,-0.5428502730171982,-0.3294926678178037,0,0,0,0,1,0,0,0,0,0,1,0,0,0,0,0,0,0,0,0,0,0,0,1,0,0,1
0,0.1457906077409725,1.1522605594834883,0.587737234156463,1,0,0,0,1,0,1,1,0,0,0,0,1,0,0,0,0,0,1,0,1,0,0,1,0,1,0
0,-0.5876006952326126,-0.9749373479683536,-0.739356342148777,0,0,0,0,0,1,0,0,0,0,0,0,0,0,1,0,1,0,0,0,0,0,0,1,0,1,0
1,0.9199258719908678,0.3877988114929826,0.8255375791127543,0,0,1,1,1,0,1,0,0,0,1,0,0,0,1,0,1,0,1,0,0,1,0,0,0,1,0
0,0.2680224915699033,-0.310188001889653,-0.04360282824140888,1,0,1,0,0,1,0,0,0,0,1,0,0,0,1,0,0,0,1,0,1,0,0,0,0,1,0
0,-0.46536881140368175,0.5872236153165927,-0.19007725222190744,1,1,0,0,1,0,1,1,0,0,0,0,1,0,0,0,0,0,0,0,0,0,0,1,0,1,0
0,-1.2395040756535771,-0.8087500114486784,-0.9731859948887296,1,1,0,0,0,1,0,0,0,0,0,0,1,0,1,0,1,0,0,0,0,0,0,1,1,0,0
1,0.02355872391204165,-1.340549488311639,-0.6334712163797419,0,1,0,0,1,0,1,0,1,1,0,1,0,1,0,1,0,1,0,1,0,1,0,1,0,0,0
0,0.4717422979514547,-0.3434254691935881,0.04728190471034625,0,1,1,0,0,1,0,0,0,0,0,0,1,0,1,0,0,0,1,0,1,0,1,0,0,0,0
0,-0.09867315991688919,0.0554241384536323,-0.15875290251523455,0,0,1,1,1,0,0,0,0,0,1,0,0,0,0,0,1,0,0,0,1,0,0,0,0,0,0
0,1.5718292524118322,-1.4734993575273791,-0.34846375285142245,0,0,1,0,1,0,0,0,1,1,0,1,0,1,0,1,0,1,0,1,0,0,1,1,0,0,0
0,-1.1580161531009565,0.35456134418904756,-0.8580359206149039,1,0,0,0,1,0,1,1,0,0,0,0,0,0,0,0,0,0,0,0,0,0,0,0,0,1,0
0,0.10504664646466222,0.6869360172283978,0.3296422400944399,1,1,0,1,1,0,0,1,0,0,0,0,0,0,1,0,0,0,1,0,0,1,0,1,0,1,0
0,-1.2802480369298874,0.35456134418904756,-0.9740683709368049,0,1,1,0,1,0,0,1,0,0,0,0,0,0,1,0,0,0,0,0,0,0,0,0,1,0,0
1,-0.38388088885106114,1.3184478960031634,-0.04360282824140888,0,1,1,0,1,0,1,1,0,0,0,0,1,0,1,0,0,0,1,0,1,0,0,1,0,1,0
0,-0.42462485012737144,-0.5096128057132632,-0.552292619956815,0,0,0,1,0,1,0,0,0,0,0,0,0,0,1,0,0,0,1,0,1,1,0,1,1,0,0
0,0.6754621043330061,-1.506736824831314,-0.6008233026009561,0,0,0,1,1,0,0,0,1,1,0,1,0,1,0,1,0,1,0,1,0,1,0,0,1,0,0
0,0.3902543753988342,0.919598288355943,0.702446120406251,0,0,1,1,1,0,0,1,0,0,0,0,0,0,1,0,0,0,1,0,1,0,0,1,0,1,0
0,0.02355872391204165,0.9528357556598781,0.3711139143539786,1,0,1,1,1,0,0,1,0,0,0,0,0,0,1,0,0,0,1,0,1,1,0,1,0,1,0
0,-1.0357842692720256,-1.506736824831314,-0.9436263972782073,0,0,1,1,1,0,0,0,1,1,0,1,0,1,0,1,0,1,0,1,0,0,1,0,0,0,1
0,1.4088534073065913,1.1854980267874233,1.9439492200481878,0,0,1,1,1,0,1,1,0,0,1,0,0,0,1,0,1,0,0,0,1,1,0,1,0,0,0
0,-0.7098325790615434,1.0193106902677482,-0.3669936498610036,0,1,0,0,1,0,1,1,0,0,0,0,1,0,0,0,1,0,0,0,1,0,0,0,0,1,0
0,1.4088534073065913,0.9528357556598781,1.802327864332103,0,1,1,0,1,0,1,1,0,0,0,0,1,0,1,0,0,0,0,0,1,0,1,1,0,1,0
0,0.8384379494382472,0.1551365403654374,0.6380326688967546,0,1,1,1,1,0,0,0,0,0,1,0,1,0,0,0,1,0,1,0,0,0,1,1,0,0,1
0,-0.46536881140368175,-1.506736824831314,-0.8527416643264522,0,1,1,1,1,0,0,0,1,1,0,1,0,1,0,1,0,1,0,1,0,1,0,0,0,0,1
0,0.3087664528462136,0.22161147497330744,0.24890483169555058,0,0,1,1,1,0,0,0,0,0,1,0,1,0,0,0,1,0,0,0,1,0,0,1,0,0,1
0,-0.42462485012737144,-1.4734993575273791,-0.8077404858746122,0,0,1,1,1,0,0,0,1,1,0,1,0,1,0,1,0,1,0,1,0,1,0,0,0,0,0
0,0.2680224915699033,-0.8087500114486784,-0.3480225648273848,0,1,0,0,0,1,0,0,0,0,0,0,0,0,0,0,1,0,0,0,1,0,0,1,0,1,0
0,0.512486259227765,-1.4734993575273791,-0.5968526103846173,1,1,0,0,1,0,0,0,1,1,0,1,0,1,0,1,0,1,0,1,0,1,0,1,0,1,0
0,-1.2395040756535771,-1.4734993575273791,-0.9890687637540848,0,0,1,0,1,0,0,0,1,1,0,1,0,1,0,1,0,1,0,1,0,0,0,0,0,0,1
0,1.0014137945434884,-1.506736824831314,-0.4459663061637423,0,0,1,1,1,0,0,0,1,1,0,1,0,1,0,1,0,1,0,1,0,0,1,0,0,0,0
0,-0.9950403079957154,-0.3434254691935881,-0.7975931613217463,0,1,1,1,1,0,0,0,0,0,0,0,0,0,0,0,0,0,1,0,0,0,0,1,0,1,0
1,-1.0357842692720256,0.9860732229638132,-0.7102379325622924,1,1,1,0,1,0,1,1,0,0,1,0,1,0,0,0,0,0,0,0,1,0,0,1,1,0,0
0,-1.076528230548336,-1.1411246844880287,-0.9153903637397979,1,1,0,0,0,1,0,0,0,0,0,0,1,0,0,0,0,0,0,0,0,0,0,1,1,0,0
0,-1.0357842692720256,-1.4734993575273791,-0.9409792691339813,0,0,1,1,1,0,0,0,1,1,0,1,0,1,0,1,0,1,0,1,0,0,0,0,0,0,1
0,0.6754621043330061,0.0554241384536323,0.4042030161568021,0,1,0,0,1,0,1,0,0,0,0,0,0,0,0,0,1,0,1,0,0,0,1,1,0,0,0
0,1.3273654847539706,0.819885886444138,1.5711453397363764,0,0,0,0,1,0,1,1,0,0,1,0,1,0,0,0,1,0,0,0,0,1,0,1,0,1,0
0,0.9199258719908678,-0.6425626749290033,0.07904744244105678,0,0,0,0,1,0,0,0,0,0,0,0,0,0,0,0,0,0,0,0,0,1,0,0,0,0,0
0,1.5718292524118322,0.7201734845323329,1.7560031218081502,0,1,1,1,1,0,1,0,0,0,1,0,1,0,1,0,1,0,1,0,1,0,1,0,0,0,0
0,0.10504664646466222,1.052548157571683,0.4942053730604819,0,1,0,0,1,0,1,1,0,0,1,0,1,0,1,0,1,0,0,0,0,0,0,1,0,0,1
1,-1.1987601143772668,0.42103627879691763,-0.9025959110427062,1,1,0,0,1,0,1,1,0,0,0,0,0,0,0,0,0,0,0,0,0,0,0,1,0,1,0
0,-0.8728084241667845,-1.4734993575273791,-0.9096549194273085,1,0,0,1,1,0,0,0,1,1,0,1,0,1,0,1,0,1,0,1,0,0,0,0,1,0,0
0,-1.2802480369298874,0.35456134418904756,-0.9740683709368049,1,0,0,0,1,0,0,1,0,0,0,0,0,0,1,0,0,0,0,0,0,0,0,0,0,1,0
0,-0.6283446565089229,1.3849228306110335,-0.26949109654868375,0,1,0,0,1,0,1,1,0,0,1,0,1,0,1,0,1,0,1,0,0,0,0,1,0,0,0
0,1.6125732136881425,1.5178726998267735,2.469845344701062,0,0,1,0,1,0,1,1,0,0,1,0,0,0,1,0,1,0,1,0,1,0,1,1,1,0,0
0,-0.18016108246950976,0.5872236153165927,0.01639874302771101,0,0,1,1,1,0,0,1,0,0,1,0,0,0,0,0,0,0,0,0,1,1,0,1,0,0,0
0,-0.5876006952326126,-1.4734993575273791,-0.8439179038456992,0,0,1,0,1,0,0,0,1,1,0,1,0,1,0,1,0,1,0,1,0,0,1,0,0,0,1
1,0.3087664528462136,1.1522605594834883,0.7849482809012908,1,0,1,0,1,0,0,1,0,0,0,0,1,0,0,0,1,0,1,0,1,1,0,1,1,0,0
0,0.797693988161937,-0.1772381326739129,0.3353776844069293,0,0,0,0,1,0,0,0,0,0,0,0,0,0,1,0,0,0,0,0,1,0,0,1,0,1,0
0,0.5939741817803856,-0.21047559997784793,0.19419751671488245,0,0,1,0,1,0,0,0,0,0,0,0,1,0,0,0,0,0,1,0,0,0,0,1,0,0,0
0,-0.38388088885106114,-0.5096128057132632,-0.5302332187549327,0,0,0,0,1,0,0,0,0,0,0,0,0,0,1,0,0,0,0,0,0,0,0,0,1,0,0
0,1.368109446030281,0.022186671149697273,0.8003898617426084,0,1,1,1,1,0,0,0,0,0,1,0,1,0,1,0,1,0,0,0,0,0,1,0,0,0,1
0,-0.9950403079957154,0.2880864095811775,-0.7283266415478359,0,0,0,0,1,0,1,1,0,0,0,0,0,0,0,0,0,0,0,0,0,0,0,1,0,1,0
1,0.5939741817803856,0.6869360172283978,0.7761245204205378,1,1,0,0,1,0,0,1,0,0,1,0,0,0,0,0,0,0,0,0,1,0,0,0,0,0,1
0,-1.0357842692720256,-1.4734993575273791,-0.9348026367974543,1,0,0,0,1,0,0,0,1,1,0,1,0,1,0,1,0,1,0,1,0,0,0,0,0,0,1
0,1.5718292524118322,1.6175851017385787,2.5955839315517912,0,0,1,1,1,0,1,1,0,0,1,0,1,0,1,0,1,0,1,0,1,0,1,0,1,0,0
1,0.7162060656093164,0.6204610826205278,0.8074488701272108,0,0,0,0,1,0,1,1,0,0,1,0,1,0,0,0,0,0,0,0,0,0,0,1,0,1,0
0,0.5532302205040753,0.022186671149697273,0.33714243650307985,0,1,1,0,1,0,0,0,0,0,1,0,1,0,1,0,1,0,0,0,0,0,1,0,0,0,1
0,-1.2802480369298874,0.18837400766937243,-0.976274311056993,1,1,0,0,1,0,0,1,0,0,0,0,0,0,0,0,0,0,0,0,0,0,0,0,0,1,0
0,1.368109446030281,-0.11076319806604285,0.8427439120502225,0,0,0,0,0,1,0,0,0,0,1,0,0,0,1,0,1,0,1,0,1,0,1,1,0,0,0
0,0.3902543753988342,0.6869360172283978,0.6380326688967546,0,0,1,0,1,0,1,1,0,0,0,0,0,0,1,0,1,0,0,0,0,0,0,1,1,0,0
0,-1.1172721918246462,0.35456134418904756,-0.8311234511486074,0,0,0,0,1,0,0,1,0,0,0,0,0,0,0,0,1,0,0,0,0,0,0,1,0,0,1
0,-1.0357842692720256,-0.5096128057132632,-0.8611242367831674,1,1,1,1,1,0,0,0,0,0,1,0,0,0,0,0,0,0,0,0,0,1,0,1,0,1,0
0,-0.13941712119319946,0.18837400766937243,-0.14066419352969106,0,1,0,0,1,0,1,0,0,0,0,0,1,0,1,0,0,0,0,0,1,1,0,0,1,0,0
0,-0.22090504374582004,-0.5096128057132632,-0.4177302726253329,0,0,1,1,1,0,0,0,0,0,0,0,1,0,0,0,0,0,0,0,0,0,0,0,0,0,1
1,-0.7098325790615434,0.35456134418904756,-0.5011148091684481,1,0,0,0,1,0,0,1,0,0,0,0,1,0,0,0,0,0,0,0,0,0,0,1,1,0,0
0,-0.3023929662984406,-1.4734993575273791,-0.7927400930573322,0,0,1,1,1,0,0,0,1,1,0,1,0,1,0,1,0,1,0,1,0,0,1,0,0,0,1
0,-0.8728084241667845,0.9860732229638132,-0.5315567828270457,1,0,1,0,1,0,1,1,0,0,0,0,0,0,0,0,0,0,1,0,1,0,0,1,0,1,0
0,1.0014137945434884,1.2852104286992283,1.6068815696834258,0,1,1,0,1,0,1,1,0,0,1,0,1,0,1,0,1,0,1,0,0,0,0,1,0,1,0
0,1.4088534073065913,1.7837724382582538,2.435873866850163,1,1,0,0,1,0,1,1,0,0,1,0,1,0,1,0,1,0,1,0,1,1,0,1,0,0,0
1,0.5939741817803856,1.1522605594834883,1.0871620773670785,0,0,1,0,1,0,1,1,0,0,0,0,0,0,1,0,0,0,1,0,1,0,0,0,0,1,0
0,-0.791320501614164,0.5539861480126578,-0.553616184028928,0,0,0,0,1,0,0,1,0,0,0,0,0,0,0,0,0,0,1,0,0,0,0,1,0,0,1
0,-0.9950403079957154,-1.1411246844880287,-0.9074489793071202,1,1,0,0,0,1,0,0,0,0,1,0,0,0,0,0,0,0,0,0,0,0,0,1,0,1,0
0,0.4717422979514547,1.052548157571683,0.91818706416066,1,0,1,0,1,0,1,1,0,0,0,0,0,0,0,0,0,0,1,0,1,0,0,1,0,1,0
0,1.5718292524118322,0.0554241384536323,1.062896736045008,0,1,1,1,1,0,1,0,0,0,1,0,0,0,0,0,0,0,1,0,0,1,0,1,0,1,0
1,-0.3431369275747509,1.3184478960031634,0.06625298974396504,1,1,1,0,1,0,1,1,0,0,0,0,1,0,1,0,0,0,1,0,1,0,0,1,0,1,0
1,-0.7098325790615434,0.5207486807087227,-0.4702316474858128,1,1,0,0,1,0,1,1,0,0,0,0,1,0,0,0,0,0,0,0,0,0,0,1,0,1,0
0,-1.2802480369298874,-1.506736824831314,-0.998774900282913,0,0,0,0,1,0,0,0,1,1,0,1,0,1,0,1,0,1,0,1,0,0,0,0,0,1,0
1,-1.2395040756535771,0.2548489422772425,-0.9392145170378308,0,1,0,0,1,0,1,1,0,0,0,0,0,0,0,0,0,0,0,0,0,0,0,1,0,0,1
1,0.9199258719908678,1.7172975036503837,1.8085044966686303,0,1,0,0,1,0,1,1,0,0,1,0,1,0,1,0,1,0,1,0,1,0,0,1,0,1,0
1,1.5718292524118322,1.3849228306110335,2.3560188344993493,0,1,0,0,1,0,1,1,0,0,0,0,1,0,0,0,1,0,1,0,1,0,1,1,0,1,0
0,0.7162060656093164,-1.340549488311639,-0.4508193744281564,0,1,1,1,1,0,1,0,1,1,0,1,0,1,0,1,0,1,0,1,0,0,1,0,0,0,1
0,-1.2802480369298874,0.819885886444138,-0.9678917386002778,0,1,0,0,1,0,0,1,0,0,0,0,0,0,0,0,0,0,1,0,1,0,0,1,0,1,0
0,-1.1172721918246462,-1.506736824831314,-0.9692153026723908,0,1,0,0,1,0,0,0,1,1,0,1,0,1,0,1,0,1,0,1,0,0,0,1,0,0,1
0,1.368109446030281,1.3184478960031634,1.983656142211576,0,0,0,0,1,0,1,1,0,0,1,0,1,0,1,0,1,0,1,0,0,1,0,1,0,0,0
0,0.6754621043330061,0.7534109518362679,0.9098044917039447,0,0,1,1,1,0,0,0,0,0,1,0,1,0,1,0,1,0,1,0,1,1,0,1,0,0,1
1,-1.1987601143772668,-1.1411246844880287,-0.9709800547685413,0,0,1,0,0,1,0,0,0,0,0,0,1,0,0,0,0,0,0,0,0,0,0,1,0,1,0
0,1.368109446030281,-1.3073120210077038,-0.2509611995391026,0,1,1,1,1,0,1,0,1,1,0,1,0,1,0,1,0,1,0,1,0,1,0,1,1,0,0
0,-0.8728084241667845,0.7201734845323329,-0.6131765672740102,0,1,0,1,1,0,1,1,0,0,0,0,0,0,0,0,0,0,0,0,1,0,0,0,0,1,0
0,-0.18016108246950976,-1.1411246844880287,-0.6497951732691348,0,1,0,0,0,1,0,0,0,0,0,0,0,0,0,0,1,0,0,0,0,0,0,1,1,0,0
0,1.3273654847539706,1.1522605594834883,1.7930629158273126,0,1,1,0,1,0,1,1,0,0,1,0,1,0,1,0,0,0,1,0,0,0,1,1,0,1,0
0,1.2051336009250397,-1.506736824831314,-0.5117033217453516,0,0,0,0,1,0,0,0,1,1,0,1,0,1,0,1,0,1,0,1,0,0,1,1,1,0,0
0,-1.2395040756535771,-1.4734993575273791,-0.9881863877060095,0,0,1,0,1,0,0,0,1,1,0,1,0,1,0,1,0,1,0,1,0,0,0,0,0,0,0
0,-1.2395040756535771,-1.4734993575273791,-0.9917158918983107,0,0,0,0,1,0,0,0,1,1,0,1,0,1,0,1,0,1,0,1,0,0,0,0,1,0,0
0,0.9199258719908678,-1.3073120210077038,-0.3947884953753753,0,0,1,1,1,0,1,0,1,1,0,1,0,1,0,1,0,1,0,1,0,0,1,1,1,0,0
1,0.3495104141225239,0.9860732229638132,0.6918576078293475,0,1,1,0,1,0,0,1,0,0,0,0,1,0,0,0,0,0,1,0,1,0,0,1,0,1,0
0,-0.6283446565089229,1.3184478960031634,-0.2381667468420109,1,0,1,1,1,0,1,1,0,0,1,0,0,0,1,0,0,0,1,0,1,0,0,1,0,1,0
0,-0.09867315991688919,0.9860732229638132,0.1566965346716825,0,0,0,0,1,0,0,1,0,0,0,0,0,0,0,0,1,0,1,0,1,1,0,1,0,0,0
0,-0.6283446565089229,-0.276950534585718,-0.589793602000015,0,1,0,0,1,0,0,0,0,0,1,0,1,0,0,0,0,0,0,0,0,1,0,0,0,0,1
0,-0.6690886177852331,0.12189907306150236,-0.5156740139616903,0,0,1,1,1,0,0,0,0,0,1,0,1,0,0,0,1,0,0,0,1,0,1,0,0,0,0
0,1.6125732136881425,-1.340549488311639,-0.2231663540247309,0,1,0,0,1,0,1,0,1,1,0,1,0,1,0,1,0,1,0,1,0,0,1,0,0,0,0
0,-0.9542963467194051,0.3877988114929826,-0.7053848642978783,0,1,0,0,1,0,1,1,0,0,0,0,0,0,0,0,0,0,0,0,0,0,0,1,0,1,0
0,-1.2802480369298874,0.32132387688511255,-0.9745095589608425,0,0,0,0,1,0,0,1,0,0,0,0,1,0,0,0,0,0,0,0,0,0,0,0,0,1,0
0,-0.38388088885106114,-0.3434254691935881,-0.42831878520223643,0,1,0,1,1,0,0,0,0,0,0,0,1,0,0,0,1,0,0,0,0,0,0,0,0,1,0
0,-0.9950403079957154,-1.506736824831314,-0.9370085769176425,0,1,0,1,1,0,0,0,1,1,0,1,0,1,0,1,0,1,0,1,0,0,0,0,0,0,0
0,-0.5468567339563023,-1.0081748152722887,-0.7380327780766641,0,1,1,1,0,1,0,0,0,0,1,0,1,0,0,0,0,0,0,0,0,0,0,1,0,0,1
0,-1.0357842692720256,-0.3766629364975231,-0.8289175110284193,0,0,0,0,1,0,1,0,0,0,1,0,0,0,0,0,0,0,0,0,0,0,0,1,0,1,0
1,-1.2802480369298874,0.1551365403654374,-0.9767154990810307,1,1,0,0,1,0,0,1,0,0,0,0,0,0,0,0,0,0,0,0,0,0,0,1,0,1,0
0,1.1643896396487294,1.3184478960031634,1.8001219242119149,0,1,0,0,1,0,1,1,0,0,1,0,0,0,1,0,0,0,1,0,1,1,0,0,0,1,0
0,1.0014137945434884,0.18837400766937243,0.8123019383916249,0,0,1,0,1,0,0,0,0,0,1,0,1,0,0,0,1,0,1,0,0,0,1,1,1,0,0
0,-0.9542963467194051,0.5207486807087227,-0.6925904116007865,1,1,0,0,1,0,0,1,0,0,0,0,0,0,0,0,0,0,0,0,1,0,0,1,0,1,0
0,-0.7098325790615434,-0.011050796154237758,-0.5880288499038644,0,1,0,1,1,0,0,0,0,0,1,0,0,0,1,0,0,0,0,0,1,1,0,0,0,0,1
0,-1.2802480369298874,-1.506736824831314,-0.998774900282913,0,0,0,0,1,0,0,0,1,1,0,1,0,1,0,1,0,1,0,1,0,0,0,0,0,0,1
0,-0.8320644628904743,-0.6425626749290033,-0.7843575206006169,0,0,1,0,1,0,0,0,0,0,0,0,0,0,0,0,0,0,0,0,0,0,0,0,0,0,0
0,0.8791819107145575,-1.4734993575273791,-0.5002324331203728,0,1,0,0,1,0,0,0,1,1,0,1,0,1,0,1,0,1,0,1,0,0,1,0,0,0,1
0,-1.1580161531009565,-0.6758001422329384,-0.9325966966772661,0,1,1,1,1,0,0,0,0,0,0,0,0,0,0,0,0,0,0,0,0,0,0,0,0,1,0
0,-1.0357842692720256,0.5207486807087227,-0.7750925720958264,1,0,0,0,1,0,0,1,0,0,0,0,0,0,0,0,0,0,1,0,0,0,0,1,0,0,1
0,-0.506112772679992,-1.4734993575273791,-0.8337705792928334,0,0,1,0,1,0,0,0,1,1,0,1,0,1,0,1,0,1,0,1,0,1,0,0,0,0,1
0,-0.26164900502213034,-0.6425626749290033,-0.5011148091684481,0,0,0,1,0,1,0,0,0,0,1,0,0,0,0,0,1,0,0,0,1,0,0,0,0,0,1
1,0.1457906077409725,0.6536985499244629,0.32567154787810104,1,1,1,0,1,0,1,1,0,0,0,0,0,0,0,0,0,0,0,0,1,0,0,1,0,1,0
0,0.8384379494382472,1.4513977652189036,1.515555648707633,0,0,1,0,1,0,1,1,0,0,0,0,1,0,1,0,1,0,1,0,1,1,0,1,0,0,0
0,-1.1987601143772668,0.1551365403654374,-0.9228905601484378,1,1,0,0,1,0,0,0,0,0,0,0,0,0,0,0,1,0,1,0,1,0,0,1,0,1,0
0,1.4495973685829016,-0.011050796154237758,0.9953949683672481,0,0,0,0,0,1,0,0,0,0,1,0,1,0,1,0,1,0,1,0,1,0,1,0,1,0,0
0,1.6125732136881425,0.853123353748073,1.815122317029195,0,1,1,1,1,0,1,0,0,0,1,0,1,0,1,0,1,0,1,0,1,0,1,1,1,0,0
0,-0.8320644628904743,-1.340549488311639,-0.8836248260090873,0,1,0,0,1,0,1,0,1,1,0,1,0,1,0,1,0,1,0,1,0,1,0,0,1,0,0
1,0.06430268518835193,0.4875112134047877,0.1919915765946942,1,0,1,1,1,0,1,1,0,0,0,0,1,0,0,0,0,0,0,0,0,0,0,1,0,0,1
0,1.4495973685829016,0.6536985499244629,1.5124673325393694,0,0,1,0,1,0,1,1,0,0,1,0,1,0,0,0,0,0,0,0,0,0,1,1,0,0,0
0,0.7162060656093164,0.18837400766937243,0.5272944748633054,0,0,0,1,1,0,0,0,0,0,1,0,0,0,1,0,1,0,1,0,0,1,0,1,1,0,0
1,-1.2802480369298874,-0.9416998806644186,-0.9912747038742731,1,0,0,0,0,1,0,0,0,0,0,0,0,0,0,0,0,0,1,0,0,0,0,1,0,1,0
1,0.3495104141225239,1.3184478960031634,0.8162726306079636,0,0,0,0,1,0,1,1,0,0,0,0,1,0,1,0,0,0,1,0,1,0,0,1,0,1,0
1,-0.09867315991688919,1.2187354940913584,0.27978799337818583,0,1,1,0,1,0,1,1,0,0,0,0,0,0,0,0,1,0,1,0,1,0,0,1,0,1,0
0,-1.2802480369298874,-0.3434254691935881,-0.9833333194415954,0,1,0,0,1,0,1,0,0,0,0,0,1,0,0,0,0,0,0,0,0,0,0,0,0,1,0
1,-0.13941712119319946,1.2852104286992283,0.3005238305079552,0,1,1,1,1,0,1,1,0,0,0,0,0,0,1,0,0,0,1,0,1,0,0,1,0,1,0
0,-0.38388088885106114,0.8863608210520081,-0.03742619590488183,0,0,1,1,1,0,1,0,0,0,1,0,1,0,1,0,1,0,1,0,1,0,1,1,1,0,0
0,1.1236456783724194,-1.506736824831314,-0.4825849121588669,0,1,0,1,1,0,0,0,1,1,0,1,0,1,0,1,0,1,0,1,0,0,1,0,0,0,1
0,1.6125732136881425,-1.2740745537037688,-0.16272359473157338,0,0,1,0,1,0,1,0,1,1,0,1,0,1,0,1,0,1,0,1,0,0,1,0,1,0,0
0,-0.42462485012737144,0.819885886444138,-0.12434023664029814,1,1,0,1,1,0,0,1,0,0,0,0,1,0,1,0,0,0,1,0,0,0,0,1,0,1,0
0,1.6125732136881425,0.35456134418904756,1.347021823525252,0,1,0,0,1,0,0,0,0,0,1,0,1,0,1,0,1,0,1,0,0,0,1,1,0,0,0
1,1.368109446030281,1.4513977652189036,2.1861614452448555,0,0,0,0,1,0,1,1,0,0,0,0,1,0,1,0,0,0,1,0,1,1,0,0,0,0,0
0,1.6125732136881425,1.5178726998267735,2.5214643435134665,0,0,1,0,1,0,1,1,0,0,0,0,1,0,1,0,1,0,1,0,1,0,1,1,0,1,0
1,0.5939741817803856,0.5207486807087227,0.6803867192043687,1,0,1,0,1,0,1,1,0,0,1,0,0,0,0,0,0,0,0,0,0,0,0,0,0,1,0
0,0.7569500268856267,1.5511101671307086,1.5089378283470682,0,0,0,0,1,0,1,1,0,0,0,0,1,0,1,0,1,0,1,0,1,1,0,1,0,1,0
0,1.5310852911355222,1.3849228306110335,2.2563103410668415,0,0,1,1,1,0,1,1,0,0,0,0,1,0,1,0,0,0,1,0,1,1,0,1,0,1,0
0,-0.9542963467194051,-1.506736824831314,-0.9348026367974543,0,1,0,0,1,0,0,0,1,1,0,1,0,1,0,1,0,1,0,1,0,1,0,1,0,1,0
0,1.082901717096109,1.5511101671307086,1.884830024827143,0,1,1,1,1,0,1,1,0,0,1,0,1,0,0,0,1,0,1,0,1,0,1,1,0,0,1
0,-1.1987601143772668,0.18837400766937243,-0.9078901673311579,0,1,0,1,1,0,0,0,0,0,0,0,0,0,0,0,1,0,1,0,1,0,0,0,0,0,1
1,0.22727853029359305,-1.340549488311639,-0.5858229097836761,0,1,1,0,0,1,0,0,0,0,0,0,0,0,0,0,0,0,0,0,0,0,0,1,0,1,0
0,0.18653456901728277,0.8863608210520081,0.48494042455569136,0,0,0,0,1,0,1,1,0,0,1,0,1,0,1,0,0,0,0,0,0,0,0,0,0,0,0
0,0.18653456901728277,0.022186671149697273,0.013310426859447486,0,1,0,0,1,0,0,0,0,0,1,0,1,0,1,0,1,0,0,0,0,0,1,0,0,0,0
1,-0.3431369275747509,-0.8087500114486784,-0.5955290463125044,1,0,1,0,0,1,0,0,0,0,0,0,0,0,1,0,0,0,0,0,1,0,0,1,1,0,0
0,-0.7505765403378537,-0.1772381326739129,-0.6630308139902642,0,0,1,1,1,0,0,0,0,0,1,0,1,0,0,0,1,0,0,0,0,0,0,0,0,0,0
0,1.6125732136881425,1.4846352325228385,2.4570508920039704,0,1,1,0,1,0,1,1,0,0,1,0,1,0,0,0,1,0,1,0,1,0,1,1,1,0,0
0,0.8384379494382472,-0.14400066536997788,0.39758519579623736,1,1,1,0,0,1,0,0,0,0,0,0,1,0,1,0,1,0,1,0,1,1,0,1,0,1,0
0,-0.9950403079957154,0.6536985499244629,-0.6700898223748666,1,0,1,0,1,0,1,1,0,0,0,0,0,0,0,0,0,0,0,0,1,0,0,1,0,1,0
0,1.6125732136881425,-0.8752249460565485,0.2118450376763883,0,1,1,1,0,1,0,0,0,0,1,0,1,0,1,0,0,0,0,0,0,0,1,0,1,0,0
1,-0.6283446565089229,0.919598288355943,-0.29508000194286726,0,0,1,0,1,0,1,1,0,0,0,0,0,0,0,0,0,0,1,0,1,0,0,1,0,1,0
0,-1.2395040756535771,0.2880864095811775,-0.9431852092541696,1,0,1,1,1,0,0,1,0,0,0,0,1,0,0,0,0,0,0,0,0,0,0,1,0,0,0
0,-0.9950403079957154,-1.4734993575273791,-0.9383321409897555,1,0,1,0,1,0,0,0,1,1,0,1,0,1,0,1,0,1,0,1,0,0,0,0,0,0,0
0,0.6347181430566958,-1.0081748152722887,-0.2994918821832437,1,0,1,0,0,1,0,0,0,0,0,0,1,0,1,0,0,0,0,0,0,1,0,0,0,0,1
0,-0.9135523854430948,-1.340549488311639,-0.8880367062494638,0,0,0,0,1,0,1,0,1,1,0,1,0,1,0,1,0,1,0,1,0,0,0,1,0,0,1
0,-1.2802480369298874,-1.4734993575273791,-0.9983337122588753,0,1,0,0,1,0,0,0,1,1,0,1,0,1,0,1,0,1,0,1,0,0,0,0,0,0,1
0,-0.13941712119319946,-0.21047559997784793,-0.2421374390583497,0,0,0,0,1,0,0,0,0,0,1,0,0,0,1,0,1,0,0,0,0,1,0,0,1,0,0
1,1.3273654847539706,1.4181602979149686,2.101894532653665,0,0,1,1,1,0,1,1,0,0,0,0,1,0,1,0,0,0,1,0,1,1,0,1,0,1,0
0,-0.9950403079957154,0.022186671149697273,-0.754356734966057,0,0,0,0,1,0,1,0,0,0,1,0,1,0,1,0,0,0,0,0,0,0,0,1,0,0,0
0,1.1643896396487294,-1.3073120210077038,-0.3286102917697284,0,1,1,0,1,0,1,0,1,1,0,1,0,1,0,1,0,1,0,1,0,0,1,0,0,0,0
1,0.512486259227765,1.1854980267874233,0.9600999264442364,0,0,0,0,1,0,1,1,0,0,0,0,0,0,1,0,0,0,1,0,1,1,0,1,0,0,0
0,1.6125732136881425,1.3184478960031634,2.2836639985571754,0,1,1,1,1,0,1,1,0,0,0,0,1,0,1,0,0,0,1,0,1,1,0,1,1,0,0
0,-0.8320644628904743,-1.440261890223444,-0.8721539373841085,0,1,1,1,1,0,0,0,1,1,0,1,0,1,0,1,0,1,0,1,0,0,0,1,0,1,0
0,-1.0357842692720256,1.052548157571683,-0.7252383253795723,0,1,0,0,1,0,1,1,0,0,0,0,0,0,0,0,0,0,1,0,1,0,0,0,0,1,0
0,-0.9542963467194051,-0.6758001422329384,-0.8536240403745274,0,1,0,0,1,0,0,0,0,0,0,0,0,0,0,0,0,0,0,0,0,0,0,1,0,0,1
1,0.4309983366751445,1.4181602979149686,0.9927478402230222,1,0,1,0,1,0,1,1,0,0,0,0,0,0,1,0,1,0,1,0,1,1,0,1,0,1,0
0,1.0421577558197987,0.9860732229638132,1.447171504981798,0,1,1,1,1,0,1,1,0,0,0,0,0,0,1,0,1,0,0,0,1,0,1,0,0,0,0
1,-0.6690886177852331,1.1190230921795532,-0.3069920785918837,1,1,1,0,1,0,1,1,0,0,0,0,0,0,1,0,0,0,1,0,1,0,0,1,0,1,0
0,-1.2395040756535771,-1.4734993575273791,-0.9895099517781225,0,1,1,1,1,0,0,0,1,1,0,1,0,1,0,1,0,1,0,1,0,0,0,0,0,0,1
0,-0.9950403079957154,1.2187354940913584,-0.6356771564999302,1,0,1,0,1,0,0,1,0,0,0,0,1,0,1,0,0,0,1,0,1,0,0,0,0,1,0
0,0.3087664528462136,1.3516853633070984,0.8581854928915401,0,0,1,0,1,0,1,1,0,0,1,0,0,0,1,0,0,0,1,0,1,1,0,0,0,0,0
0,-0.9542963467194051,0.5539861480126578,-0.6612660618941136,0,1,0,0,1,0,1,1,0,0,1,0,0,0,0,0,0,0,0,0,0,0,0,1,0,1,0
0,0.3495104141225239,0.819885886444138,0.6380326688967546,0,1,0,0,1,0,0,1,0,0,0,0,1,0,0,0,1,0,1,0,0,1,0,1,0,1,0
0,-0.26164900502213034,-0.3434254691935881,-0.3868471109426977,0,0,0,0,1,0,0,0,0,0,0,0,1,0,1,0,0,0,0,0,0,0,0,1,1,0,0
0,0.02355872391204165,-0.3766629364975231,-0.1878713121017192,0,0,1,0,1,0,0,0,0,0,0,0,1,0,0,0,1,0,0,0,0,1,0,1,1,0,0
0,1.4495973685829016,1.3516853633070984,2.2232212392640176,0,1,1,1,1,0,0,1,0,0,0,0,1,0,1,0,1,0,1,0,1,1,0,0,1,0,0
1,1.3273654847539706,1.3516853633070984,1.959831988913543,0,0,1,0,1,0,0,1,0,0,0,0,1,0,1,0,1,0,1,0,1,0,1,1,1,0,0
0,0.9199258719908678,-0.011050796154237758,0.5930314904449147,0,1,0,0,1,0,0,0,0,0,0,0,1,0,0,0,1,0,0,0,1,1,0,1,0,1,0
0,-0.506112772679992,0.7866484191402029,-0.23022536240933325,1,1,0,0,1,0,1,1,0,0,0,0,0,0,1,0,0,0,1,0,0,0,0,1,0,1,0
0,-0.5468567339563023,0.7534109518362679,-0.2461081312746885,0,1,0,0,1,0,0,1,0,0,0,0,0,0,0,0,1,0,0,0,1,1,0,1,1,0,0
0,0.512486259227765,0.819885886444138,0.8423027240261848,0,0,0,0,1,0,1,1,0,0,0,0,0,0,1,0,0,0,0,0,1,0,0,1,1,0,0
0,1.5310852911355222,-1.4734993575273791,-0.3846411708225094,0,0,1,1,1,0,0,0,1,1,0,1,0,1,0,1,0,1,0,1,0,0,1,1,1,0,0
0,-1.2395040756535771,0.4875112134047877,-0.9348026367974543,1,0,0,0,1,0,0,1,0,0,0,0,0,0,0,0,0,0,1,0,0,0,0,1,0,1,0
0,-0.22090504374582004,0.9860732229638132,0.1946387047389201,1,0,0,0,1,0,1,1,0,0,0,0,0,0,0,0,0,0,1,0,1,0,0,1,0,0,1
0,-0.8320644628904743,-1.4734993575273791,-0.8906838343936897,0,0,1,0,1,0,0,0,1,1,0,1,0,1,0,1,0,1,0,1,0,0,1,1,0,1,0
0,1.6125732136881425,0.08866160575756733,1.0536317875402175,0,1,0,1,0,1,0,0,0,0,1,0,1,0,1,0,1,0,1,0,1,0,1,0,1,0,0
0,-0.8320644628904743,0.9860732229638132,-0.4896439205434692,0,1,0,0,1,0,1,1,0,0,0,0,0,0,0,0,0,0,1,0,1,0,0,0,0,1,0
1,-1.1172721918246462,0.1551365403654374,-0.8668596810956568,1,0,0,0,1,0,0,1,0,0,0,0,0,0,0,0,0,0,0,0,0,0,0,1,0,0,1
1,1.5718292524118322,1.4181602979149686,2.3957257566627375,0,1,1,0,1,0,1,1,0,0,1,0,1,0,1,0,0,0,1,0,1,0,0,1,0,1,0
1,0.10504664646466222,0.2880864095811775,0.08301813465739559,0,1,0,0,1,0,0,0,0,0,0,0,0,0,1,0,1,0,1,0,1,1,0,1,0,1,0
0,1.5310852911355222,1.6508225690425138,2.4526390117635937,0,1,1,1,1,0,1,1,0,0,1,0,1,0,1,0,1,0,1,0,1,0,1,0,1,0,0
0,-0.05792919864057891,0.3877988114929826,-0.024631743207790092,0,0,0,0,1,0,1,1,0,0,0,0,0,0,0,0,0,0,0,0,0,0,0,1,0,1,0
0,0.797693988161937,1.052548157571683,1.1943707672082264,1,1,1,1,1,0,1,1,0,0,0,0,0,0,1,0,1,0,0,0,1,0,1,1,0,0,0
1,0.18653456901728277,1.2187354940913584,0.6446504892573193,1,1,0,0,1,0,1,1,0,0,0,0,0,0,1,0,0,0,1,0,1,0,0,1,0,1,0
0,1.4903413298592119,1.3184478960031634,2.178220060812178,1,1,0,0,1,0,1,1,0,0,0,0,1,0,0,0,1,0,1,0,1,1,0,1,0,0,0
1,-0.09867315991688919,0.42103627879691763,0.03007557177287804,0,1,1,0,1,0,1,1,0,0,0,0,0,0,0,0,0,0,0,0,0,0,0,0,0,0,1
0,0.02355872391204165,0.853123353748073,0.31155353110889633,0,0,0,0,1,0,1,1,0,0,1,0,0,0,0,0,0,0,0,0,1,0,0,1,0,1,0
1,0.8791819107145575,1.5178726998267735,1.673942149337148,0,1,1,0,1,0,1,1,0,0,0,0,1,0,1,0,1,0,1,0,1,0,1,1,0,1,0
0,1.082901717096109,0.12189907306150236,0.788477785093592,0,0,0,0,1,0,1,0,0,0,1,0,0,0,0,0,1,0,0,0,1,1,0,0,0,0,0
1,0.9199258719908678,-0.6758001422329384,0.08654763884969677,0,1,0,0,0,1,0,0,0,0,1,0,1,0,0,0,0,0,1,0,0,0,0,1,0,1,0
1,1.4903413298592119,-1.1743621517919638,-0.0656622294432912,0,1,1,0,0,1,0,0,0,0,0,0,0,0,1,0,0,0,0,0,0,1,0,1,1,0,0
0,1.368109446030281,0.7866484191402029,1.6399706714862492,0,0,0,0,1,0,1,1,0,0,0,0,1,0,0,0,0,0,1,0,0,1,0,1,0,0,0
0,0.18653456901728277,-0.21047559997784793,-0.0352202557846936,0,1,1,1,1,0,0,0,0,0,1,0,0,0,1,0,1,0,0,0,0,1,0,1,0,0,1
1,-0.9542963467194051,-1.506736824831314,-0.9264200643407391,0,1,1,0,1,0,0,0,1,1,0,1,0,1,0,1,0,1,0,1,0,1,0,0,1,0,0
0,1.4903413298592119,0.7201734845323329,1.7255611481495525,0,1,1,1,1,0,1,0,0,0,1,0,0,0,1,0,1,0,1,0,1,0,1,0,0,0,0
0,-0.9135523854430948,-0.1772381326739129,-0.72567951340361,0,1,0,0,1,0,0,0,0,0,0,0,1,0,0,0,0,0,1,0,0,0,0,1,0,0,1
0,0.3087664528462136,-0.310188001889653,-0.06345628932310296,1,1,0,1,1,0,0,0,0,0,1,0,1,0,0,0,0,0,0,0,0,0,0,1,0,0,1
0,-0.791320501614164,0.0554241384536323,-0.6405302247643443,0,1,0,1,1,0,0,0,0,0,0,0,0,0,0,0,0,0,1,0,1,0,0,0,1,0,0
0,-1.076528230548336,0.853123353748073,-0.7772985122160146,1,0,0,0,1,0,1,1,0,0,0,0,1,0,0,0,0,0,1,0,0,0,0,1,0,1,0
0,1.4903413298592119,-1.4734993575273791,-0.41728908460129527,0,0,1,1,1,0,0,0,1,1,0,1,0,1,0,1,0,1,0,1,0,0,1,0,0,0,0
1,1.368109446030281,1.4513977652189036,2.1610137278747095,0,0,1,0,1,0,1,1,0,0,0,0,1,0,1,0,1,0,1,0,1,1,0,1,1,0,0
0,-0.8728084241667845,-0.3766629364975231,-0.7389151541247394,1,1,0,0,1,0,1,0,0,0,0,0,0,0,1,0,0,0,0,0,0,0,0,0,0,1,0
0,0.5532302205040753,-0.276950534585718,0.12228386879674612,0,1,1,1,1,0,0,0,0,0,1,0,0,0,1,0,1,0,0,0,0,1,0,0,0,0,1
0,-1.076528230548336,0.819885886444138,-0.7525919828699065,1,0,0,0,1,0,0,1,0,0,0,0,0,0,0,0,0,0,1,0,1,0,0,0,0,1,0
0,0.9606698332671781,1.4846352325228385,1.61923483435648,0,0,1,1,1,0,1,1,0,0,1,0,0,0,1,0,1,0,1,0,1,0,0,1,0,0,1
0,1.5310852911355222,-1.3073120210077038,-0.21743090971224152,0,1,1,1,1,0,1,0,1,1,0,1,0,1,0,1,0,1,0,1,0,0,1,0,1,0,0
0,0.02355872391204165,0.4875112134047877,0.10948941609965437,0,0,1,1,1,0,1,0,0,0,0,0,0,0,1,0,1,0,1,0,1,1,0,1,0,1,0
0,1.6125732136881425,0.0554241384536323,1.0928975216795678,0,0,1,1,1,0,1,0,0,0,1,0,1,0,0,0,1,0,0,0,0,0,1,0,1,0,0
0,-1.1987601143772668,1.0193106902677482,-0.8783305697206356,1,0,1,0,1,0,1,1,0,0,0,0,0,0,0,0,0,0,1,0,1,0,0,1,0,1,0
0,-0.5468567339563023,-0.5428502730171982,-0.5867052858317514,0,0,0,1,1,0,0,0,0,0,0,0,0,0,0,0,1,0,0,0,0,0,0,0,0,0,1
1,-1.1172721918246462,-0.6425626749290033,-0.9198022439801744,1,0,0,0,0,1,0,0,0,0,0,0,0,0,0,0,0,0,1,0,1,0,0,0,0,1,0
0,1.5718292524118322,0.5207486807087227,1.5098202043951436,0,0,1,0,1,0,0,0,0,0,0,0,1,0,1,0,1,0,1,0,1,0,1,1,1,0,0
0,-0.9950403079957154,0.32132387688511255,-0.7384739661007017,1,1,1,0,1,0,0,1,0,0,1,0,0,0,0,0,0,0,0,0,0,0,0,1,0,1,0
0,-1.2802480369298874,-1.4734993575273791,-0.9983337122588753,0,1,0,0,1,0,0,0,1,1,0,1,0,1,0,1,0,1,0,1,0,0,0,0,1,0,0
0,-1.2802480369298874,0.4875112134047877,-0.9723036188406543,1,0,0,0,1,0,0,1,0,0,0,0,0,0,0,0,0,0,1,0,0,0,0,1,0,1,0
0,1.1643896396487294,1.6840600363464486,2.078070379355632,0,0,0,0,1,0,1,1,0,0,1,0,1,0,1,0,1,0,1,0,1,1,0,1,0,0,1
0,1.5718292524118322,-0.1772381326739129,0.8114195623435496,0,0,1,1,0,1,0,0,0,0,1,0,1,0,0,0,1,0,1,0,1,0,1,0,0,0,0
0,1.4495973685829016,0.7201734845323329,1.5349679217652894,0,0,1,0,1,0,1,1,0,0,0,0,1,0,1,0,0,0,0,0,0,1,0,0,1,0,0
0,0.5532302205040753,-1.0414122825762238,-0.32905147979376603,0,1,0,0,0,1,0,0,0,0,0,0,0,0,1,0,1,0,0,0,0,1,0,0,1,0,0
0,0.02355872391204165,0.5207486807087227,0.1412549538303649,0,1,0,0,1,0,1,1,0,0,1,0,0,0,0,0,0,0,0,0,0,1,0,0,0,0,0
0,0.8384379494382472,1.3184478960031634,1.4484950690539107,0,0,1,1,1,0,1,1,0,0,1,0,1,0,1,0,1,0,0,0,1,0,1,1,0,0,0
1,0.7162060656093164,1.4513977652189036,1.3889346858088285,0,0,1,0,1,0,1,1,0,0,1,0,1,0,1,0,0,0,1,0,1,0,0,0,0,0,0
0,1.0014137945434884,-0.7755125441447435,-0.01095491446262306,0,0,0,0,0,1,0,0,0,0,1,0,0,0,1,0,1,0,0,0,0,1,0,1,1,0,0
0,0.8791819107145575,-1.4734993575273791,-0.5253801504905186,0,0,1,1,1,0,0,0,1,1,0,1,0,1,0,1,0,1,0,1,0,0,1,1,0,0,0
1,1.1236456783724194,1.3516853633070984,1.8168870691253456,0,0,1,0,1,0,1,1,0,0,0,0,1,0,1,0,0,0,1,0,1,0,0,1,0,1,0
1,-0.18016108246950976,1.2187354940913584,0.23346325085423297,1,0,1,0,1,0,1,1,0,0,0,0,0,0,0,0,1,0,1,0,1,0,0,1,1,0,0
0,-1.2802480369298874,0.5207486807087227,-0.9718624308166166,1,0,1,1,1,0,0,1,0,0,0,0,0,0,0,0,0,0,1,0,0,0,0,1,0,0,1
0,-0.13941712119319946,0.819885886444138,0.18316781611394128,1,1,1,1,1,0,1,1,0,0,0,0,0,0,1,0,0,0,0,0,1,0,0,1,0,1,0
0,-0.9135523854430948,0.022186671149697273,-0.7353856499324383,0,0,1,1,1,0,0,0,0,0,0,0,1,0,0,0,1,0,0,0,1,0,0,1,0,1,0
0,0.4309983366751445,-0.8087500114486784,-0.16360597077964867,0,1,0,1,0,1,0,0,0,0,1,0,1,0,1,0,0,0,0,0,0,0,0,1,0,1,0
1,-0.791320501614164,0.18837400766937243,-0.6325888403316666,0,1,1,0,1,0,0,1,0,0,0,0,0,0,0,0,0,0,0,0,0,0,0,0,0,0,0
0,0.4309983366751445,0.45427374610085264,0.5193530904306277,0,0,1,0,1,0,0,0,0,0,1,0,0,0,1,0,1,0,1,0,1,0,1,1,0,1,0
0,-0.5468567339563023,0.6204610826205278,-0.36081701752447654,1,1,1,1,1,0,1,1,0,0,0,0,0,0,0,0,0,0,0,0,1,0,0,1,0,1,0
0,-1.2802480369298874,0.853123353748073,-0.9674505505762402,0,1,1,1,1,0,0,1,0,0,0,0,0,0,0,0,0,0,1,0,1,0,0,1,0,1,0
0,1.4903413298592119,0.5872236153165927,1.4436420007894966,0,0,0,0,1,0,0,0,0,0,1,0,0,0,1,0,1,0,1,0,1,0,1,1,1,0,0
0,1.1643896396487294,-1.4734993575273791,-0.44331917801951637,0,0,1,0,1,0,0,0,1,1,0,1,0,1,0,1,0,1,0,1,0,0,1,0,1,0,0
0,0.4309983366751445,0.0554241384536323,0.27537611313780935,0,1,1,0,1,0,1,0,0,0,1,0,1,0,0,0,1,0,0,0,0,0,0,0,0,0,0
0,-1.076528230548336,-1.506736824831314,-0.9427440212301319,1,0,1,0,1,0,0,0,1,1,0,1,0,1,0,1,0,1,0,1,0,0,0,0,0,0,0
0,-1.2802480369298874,-0.44313787110539316,-0.9846568835137084,1,1,0,0,1,0,0,0,0,0,0,0,0,0,0,0,1,0,0,0,0,0,0,0,0,0,1
0,0.9606698332671781,0.819885886444138,1.177605622294796,0,1,1,0,1,0,0,1,0,0,0,0,0,0,0,0,0,0,1,0,1,0,0,0,0,0,1
0,1.5310852911355222,-0.011050796154237758,0.9799533875259304,0,0,1,0,0,1,0,0,0,0,1,0,1,0,1,0,1,0,1,0,1,0,1,0,0,0,0
0,-1.2802480369298874,-0.6425626749290033,-0.9873040116579342,1,1,0,0,1,0,0,0,0,0,0,0,0,0,0,0,0,0,0,0,0,0,0,1,0,1,0
0,0.6754621043330061,0.9528357556598781,0.9870123959105328,0,1,1,1,1,0,1,1,0,0,0,0,1,0,1,0,0,0,1,0,0,1,0,1,0,1,0
0,-1.076528230548336,-0.5096128057132632,-0.8893602703215767,1,0,0,0,1,0,0,0,0,0,0,0,0,0,0,0,1,0,0,0,0,0,0,1,0,0,0
0,-0.01718523736426863,0.2880864095811775,0.014633990931560424,0,0,1,1,1,0,0,0,0,0,1,0,1,0,1,0,1,0,0,0,1,0,1,0,0,0,1
1,1.6125732136881425,1.4846352325228385,2.5554358213643655,0,0,1,0,1,0,1,1,0,0,1,0,0,0,1,0,1,0,1,0,1,0,1,1,0,0,1
0,0.18653456901728277,-0.11076319806604285,0.008457358595033377,0,1,0,1,1,0,0,0,0,0,1,0,1,0,0,0,1,0,0,0,0,0,1,0,1,0,0
0,1.4903413298592119,1.3849228306110335,2.191896889557345,0,0,1,0,1,0,0,1,0,0,1,0,1,0,0,0,1,0,1,0,1,1,0,1,1,0,0
0,-0.26164900502213034,0.5539861480126578,-0.09036875878939939,0,0,1,0,1,0,0,0,0,0,0,0,1,0,1,0,1,0,1,0,1,0,0,0,0,0,0
0,1.0421577558197987,1.3516853633070984,1.7392379768947197,0,0,1,1,1,0,1,1,0,0,0,0,1,0,1,0,0,0,1,0,1,1,0,1,1,0,0
0,-0.3431369275747509,-0.3434254691935881,-0.45920194688487165,0,1,0,0,1,0,1,0,0,0,0,0,0,0,0,0,1,0,0,0,0,1,0,0,0,0,0
0,-1.1172721918246462,-1.4734993575273791,-0.9634798583599014,0,1,1,1,1,0,0,0,1,1,0,1,0,1,0,1,0,1,0,1,0,1,0,0,0,1,0
0,-0.7098325790615434,-1.4734993575273791,-0.8800953218167862,1,1,1,1,1,0,0,0,1,1,0,1,0,1,0,1,0,1,0,1,0,0,0,1,0,1,0
0,-0.09867315991688919,-1.506736824831314,-0.7428858463410782,0,0,1,1,1,0,0,0,1,1,0,1,0,1,0,1,0,1,0,1,0,0,1,0,0,0,1
0,0.9199258719908678,0.0554241384536323,0.520235466478703,0,0,1,0,1,0,1,0,0,0,1,0,1,0,0,0,1,0,0,0,0,1,0,1,1,0,0
0,-0.3023929662984406,-1.0081748152722887,-0.6308240882355161,1,0,1,0,0,1,0,0,0,0,0,0,0,0,0,0,0,0,1,0,0,0,0,1,0,0,0
1,-0.9135523854430948,0.919598288355943,-0.5950878582884667,1,1,1,0,1,0,0,1,0,0,0,0,1,0,1,0,1,0,1,0,0,0,0,1,0,0,1
0,0.4717422979514547,-0.3434254691935881,0.040664084349781554,0,1,1,1,0,1,0,0,0,0,1,0,1,0,1,0,1,0,0,0,1,0,1,1,1,0,0
0,0.5939741817803856,-0.21047559997784793,0.23390443887827062,0,0,0,0,1,0,0,0,0,0,1,0,1,0,0,0,1,0,0,0,0,1,0,1,0,0,1
0,-0.791320501614164,0.7866484191402029,-0.4680257073656246,1,0,1,1,1,0,0,1,0,0,0,0,0,0,0,0,0,0,1,0,1,0,0,0,0,1,0
0,0.6754621043330061,1.4181602979149686,1.3280507384916334,1,0,1,1,1,0,1,1,0,0,0,0,1,0,1,0,1,0,1,0,1,0,1,1,0,0,0
0,1.2866215234776603,1.052548157571683,1.7785037110340702,0,0,1,0,1,0,0,1,0,0,1,0,0,0,0,0,1,0,1,0,1,1,0,1,0,0,1
0,-1.2802480369298874,-1.506736824831314,-0.998774900282913,0,1,0,0,1,0,0,0,1,1,0,1,0,1,0,1,0,1,0,1,0,0,0,0,0,0,1
0,-0.506112772679992,-0.47637533840932816,-0.5646458846298691,0,1,0,0,1,0,0,0,0,0,0,0,0,0,0,0,1,0,0,0,0,0,0,0,0,0,1
0,0.18653456901728277,-0.6425626749290033,-0.3043449504476578,0,0,1,0,0,1,0,0,0,0,1,0,0,0,0,0,1,0,1,0,0,0,1,0,0,1,0
0,-0.09867315991688919,0.6869360172283978,0.09978327957082615,0,1,1,1,1,0,1,1,0,0,0,0,0,0,0,0,0,0,1,0,0,0,0,0,0,1,0
0,0.22727853029359305,0.6536985499244629,0.39890875986835034,0,0,0,0,1,0,1,0,0,0,1,0,1,0,1,0,0,0,1,0,1,1,0,0,0,0,0
1,-1.2802480369298874,0.32132387688511255,-0.9745095589608425,1,0,0,0,1,0,1,1,0,0,0,0,0,0,0,0,0,0,0,0,0,0,0,1,0,0,1
0,0.18653456901728277,-0.011050796154237758,0.027428443628652165,1,0,0,0,1,0,0,0,0,0,0,0,0,0,0,0,0,0,1,0,1,0,0,1,0,1,0
0,0.797693988161937,0.0554241384536323,0.46199864730573376,0,0,1,0,0,1,0,0,0,0,1,0,1,0,1,0,1,0,1,0,1,0,1,0,1,0,0
0,1.5718292524118322,0.3877988114929826,1.4290827959962544,0,1,0,1,1,0,0,0,0,0,1,0,1,0,1,0,1,0,1,0,0,0,1,1,1,0,0
0,-0.26164900502213034,0.819885886444138,0.023016563388275704,1,1,0,0,1,0,0,1,0,0,0,0,1,0,1,0,0,0,1,0,0,0,0,0,0,1,0
0,1.368109446030281,0.32132387688511255,1.1096626665929985,0,1,0,0,1,0,1,0,0,0,1,0,1,0,1,0,0,0,0,0,1,0,1,1,1,0,0
0,1.6125732136881425,1.7172975036503837,2.784412405839904,0,1,1,0,1,0,1,1,0,0,1,0,1,0,1,0,1,0,1,0,1,0,1,1,1,0,0
0,-0.3023929662984406,-0.8087500114486784,-0.5792050894231114,0,1,0,1,0,1,0,0,0,0,1,0,0,0,0,0,0,0,1,0,0,1,0,1,1,0,0
0,1.4903413298592119,1.6508225690425138,2.3745487315089306,0,1,1,1,1,0,1,1,0,0,1,0,1,0,1,0,1,0,1,0,1,0,1,1,0,0,0
0,0.8384379494382472,0.1551365403654374,0.6190615838631358,0,1,1,1,1,0,1,0,0,0,1,0,1,0,0,0,0,0,0,0,1,0,1,0,0,0,0
0,-0.8320644628904743,1.0193106902677482,-0.5152328259376527,1,0,0,0,1,0,0,1,0,0,0,0,0,0,1,0,0,0,1,0,1,1,0,0,0,0,1
0,-0.26164900502213034,1.1190230921795532,0.11213654424388025,0,1,0,0,1,0,0,1,0,0,0,0,0,0,1,0,1,0,1,0,1,0,0,1,0,1,0
0,-0.46536881140368175,-0.11076319806604285,-0.3925825552551871,0,1,0,0,1,0,0,0,0,0,0,0,0,0,1,0,0,0,0,0,1,0,0,0,0,0,1
0,-1.2802480369298874,0.819885886444138,-0.9678917386002778,0,0,0,1,1,0,0,1,0,0,0,0,0,0,0,0,0,0,1,0,1,0,0,1,0,1,0
0,0.6347181430566958,1.0193106902677482,0.9539232941077093,0,1,0,0,1,0,1,1,0,0,1,0,0,0,0,0,1,0,0,0,1,0,0,1,0,1,0
0,-0.26164900502213034,-0.9749373479683536,-0.5756755852308103,0,0,1,0,0,1,0,0,0,0,1,0,0,0,1,0,0,0,0,0,0,1,0,0,1,0,0
0,1.1236456783724194,-1.506736824831314,-0.4521429385002693,0,1,1,0,1,0,0,0,1,1,0,1,0,1,0,1,0,1,0,1,0,0,1,0,0,0,1
0,-0.5876006952326126,-1.506736824831314,-0.8611242367831674,0,1,0,0,1,0,0,0,1,1,0,1,0,1,0,1,0,1,0,1,0,0,0,0,0,0,1
1,-0.9135523854430948,-1.1743621517919638,-0.8787717577446732,1,0,0,0,0,1,0,0,0,0,0,0,0,0,0,0,1,0,0,0,0,0,0,1,0,1,0
0,-1.1172721918246462,0.6536985499244629,-0.8072992978505745,1,1,1,1,1,0,1,1,0,0,1,0,0,0,1,0,0,0,0,0,0,0,0,1,0,1,0
0,-1.1580161531009565,-1.4734993575273791,-0.970097678720466,0,0,0,1,1,0,0,0,1,1,0,1,0,1,0,1,0,1,0,1,0,1,0,1,0,0,1
0,1.3273654847539706,-1.340549488311639,-0.250520011515065,0,1,1,1,1,0,1,0,1,1,0,1,0,1,0,1,0,1,0,1,0,0,1,0,1,0,0
0,1.5310852911355222,-1.3073120210077038,-0.250520011515065,0,1,1,1,1,0,1,0,1,1,0,1,0,1,0,1,0,1,0,1,0,0,1,0,0,0,1
0,-0.5876006952326126,0.853123353748073,-0.30258019835150723,1,1,0,0,1,0,1,1,0,0,0,0,0,0,1,0,0,0,0,0,1,0,0,1,1,0,0
0,1.2051336009250397,-1.4734993575273791,-0.4556724426925705,0,1,0,1,1,0,0,0,1,1,0,1,0,1,0,1,0,1,0,1,0,0,1,0,0,0,0
0,1.368109446030281,-0.1772381326739129,0.7558298713148062,0,0,1,1,1,0,0,0,0,0,1,0,0,0,0,0,0,0,1,0,0,0,1,1,0,1,0
0,1.3273654847539706,0.5872236153165927,1.293638072616697,0,0,1,1,1,0,1,0,0,0,1,0,1,0,0,0,1,0,1,0,1,0,1,1,0,0,0
1,-1.1987601143772668,0.18837400766937243,-0.9034782870907815,1,0,0,0,1,0,0,1,0,0,0,0,0,0,0,0,0,0,0,0,0,0,0,1,0,1,0
0,0.06430268518835193,-1.4734993575273791,-0.7102379325622924,0,0,0,0,1,0,0,0,1,1,0,1,0,1,0,1,0,1,0,1,0,0,0,0,0,0,1
0,-0.6690886177852331,0.853123353748073,-0.3709643420773424,0,1,1,1,1,0,1,1,0,0,0,0,0,0,1,0,0,0,1,0,0,0,0,1,0,0,0
0,0.8791819107145575,1.2852104286992283,1.480701794808659,1,0,0,0,1,0,1,1,0,0,1,0,0,0,1,0,0,0,1,0,1,1,0,1,0,0,0
1,0.7162060656093164,1.3184478960031634,1.2967263887849605,0,0,0,0,1,0,1,1,0,0,0,0,0,0,1,0,1,0,1,0,1,0,0,1,0,1,0
0,1.5718292524118322,1.3516853633070984,2.2095444105188506,0,1,1,0,1,0,0,1,0,0,0,0,1,0,1,0,1,0,1,0,1,0,1,1,0,1,0
0,-0.9135523854430948,0.32132387688511255,-0.654648241533549,1,0,0,0,1,0,1,1,0,0,0,0,0,0,0,0,0,0,0,0,0,0,0,1,0,1,0
0,-1.2802480369298874,-0.47637533840932816,-0.985098071537746,1,0,0,0,1,0,0,0,0,0,0,0,0,0,0,0,1,0,0,0,0,0,0,1,0,1,0
0,-0.5876006952326126,-1.373786955615574,-0.8200937505476663,0,1,0,0,1,0,1,0,1,1,0,1,0,1,0,1,0,1,0,1,0,1,0,0,0,0,1
0,-1.1580161531009565,-0.11076319806604285,-0.8973016547542544,0,1,0,0,1,0,0,0,0,0,0,0,0,0,0,0,1,0,1,0,0,0,0,1,0,1,0
0,1.0421577558197987,0.35456134418904756,0.9406876533865799,0,0,1,1,1,0,1,0,0,0,1,0,0,0,1,0,1,0,1,0,0,0,1,0,0,0,1
0,0.9606698332671781,1.1190230921795532,1.3179034139387675,0,0,1,0,1,0,1,1,0,0,1,0,0,0,0,0,0,0,1,0,1,1,0,1,0,1,0
0,-1.2395040756535771,0.5207486807087227,-0.9436263972782073,1,1,0,0,1,0,0,1,0,0,0,0,0,0,0,0,0,0,1,0,0,0,0,1,0,1,0
0,-0.01718523736426863,0.45427374610085264,0.07242962208049208,1,1,1,0,1,0,1,1,0,0,0,0,0,0,1,0,0,0,0,0,0,0,0,1,0,1,0
0,0.9606698332671781,-0.4099004038014581,0.2652287885849435,0,1,1,1,0,1,0,0,0,0,1,0,1,0,0,0,1,0,1,0,0,1,0,1,0,0,1
0,0.1457906077409725,0.6536985499244629,0.33846600057519277,1,1,0,0,1,0,1,1,0,0,0,0,0,0,0,0,0,0,0,0,1,0,0,1,0,1,0
0,-1.1580161531009565,-0.011050796154237758,-0.8955369026581038,0,0,0,0,1,0,1,0,0,0,0,0,0,0,0,0,1,0,1,0,0,0,0,1,0,0,1
0,0.8384379494382472,0.6869360172283978,0.9856888318384198,1,1,0,0,1,0,1,1,0,0,0,0,0,0,0,0,0,0,1,0,0,0,0,0,0,0,0
0,-0.9135523854430948,-0.6425626749290033,-0.8147994942592145,0,1,0,0,1,0,0,0,0,0,0,0,0,0,0,0,0,0,0,0,0,0,0,1,1,0,0
0,-1.1580161531009565,-1.1411246844880287,-0.9550972859031861,0,1,0,0,0,1,0,0,0,0,0,0,0,0,0,0,1,0,0,0,0,0,0,0,0,1,0
0,-1.2802480369298874,-1.506736824831314,-0.998774900282913,1,1,1,1,1,0,0,0,1,1,0,1,0,1,0,1,0,1,0,1,0,0,0,0,0,0,1
0,0.7569500268856267,0.1551365403654374,0.6027376269737429,0,0,1,0,1,0,0,1,0,0,0,0,0,0,0,0,0,0,0,0,0,0,0,0,0,0,1
1,-0.8320644628904743,1.1522605594834883,-0.4777318438944528,1,1,0,0,1,0,1,1,0,0,0,0,0,0,1,0,0,0,1,0,1,0,0,1,0,1,0
0,-1.076528230548336,-0.5096128057132632,-0.8946545266100285,0,0,0,0,0,1,0,0,0,0,0,0,0,0,0,0,1,0,1,0,1,1,0,1,0,0,1
0,1.24587756220135,-0.8419874787526135,0.04948784483053448,0,1,1,1,0,1,0,0,0,0,0,0,1,0,1,0,1,0,0,0,0,0,1,0,0,0,0
0,-1.2802480369298874,0.18837400766937243,-0.976274311056993,1,0,0,0,1,0,0,1,0,0,0,0,0,0,0,0,0,0,0,0,0,0,0,1,0,1,0
0,0.6347181430566958,1.3516853633070984,1.2354012534437275,0,0,1,0,1,0,1,1,0,0,0,0,1,0,0,0,1,0,1,0,1,0,0,1,1,0,0
0,-1.1172721918246462,0.5539861480126578,-0.835535331388984,1,0,0,0,1,0,0,1,0,0,0,0,0,0,0,0,0,0,1,0,0,0,0,1,1,0,0
0,0.10504664646466222,-1.4734993575273791,-0.7230323852593841,0,0,0,1,1,0,0,0,1,1,0,1,0,1,0,1,0,1,0,1,0,1,0,1,1,0,0
0,-1.076528230548336,0.6536985499244629,-0.7764161361679394,1,1,0,0,1,0,0,1,0,0,0,0,1,0,0,0,0,0,1,0,0,0,0,1,0,1,0
0,-1.2395040756535771,-1.506736824831314,-0.9899511398021601,0,1,0,0,1,0,0,0,1,1,0,1,0,1,0,1,0,1,0,1,0,0,0,0,0,0,1
0,0.7162060656093164,-1.506736824831314,-0.5708225169663962,0,0,0,0,1,0,0,0,1,1,0,1,0,1,0,1,0,1,0,1,0,1,0,0,0,0,0
0,0.02355872391204165,0.18837400766937243,0.05434091309494859,0,0,0,0,1,0,0,1,0,0,0,0,0,0,0,0,0,0,0,0,0,0,0,1,0,0,0
0,-0.05792919864057891,-1.4734993575273791,-0.72567951340361,0,1,0,0,1,0,0,0,1,1,0,1,0,1,0,1,0,1,0,1,0,0,1,0,0,0,1
0,-0.9542963467194051,-1.4734993575273791,-0.9228905601484378,0,0,1,1,1,0,0,0,1,1,0,1,0,1,0,1,0,1,0,1,0,0,1,0,0,0,1
0,0.8791819107145575,0.7201734845323329,0.9887771480066834,0,0,1,1,1,0,1,0,0,0,0,0,1,0,1,0,1,0,1,0,1,0,0,1,0,1,0
0,0.5532302205040753,1.0193106902677482,1.050543471371954,0,0,0,0,1,0,0,1,0,0,1,0,1,0,1,0,0,0,1,0,0,1,0,1,1,0,0
0,0.06430268518835193,1.2852104286992283,0.5237649706710042,0,1,0,1,1,0,1,1,0,0,1,0,1,0,0,0,0,0,1,0,1,1,0,1,0,1,0
0,1.5718292524118322,1.0857856248756181,2.0414517733605075,0,1,1,1,1,0,1,1,0,0,1,0,0,0,0,0,0,0,1,0,1,0,1,1,0,1,0
0,1.24587756220135,-0.044288263458172786,0.7637712557474837,0,0,1,1,1,0,0,0,0,0,1,0,1,0,1,0,1,0,0,0,0,0,1,0,0,0,1
0,0.7569500268856267,-1.340549488311639,-0.43890729777913995,0,0,0,0,1,0,1,0,1,1,0,1,0,1,0,1,0,1,0,1,0,0,1,0,0,0,0
1,-0.26164900502213034,0.819885886444138,-0.00257234200590778,1,0,0,0,1,0,1,1,0,0,0,0,1,0,0,0,0,0,1,0,0,0,0,1,0,1,0
0,1.2866215234776603,1.1522605594834883,1.8054161805003666,0,0,1,0,1,0,0,1,0,0,1,0,0,0,1,0,0,0,1,0,1,0,1,1,0,0,0
1,-1.2802480369298874,-1.340549488311639,-0.9965689601627248,1,0,1,0,0,1,0,0,0,0,0,0,0,0,0,0,0,0,0,0,0,0,0,1,0,1,0
1,1.1643896396487294,0.6869360172283978,1.3095208414820523,0,1,1,0,1,0,1,1,0,0,0,0,1,0,0,0,1,0,0,0,0,1,0,1,0,0,0
0,-0.7098325790615434,0.9860732229638132,-0.3431694965629707,0,0,0,0,1,0,0,1,0,0,0,0,0,0,1,0,0,0,1,0,1,0,0,1,1,0,0
0,1.2866215234776603,1.3516853633070984,2.038363457192244,1,1,0,0,1,0,1,1,0,0,0,0,1,0,0,0,1,0,1,0,1,1,0,1,1,0,0
0,-0.5876006952326126,-0.47637533840932816,-0.6043528067932573,0,0,0,0,1,0,1,0,0,0,0,0,0,0,0,0,0,0,0,0,0,0,0,1,0,1,0
0,1.0014137945434884,1.0193106902677482,1.4348182403087437,0,0,1,1,1,0,0,1,0,0,0,0,1,0,0,0,0,0,1,0,1,1,0,1,0,1,0
0,-0.7505765403378537,-0.11076319806604285,-0.6475892331489466,0,1,1,1,1,0,0,0,0,0,1,0,1,0,0,0,0,0,0,0,1,0,1,1,0,0,0
1,-0.5876006952326126,0.5207486807087227,-0.3846411708225094,0,1,0,0,1,0,1,1,0,0,0,0,1,0,0,0,0,0,0,0,0,0,0,1,1,0,0
1,1.6125732136881425,0.45427374610085264,1.464377837919266,0,0,1,0,1,0,1,1,0,0,1,0,0,0,0,0,0,0,0,0,0,0,1,0,0,0,0
0,1.5310852911355222,1.6508225690425138,2.6299965974267274,0,1,1,0,1,0,1,1,0,0,1,0,1,0,1,0,1,0,1,0,1,0,1,0,1,0,0
0,0.22727853029359305,-1.4734993575273791,-0.6802371469277324,0,0,0,0,1,0,0,0,1,1,0,1,0,1,0,1,0,1,0,1,0,0,1,0,0,0,1
0,1.4495973685829016,-0.07752573076210782,0.9230401324250741,0,1,1,1,1,0,0,0,0,0,1,0,1,0,1,0,1,0,0,0,0,0,1,0,1,0,0
0,-0.791320501614164,0.5207486807087227,-0.5624399445096809,1,1,0,0,1,0,0,1,0,0,0,0,0,0,0,0,0,0,0,0,1,0,0,1,0,1,0
1,1.3273654847539706,0.919598288355943,1.6258526547170447,0,1,1,0,1,0,1,1,0,0,1,0,1,0,0,0,0,0,1,0,0,0,1,1,1,0,0
0,-0.09867315991688919,1.1854980267874233,0.3587606496809245,0,0,0,0,1,0,1,1,0,0,0,0,0,0,1,0,0,0,1,0,1,0,0,0,0,1,0
0,0.7569500268856267,0.35456134418904756,0.7139170090312298,0,1,1,0,1,0,1,0,0,0,0,0,0,0,0,0,1,0,1,0,1,0,1,1,0,0,0
0,-0.05792919864057891,0.6536985499244629,0.14566683407074135,0,0,0,0,1,0,1,1,0,0,1,0,0,0,1,0,0,0,0,0,0,0,0,1,1,0,0
0,-0.9542963467194051,0.819885886444138,-0.6308240882355161,1,0,1,0,1,0,0,1,0,0,0,0,0,0,0,0,0,0,1,0,1,0,0,0,0,1,0
0,1.6125732136881425,0.4875112134047877,1.4904079313374872,0,0,1,1,1,0,1,0,0,0,1,0,1,0,1,0,1,0,0,0,1,0,1,1,0,0,0
0,-0.9135523854430948,0.2548489422772425,-0.6568541816537372,1,1,0,0,1,0,1,0,0,0,0,0,0,0,0,0,0,0,1,0,1,0,0,1,1,0,0
0,0.18653456901728277,-1.506736824831314,-0.7005317960334642,0,0,0,0,1,0,0,0,1,1,0,1,0,1,0,1,0,1,0,1,0,1,0,1,0,1,0
0,-1.2395040756535771,0.3877988114929826,-0.9365673888936049,1,0,0,0,1,0,0,0,0,0,0,0,0,0,1,0,1,0,1,0,1,0,0,0,0,1,0
0,0.9199258719908678,1.1854980267874233,1.4423184367173838,0,1,0,0,1,0,0,1,0,0,1,0,1,0,0,0,0,0,1,0,1,1,0,1,0,0,1
0,0.02355872391204165,1.0193106902677482,0.43773330598366317,0,1,0,1,1,0,1,1,0,0,1,0,0,0,1,0,0,0,0,0,1,0,0,1,0,0,0
0,0.5532302205040753,0.853123353748073,0.8617149970838412,0,0,1,1,1,0,0,1,0,0,0,0,0,0,1,0,1,0,0,0,1,1,0,0,0,0,0
0,-1.2802480369298874,-0.3434254691935881,-0.9833333194415954,0,0,0,1,1,0,0,0,0,0,1,0,0,0,0,0,1,0,0,0,0,0,0,0,0,1,0
1,-0.506112772679992,-0.11076319806604285,-0.4892027325194316,1,0,0,0,1,0,1,0,0,0,0,0,0,0,0,0,0,0,0,0,1,0,0,1,0,0,1
0,-0.9542963467194051,0.4875112134047877,-0.6802371469277324,1,1,1,0,1,0,0,1,0,0,0,0,1,0,1,0,0,0,0,0,0,0,0,1,0,1,0
1,-0.01718523736426863,1.052548157571683,0.32478917183002576,1,1,0,0,1,0,1,1,0,0,0,0,0,0,0,0,0,0,1,0,1,0,0,1,1,0,0
0,-0.5468567339563023,-0.5096128057132632,-0.5827345936154126,0,0,1,1,1,0,0,0,0,0,0,0,0,0,1,0,0,0,0,0,0,0,0,1,0,0,0
0,1.5310852911355222,0.022186671149697273,1.0924563336555302,1,0,1,0,1,0,1,0,0,0,1,0,0,0,1,0,1,0,0,0,0,0,1,0,1,0,0
0,1.1643896396487294,-1.3073120210077038,-0.34625781273123424,0,0,0,1,1,0,1,0,1,1,0,1,0,1,0,1,0,1,0,1,0,0,1,1,1,0,0
0,-0.26164900502213034,-0.6425626749290033,-0.4631726391012105,0,1,0,0,1,0,0,0,0,0,0,0,0,0,0,0,0,0,0,0,0,0,0,0,0,1,0
0,0.512486259227765,1.4181602979149686,1.1467224606121607,0,1,1,0,1,0,1,1,0,0,0,0,1,0,1,0,0,0,1,0,1,0,0,1,0,0,0
0,1.2051336009250397,0.819885886444138,1.3801109253280757,0,1,1,1,1,0,1,1,0,0,0,0,0,0,1,0,0,0,1,0,0,0,1,1,1,0,0
0,-1.2802480369298874,-1.506736824831314,-0.998774900282913,1,1,0,0,1,0,0,0,1,1,0,1,0,1,0,1,0,1,0,1,0,0,0,0,0,0,1
0,-1.1987601143772668,-0.6758001422329384,-0.9418616451820566,0,0,0,0,1,0,0,0,0,0,0,0,0,0,0,0,0,0,0,0,0,0,0,0,0,0,1
0,0.3495104141225239,1.2187354940913584,0.7267114617283215,0,0,1,1,1,0,1,1,0,0,1,0,1,0,1,0,0,0,0,0,1,1,0,1,0,0,0
0,1.4088534073065913,1.2852104286992283,2.034833952999943,0,1,1,1,1,0,0,1,0,0,0,0,1,0,1,0,1,0,1,0,1,0,1,0,0,0,0
0,-1.2802480369298874,0.6536985499244629,-0.970097678720466,1,1,0,0,1,0,1,1,0,0,0,0,0,0,0,0,0,0,1,0,0,0,0,1,0,0,1
0,1.5718292524118322,1.0193106902677482,2.0176276200624748,0,0,1,0,1,0,1,1,0,0,1,0,1,0,0,0,0,0,1,0,0,1,0,0,0,0,1
0,0.18653456901728277,0.35456134418904756,0.16552029515243544,0,0,1,1,1,0,0,0,0,0,1,0,1,0,0,0,0,0,1,0,1,1,0,0,0,0,0
0,1.1236456783724194,-0.11076319806604285,0.6543566257861475,0,1,1,0,1,0,0,0,0,0,1,0,1,0,0,0,1,0,0,0,0,0,1,1,0,0,1
1,-1.2802480369298874,0.1551365403654374,-0.9767154990810307,1,0,1,0,1,0,0,1,0,0,0,0,0,0,0,0,0,0,0,0,0,0,0,1,0,1,0
0,-1.076528230548336,-1.506736824831314,-0.950244217638772,0,0,0,0,1,0,0,0,1,1,0,1,0,1,0,1,0,1,0,1,0,0,0,0,1,0,0
0,-0.791320501614164,-1.1078872171840937,-0.854065228398565,1,0,0,0,0,1,0,0,0,0,0,0,1,0,0,0,0,0,0,0,0,0,0,1,0,1,0
0,-0.8728084241667845,-0.44313787110539316,-0.7508272307737558,0,0,1,1,1,0,0,0,0,0,1,0,0,0,0,0,0,0,0,0,0,0,0,0,0,0,0
0,-1.0357842692720256,-0.44313787110539316,-0.8509769122303016,1,1,0,0,1,0,0,0,0,0,1,0,0,0,0,0,0,0,0,0,0,0,0,1,0,0,1
0,-0.9135523854430948,0.7866484191402029,-0.5972937984086549,0,0,1,1,1,0,0,1,0,0,0,0,0,0,0,0,0,0,1,0,1,0,0,1,0,1,0
0,0.06430268518835193,-1.4734993575273791,-0.7075908044180665,0,1,1,0,1,0,0,0,1,1,0,1,0,1,0,1,0,1,0,1,0,0,1,0,1,0,0
0,1.2051336009250397,0.022186671149697273,0.6896516677091592,0,0,0,0,1,0,0,0,0,0,1,0,0,0,0,0,1,0,0,0,1,0,1,1,0,0,1
0,1.2866215234776603,0.18837400766937243,0.9693648749490269,0,1,1,0,1,0,1,0,0,0,0,0,1,0,0,0,1,0,0,0,1,1,0,1,0,0,1
0,-1.2802480369298874,-0.6758001422329384,-0.9877451996819718,1,0,1,1,1,0,0,0,0,0,0,0,0,0,0,0,0,0,0,0,0,0,0,1,0,0,0
0,-0.3023929662984406,-1.4734993575273791,-0.7870046487448428,0,1,0,0,1,0,0,0,1,1,0,1,0,1,0,1,0,1,0,1,0,0,1,1,0,0,1
0,-0.26164900502213034,-0.276950534585718,-0.32199247140916365,0,0,0,0,1,0,0,0,0,0,0,0,1,0,1,0,0,0,0,0,0,1,0,1,0,0,1
0,-0.9135523854430948,-1.506736824831314,-0.9105372954753838,0,1,0,1,1,0,0,0,1,1,0,1,0,1,0,1,0,1,0,1,0,1,0,1,0,0,0
0,0.8384379494382472,1.1190230921795532,1.335992122924311,0,0,0,0,1,0,1,1,0,0,1,0,1,0,1,0,0,0,1,0,0,1,0,0,0,0,1
0,-1.0357842692720256,0.4875112134047877,-0.7486212906535676,1,0,0,0,1,0,0,1,0,0,0,0,0,0,0,0,0,0,1,0,0,0,0,1,0,1,0
0,0.02355872391204165,0.4875112134047877,0.12934287718134846,0,1,0,0,1,0,0,1,0,0,0,0,1,0,1,0,0,0,0,0,0,0,0,1,1,0,0
1,1.5718292524118322,0.819885886444138,1.8318874619426255,0,0,1,0,1,0,0,1,0,0,0,0,1,0,1,0,0,0,0,0,1,0,1,0,1,0,0
0,-0.13941712119319946,0.32132387688511255,-0.1278697408325993,0,0,0,0,1,0,1,1,0,0,0,0,0,0,0,0,0,0,0,0,0,0,0,1,0,1,0
0,-0.3431369275747509,0.5539861480126578,-0.15875290251523455,0,1,1,1,1,0,1,0,0,0,1,0,0,0,0,0,1,0,1,0,1,0,0,0,0,0,0
0,-0.506112772679992,-0.5096128057132632,-0.5928819181682785,0,1,1,1,1,0,0,0,0,0,0,0,0,0,1,0,0,0,0,0,0,0,0,1,0,1,0
0,-1.2802480369298874,0.6536985499244629,-0.970097678720466,0,0,0,0,1,0,1,1,0,0,0,0,0,0,0,0,0,0,1,0,0,0,0,1,0,1,0
0,0.8791819107145575,-0.310188001889653,0.3569958975847739,1,1,0,1,1,0,1,0,0,0,0,0,1,0,0,0,0,0,0,0,0,0,0,1,1,0,0
1,-1.1172721918246462,0.6536985499244629,-0.8240644427640051,1,0,0,0,1,0,0,1,0,0,0,0,0,0,1,0,0,0,1,0,0,0,0,1,0,0,1
0,1.6125732136881425,0.6536985499244629,1.633794039149722,0,0,1,1,1,0,1,0,0,0,1,0,0,0,1,0,1,0,1,0,1,0,1,1,0,0,0
0,0.797693988161937,1.3849228306110335,1.4136412151549367,0,1,1,0,1,0,0,1,0,0,1,0,1,0,1,0,1,0,1,0,1,0,1,1,0,1,0
0,-0.9542963467194051,0.1551365403654374,-0.7199440690911206,0,0,0,0,1,0,0,1,0,0,0,0,0,0,0,0,0,0,0,0,0,0,0,0,0,1,0
0,-1.2802480369298874,-0.6425626749290033,-0.9873040116579342,0,0,0,0,1,0,0,0,0,0,0,0,0,0,0,0,0,0,0,0,0,0,0,1,0,0,1
1,-1.2802480369298874,0.2880864095811775,-0.9749507469848802,1,1,0,0,1,0,1,1,0,0,0,0,0,0,0,0,0,0,0,0,0,0,0,1,0,1,0
0,0.02355872391204165,0.2880864095811775,0.05389972507091094,1,1,1,1,1,0,0,0,0,0,0,0,0,0,1,0,1,0,1,0,1,1,0,1,0,0,1
0,0.9199258719908678,0.42103627879691763,0.9596587384201987,1,0,1,0,1,0,1,1,0,0,0,0,0,0,1,0,0,0,0,0,0,0,0,1,0,1,0
0,1.4903413298592119,1.1522605594834883,2.0176276200624748,0,1,1,1,1,0,1,1,0,0,0,0,0,0,0,0,1,0,1,0,1,0,1,1,0,1,0
0,-1.2802480369298874,-0.47637533840932816,-0.985098071537746,0,1,0,0,1,0,0,0,0,0,1,0,0,0,0,0,0,0,0,0,0,0,0,1,0,0,1
0,0.8791819107145575,0.7534109518362679,1.0818678210786268,0,1,0,0,1,0,1,0,0,0,1,0,0,0,1,0,1,0,1,0,1,0,1,0,0,0,0
0,0.02355872391204165,-1.4734993575273791,-0.7062672403459536,0,1,0,1,1,0,0,0,1,1,0,1,0,1,0,1,0,1,0,1,0,1,0,1,0,0,1
1,0.512486259227765,1.1190230921795532,0.989218336030721,0,1,1,0,1,0,1,1,0,0,0,0,1,0,1,0,1,0,1,0,0,1,0,1,0,0,0
0,-0.8728084241667845,-1.3073120210077038,-0.8655361170235438,0,0,0,1,0,1,0,0,0,0,0,0,0,0,0,0,0,0,0,0,0,0,0,0,0,1,0
0,-1.076528230548336,-0.310188001889653,-0.8593594846870168,0,1,0,0,1,0,0,0,0,0,1,0,1,0,0,0,0,0,0,0,0,0,0,1,0,0,0
0,-0.46536881140368175,0.022186671149697273,-0.37890572651002,0,1,0,0,1,0,0,0,0,0,1,0,0,0,1,0,0,0,1,0,0,0,0,0,0,0,0
0,1.3273654847539706,-1.3073120210077038,-0.23596080672182265,0,0,1,1,1,0,1,0,1,1,0,1,0,1,0,1,0,1,0,1,0,0,1,1,0,0,0
1,-1.076528230548336,0.6536985499244629,-0.798034349345784,1,0,1,0,1,0,1,1,0,0,0,0,0,0,0,0,0,0,0,0,1,0,0,1,0,1,0
0,-0.9950403079957154,0.6536985499244629,-0.7124438726824807,1,0,0,0,1,0,0,1,0,0,1,0,0,0,0,0,0,0,1,0,0,0,0,0,0,1,0
0,-0.8728084241667845,0.2880864095811775,-0.5986173624807679,1,1,0,0,1,0,0,1,0,0,0,0,0,0,0,0,1,0,0,0,0,0,0,1,0,1,0
0,0.4309983366751445,-1.340549488311639,-0.5319979708510832,0,1,1,1,1,0,1,0,1,1,0,1,0,1,0,1,0,1,0,1,0,0,1,0,0,0,1
0,0.6754621043330061,-0.44313787110539316,0.11390129634003084,1,1,1,1,0,1,0,0,0,0,0,0,1,0,0,0,0,0,1,0,1,1,0,1,0,0,0
1,-1.2802480369298874,-0.6093252076250683,-0.9868628236338965,1,0,1,0,1,0,0,0,0,0,0,0,0,0,0,0,0,0,0,0,0,0,0,0,0,1,0
1,-0.7098325790615434,0.4875112134047877,-0.49714411695210925,1,1,0,0,1,0,0,1,0,0,0,0,0,0,0,0,0,0,0,0,1,0,0,1,0,1,0
0,1.1236456783724194,-0.14400066536997788,0.622591088055437,0,1,1,1,1,0,0,0,0,0,1,0,1,0,1,0,0,0,0,0,0,0,1,0,0,0,0
0,-0.6283446565089229,-1.3073120210077038,-0.8386236475572474,0,1,0,0,0,1,0,0,0,0,0,0,0,0,0,0,0,0,0,0,0,0,0,0,1,0,0
1,-0.6690886177852331,0.22161147497330744,-0.49229104868769513,1,1,1,0,1,0,0,1,0,0,0,0,0,0,0,0,0,0,0,0,0,0,0,1,0,0,0
0,0.10504664646466222,-1.4734993575273791,-0.6780312068075443,0,1,1,1,1,0,0,0,1,1,0,1,0,1,0,1,0,1,0,1,0,1,0,0,0,0,0
1,0.4717422979514547,0.7866484191402029,0.7187700772956439,1,1,1,0,1,0,1,1,0,0,0,0,1,0,0,0,0,0,0,0,1,1,0,0,0,0,1
0,-0.8320644628904743,-1.1411246844880287,-0.8448002798937745,0,0,1,1,0,1,0,0,0,0,0,0,0,0,0,0,1,0,0,0,0,1,0,0,1,0,0
0,-1.2802480369298874,-1.4734993575273791,-0.9983337122588753,0,1,0,0,1,0,0,0,1,1,0,1,0,1,0,1,0,1,0,1,0,0,0,0,0,0,1
0,-0.18016108246950976,-0.1772381326739129,-0.2774324809813614,0,0,0,0,1,0,0,0,0,0,1,0,1,0,0,0,1,0,0,0,0,1,0,1,0,1,0
0,1.5310852911355222,-1.3073120210077038,-0.15125270610659458,0,1,1,0,1,0,1,0,1,1,0,1,0,1,0,1,0,1,0,1,0,0,1,0,0,0,0
0,-1.1172721918246462,-0.6093252076250683,-0.9096549194273085,1,0,0,1,1,0,0,0,0,0,0,0,0,0,0,0,0,0,0,0,0,0,0,0,0,0,1
0,-0.5876006952326126,1.2187354940913584,-0.21566615761609093,0,1,0,0,1,0,0,1,0,0,0,0,1,0,1,0,0,0,1,0,1,0,0,0,1,0,0
0,1.5310852911355222,0.3877988114929826,1.3262859863954828,0,1,1,0,1,0,1,0,0,0,1,0,0,0,0,0,1,0,1,0,1,0,1,1,1,0,0
0,-0.9542963467194051,-0.310188001889653,-0.7861222726967675,0,0,1,1,1,0,1,0,0,0,0,0,1,0,0,0,0,0,0,0,0,0,0,1,0,0,1
1,1.4088534073065913,0.919598288355943,1.7017369948515197,0,0,0,0,1,0,0,1,0,0,1,0,1,0,0,0,1,0,1,0,0,0,1,1,0,0,0
0,-1.2802480369298874,-0.5428502730171982,-0.9859804475858213,0,0,0,0,1,0,0,0,0,0,1,0,0,0,0,0,0,0,0,0,0,0,0,1,0,0,0
0,-0.5876006952326126,-1.506736824831314,-0.8708303733119956,0,0,1,1,1,0,0,0,1,1,0,1,0,1,0,1,0,1,0,1,0,0,1,0,0,0,1
0,-1.1580161531009565,-0.44313787110539316,-0.9184786799080614,1,1,0,0,1,0,1,0,0,0,0,0,0,0,0,0,0,0,0,0,0,0,0,0,1,0,0
1,1.5718292524118322,0.7201734845323329,1.7189433277889878,0,1,1,1,1,0,0,1,0,0,1,0,1,0,1,0,0,0,0,0,0,1,0,1,0,0,0
0,-0.09867315991688919,0.9860732229638132,0.24493413947921178,1,1,1,1,1,0,1,1,0,0,1,0,1,0,0,0,0,0,1,0,0,0,0,1,0,1,0
0,-1.2802480369298874,-0.310188001889653,-0.9828921314175577,0,1,1,0,1,0,0,0,0,0,1,0,0,0,1,0,0,0,0,0,0,0,0,0,0,0,1
0,0.9199258719908678,0.6536985499244629,1.0174543695691303,0,0,0,0,1,0,1,1,0,0,1,0,0,0,1,0,0,0,0,0,0,1,0,1,1,0,0
0,1.082901717096109,-0.011050796154237758,0.6406797970409804,0,1,0,0,1,0,0,0,0,0,0,0,0,0,1,0,1,0,1,0,0,0,0,1,0,1,0
0,-1.2802480369298874,0.18837400766937243,-0.976274311056993,1,0,0,0,1,0,0,1,0,0,0,0,0,0,0,0,0,0,0,0,0,0,0,1,0,0,1
0,-1.0357842692720256,0.1551365403654374,-0.796710785273671,0,0,1,0,1,0,0,1,0,0,0,0,0,0,0,0,0,0,0,0,0,0,0,1,0,0,0
0,0.512486259227765,-0.3434254691935881,0.11919555262848258,0,1,1,1,1,0,0,0,0,0,1,0,0,0,0,0,1,0,0,0,0,0,1,0,0,0,0
0,0.8791819107145575,-1.340549488311639,-0.41508314448110706,0,0,1,1,1,0,1,0,1,1,0,1,0,1,0,1,0,1,0,1,0,1,0,1,0,0,0
0,0.7569500268856267,-1.373786955615574,-0.47067283550985045,0,1,1,1,1,0,1,0,1,1,0,1,0,1,0,1,0,1,0,1,0,1,0,1,0,0,1
1,1.6125732136881425,1.3516853633070984,2.3361653734176553,0,0,1,0,1,0,1,1,0,0,0,0,1,0,1,0,0,0,1,0,1,1,0,0,1,0,0
0,0.4717422979514547,-0.1772381326739129,0.1412549538303649,0,1,1,0,1,0,0,0,0,0,1,0,1,0,0,0,1,0,0,0,0,1,0,1,0,0,0
0,-1.2395040756535771,-1.4734993575273791,-0.9886275757300471,0,1,0,0,1,0,0,0,1,1,0,1,0,1,0,1,0,1,0,1,0,0,0,0,0,0,1
0,1.368109446030281,0.919598288355943,1.6646772008323574,0,0,0,0,1,0,1,1,0,0,0,0,0,0,1,0,0,0,1,0,0,1,0,1,0,0,0
0,1.4495973685829016,-0.6758001422329384,0.3089064029646705,0,1,1,1,0,1,0,0,0,0,1,0,1,0,0,0,0,0,1,0,0,1,0,0,0,0,1
0,-0.05792919864057891,-1.4734993575273791,-0.70317892417769,0,0,0,0,1,0,0,0,1,1,0,1,0,1,0,1,0,1,0,1,0,0,1,0,1,0,0
1,-0.46536881140368175,1.0193106902677482,-0.11375172406339464,0,0,0,0,1,0,1,1,0,0,0,0,0,0,0,0,0,0,1,0,1,0,0,1,0,0,0
0,-0.46536881140368175,0.5207486807087227,-0.2364019947458603,0,1,0,1,1,0,1,1,0,0,1,0,0,0,0,0,0,0,0,0,0,0,0,0,0,1,0
0,0.9199258719908678,0.6869360172283978,1.0474551552036904,0,0,1,1,1,0,1,0,0,0,1,0,0,0,1,0,1,0,1,0,1,0,1,1,0,0,0
0,-0.9542963467194051,-1.0081748152722887,-0.876565817624485,1,1,0,0,0,1,0,0,0,0,0,0,0,0,0,0,0,0,1,0,0,0,0,1,1,0,0
1,1.5718292524118322,1.6840600363464486,2.5294057279461444,0,1,1,0,1,0,1,1,0,0,1,0,1,0,1,0,1,0,1,0,1,0,1,1,0,0,0
0,-1.2802480369298874,0.5539861480126578,-0.9714212427925789,1,0,0,0,1,0,0,1,0,0,0,0,0,0,0,0,0,0,0,0,1,0,0,1,0,1,0
0,-0.42462485012737144,-1.506736824831314,-0.8161230583313275,0,1,1,1,1,0,0,0,1,1,0,1,0,1,0,1,0,1,0,1,0,1,0,0,0,0,1
0,-1.2802480369298874,-1.4734993575273791,-0.9983337122588753,1,0,1,1,1,0,0,0,1,1,0,1,0,1,0,1,0,1,0,1,0,0,0,0,0,0,1
0,1.1643896396487294,1.3849228306110335,1.828799145774362,1,0,0,0,1,0,1,1,0,0,0,0,0,0,1,0,1,0,1,0,1,0,1,1,0,1,0
0,1.4088534073065913,0.7201734845323329,1.5883516726738447,0,0,1,0,1,0,1,0,0,0,0,0,1,0,1,0,1,0,1,0,1,0,1,0,0,0,0
1,-0.7505765403378537,0.45427374610085264,-0.5469983636683633,0,0,0,0,1,0,0,1,0,0,1,0,1,0,0,0,0,0,0,0,0,0,0,0,0,1,0
0,1.082901717096109,1.3849228306110335,1.751150053543736,1,1,1,0,1,0,1,1,0,0,1,0,1,0,1,0,1,0,1,0,0,0,0,1,0,1,0
1,-0.46536881140368175,0.7201734845323329,-0.1878713121017192,0,1,1,0,1,0,0,1,0,0,0,0,0,0,1,0,0,0,1,0,0,0,0,0,0,0,0
0,-1.1580161531009565,-0.7422750768408084,-0.9427440212301319,0,1,0,0,0,1,0,0,0,0,1,0,1,0,0,0,1,0,0,0,0,0,0,0,0,0,1
0,-1.1987601143772668,0.819885886444138,-0.9012723469705932,1,0,0,0,1,0,0,1,0,0,0,0,0,0,0,0,0,0,1,0,1,0,0,1,0,1,0
0,1.5310852911355222,-1.340549488311639,-0.24654931929872617,0,1,1,0,1,0,1,0,1,1,0,1,0,1,0,1,0,1,0,1,0,0,1,0,0,0,0
0,-1.1987601143772668,1.0857856248756181,-0.8681832451677698,1,0,0,0,1,0,0,1,0,0,0,0,1,0,0,0,1,0,1,0,1,0,0,1,0,1,0
1,-0.46536881140368175,-1.4734993575273791,-0.817887810427478,0,1,0,0,1,0,0,0,1,1,0,1,0,1,0,1,0,1,0,1,0,1,0,0,0,0,0
0,-0.506112772679992,-1.506736824831314,-0.8500945361822262,0,1,0,0,1,0,0,0,1,1,0,1,0,1,0,1,0,1,0,1,0,0,0,1,1,0,0
0,-0.42462485012737144,-1.4734993575273791,-0.7918577170092569,0,1,1,1,1,0,0,0,1,1,0,1,0,1,0,1,0,1,0,1,0,1,0,0,0,0,0
0,-1.2802480369298874,-0.310188001889653,-0.9828921314175577,1,1,0,0,1,0,0,0,0,0,0,0,0,0,0,0,0,0,0,0,1,0,0,1,0,0,1
0,1.24587756220135,-1.4734993575273791,-0.4344954175387635,0,0,0,0,1,0,0,0,1,1,0,1,0,1,0,1,0,1,0,1,0,0,1,1,0,0,1
0,1.5310852911355222,-1.506736824831314,-0.3992003756157518,0,0,1,1,1,0,0,0,1,1,0,1,0,1,0,1,0,1,0,1,0,0,1,0,0,0,0
0,-0.791320501614164,0.4875112134047877,-0.5778815253509985,1,1,0,0,1,0,0,1,0,0,0,0,1,0,1,0,0,0,0,0,0,0,0,1,0,1,0
0,-1.1172721918246462,0.5207486807087227,-0.8377412715091721,0,0,0,0,1,0,0,1,0,0,0,0,0,0,0,0,0,0,1,0,0,0,0,0,0,1,0
0,1.6125732136881425,1.7172975036503837,2.761911816613984,0,0,1,1,1,0,1,1,0,0,1,0,1,0,1,0,1,0,1,0,1,0,1,1,1,0,0
0,-0.791320501614164,-1.1078872171840937,-0.835535331388984,0,0,0,0,0,1,0,0,0,0,0,0,1,0,0,0,0,0,0,0,0,0,0,1,0,1,0
0,1.1643896396487294,0.9860732229638132,1.5212910930201224,0,1,1,0,1,0,0,1,0,0,0,0,1,0,1,0,1,0,0,0,1,0,0,0,1,0,0
0,-1.2802480369298874,-1.4734993575273791,-0.9983337122588753,0,1,0,0,1,0,0,0,1,1,0,1,0,1,0,1,0,1,0,1,0,0,0,0,0,1,0
1,0.9606698332671781,0.3877988114929826,0.8789213300213095,0,0,1,0,1,0,1,1,0,0,0,0,0,0,0,0,1,0,0,0,0,0,0,1,0,0,0
0,-1.1580161531009565,-1.4734993575273791,-0.970097678720466,0,0,0,0,1,0,0,0,1,1,0,1,0,1,0,1,0,1,0,1,0,0,0,0,0,0,1
0,0.10504664646466222,-0.310188001889653,-0.1583117144911969,0,1,0,0,1,0,1,0,0,0,1,0,0,0,0,0,0,0,0,0,0,0,1,0,0,0,1
0,-0.5876006952326126,-0.8419874787526135,-0.712002684658443,1,0,1,0,0,1,0,0,0,0,0,0,0,0,1,0,0,0,1,0,0,0,0,1,0,1,0
0,1.6125732136881425,0.5872236153165927,1.5446740582941176,0,1,1,0,1,0,1,0,0,0,0,0,1,0,1,0,0,0,1,0,1,0,1,0,0,0,0
1,0.6754621043330061,1.2852104286992283,1.2720198594388523,0,0,0,0,1,0,1,1,0,0,1,0,1,0,1,0,1,0,0,0,1,1,0,0,0,0,0
0,0.4717422979514547,1.0193106902677482,0.7840659048532155,0,0,1,0,1,0,1,1,0,0,1,0,1,0,1,0,1,0,0,0,0,0,0,1,1,0,0
1,-1.1987601143772668,0.6204610826205278,-0.8893602703215767,1,0,1,0,1,0,0,1,0,0,0,0,0,0,0,0,1,0,1,0,0,0,0,1,0,0,1
0,0.18653456901728277,1.0193106902677482,0.5511186281613383,0,0,1,1,1,0,1,1,0,0,0,0,1,0,1,0,0,0,0,0,1,0,0,1,0,1,0
0,1.1643896396487294,0.4875112134047877,1.1608404773813654,0,1,1,0,1,0,1,0,0,0,0,0,1,0,1,0,0,0,1,0,1,1,0,1,0,1,0
0,1.5310852911355222,0.32132387688511255,1.3377568750204616,0,1,1,0,1,0,1,0,0,0,1,0,0,0,1,0,1,0,0,0,1,0,1,1,1,0,0
1,-1.2802480369298874,0.1551365403654374,-0.9767154990810307,1,0,0,0,1,0,0,1,0,0,0,0,0,0,0,0,0,0,0,0,0,0,0,1,0,1,0
0,0.3495104141225239,-1.4734993575273791,-0.6652367541104525,0,0,0,0,1,0,0,0,1,1,0,1,0,1,0,1,0,1,0,1,0,0,0,0,0,1,0
0,1.5310852911355222,0.45427374610085264,1.3951113181453556,0,1,1,1,1,0,1,0,0,0,1,0,1,0,1,0,1,0,0,0,1,1,0,0,0,0,0
0,-1.2802480369298874,-0.3766629364975231,-0.9837745074656331,1,0,0,0,1,0,0,0,0,0,0,0,0,0,0,0,0,0,1,0,0,0,0,1,0,0,1
0,0.7569500268856267,-1.506736824831314,-0.5628811325337185,0,1,0,0,1,0,0,0,1,1,0,1,0,1,0,1,0,1,0,1,0,1,0,0,0,1,0
0,0.3902543753988342,-1.4734993575273791,-0.639647848716269,0,0,1,1,1,0,0,0,1,1,0,1,0,1,0,1,0,1,0,1,0,0,1,0,0,0,1
0,1.5310852911355222,0.9528357556598781,1.8954185374040466,1,0,1,1,1,0,1,1,0,0,1,0,1,0,1,0,1,0,0,0,0,0,1,0,0,0,0
0,0.6347181430566958,-1.506736824831314,-0.5642046966058315,0,1,0,0,1,0,0,0,1,1,0,1,0,1,0,1,0,1,0,1,0,1,0,0,0,0,0
0,1.4495973685829016,1.6175851017385787,2.4588156441001208,1,1,1,1,1,0,1,1,0,0,1,0,1,0,1,0,1,0,1,0,1,0,1,1,0,1,0
0,0.6347181430566958,-1.340549488311639,-0.4852320403030928,0,0,0,0,1,0,1,0,1,1,0,1,0,1,0,1,0,1,0,1,0,0,1,0,1,0,0
1,-0.26164900502213034,0.6536985499244629,-0.050220648601973575,1,0,1,0,1,0,0,1,0,0,0,0,1,0,0,0,0,0,0,0,1,0,0,0,0,1,0
0,-0.8728084241667845,0.5207486807087227,-0.6118530032018973,1,1,1,0,1,0,1,1,0,0,0,0,1,0,0,0,0,0,0,0,0,0,0,1,0,0,0
0,-1.2802480369298874,-1.506736824831314,-0.998774900282913,1,1,0,0,1,0,0,0,1,1,0,1,0,1,0,1,0,1,0,1,0,0,0,1,0,0,1
0,-0.22090504374582004,-1.506736824831314,-0.7861222726967675,0,0,0,0,1,0,0,0,1,1,0,1,0,1,0,1,0,1,0,1,0,1,0,0,0,0,1
1,0.5532302205040753,0.8863608210520081,0.8131843144397002,0,0,0,0,1,0,0,1,0,0,0,0,1,0,1,0,0,0,1,0,0,1,0,1,0,0,0
0,-1.2802480369298874,-0.5096128057132632,-0.9855392595617837,1,1,0,0,1,0,0,0,0,0,0,0,0,0,1,0,0,0,0,0,0,0,0,1,0,0,1
0,0.5532302205040753,-0.3434254691935881,0.07816506639298149,1,0,0,0,1,0,0,0,0,0,0,0,0,0,1,0,1,0,0,0,0,0,1,0,1,0,0
0,-0.3023929662984406,-1.506736824831314,-0.796710785273671,0,1,1,1,1,0,0,0,1,1,0,1,0,1,0,1,0,1,0,1,0,0,0,1,0,0,1
0,-1.1580161531009565,0.7866484191402029,-0.8439179038456992,1,1,0,0,1,0,0,1,0,0,0,0,0,0,0,0,0,0,1,0,1,0,0,1,0,1,0
0,-0.791320501614164,-1.506736824831314,-0.890242646369652,0,1,0,0,1,0,0,0,1,1,0,1,0,1,0,1,0,1,0,1,0,0,1,0,0,0,1
0,-0.05792919864057891,0.35456134418904756,0.06228229752762622,0,1,1,0,1,0,0,0,0,0,1,0,1,0,1,0,1,0,0,0,1,1,0,1,1,0,0
0,-0.38388088885106114,0.6204610826205278,-0.19140081629402037,0,0,1,1,1,0,1,1,0,0,0,0,0,0,0,0,0,0,1,0,0,0,0,1,0,1,0
0,-1.2395040756535771,-1.506736824831314,-0.9802450032733319,0,0,0,0,1,0,0,0,1,1,0,1,0,1,0,1,0,1,0,1,0,0,0,0,0,0,1
0,1.3273654847539706,-1.2740745537037688,-0.25802020792370495,0,0,0,0,1,0,1,0,1,1,0,1,0,1,0,1,0,1,0,1,0,0,1,0,0,0,0
1,-0.42462485012737144,0.853123353748073,-0.16448834682772395,1,1,0,0,1,0,1,1,0,0,0,0,0,0,0,0,1,0,1,0,0,0,0,1,0,0,0
0,0.9199258719908678,-1.506736824831314,-0.5668518247500574,0,0,1,1,1,0,0,0,1,1,0,1,0,1,0,1,0,1,0,1,0,1,0,0,1,0,0
0,-0.9542963467194051,0.9860732229638132,-0.6145001313461231,1,1,1,0,1,0,0,1,0,0,0,0,1,0,1,0,1,0,1,0,0,0,0,1,0,0,1
0,-1.0357842692720256,0.1551365403654374,-0.7737690080237134,1,1,1,1,1,0,0,1,0,0,0,0,0,0,0,0,0,0,0,0,0,0,0,1,0,0,0
0,0.10504664646466222,-0.8087500114486784,-0.3969944354955635,0,0,1,1,0,1,0,0,0,0,0,0,0,0,0,0,1,0,1,0,0,1,0,0,0,0,1
0,-1.076528230548336,0.5207486807087227,-0.7896517768890687,0,1,0,0,1,0,0,0,0,0,1,0,0,0,1,0,1,0,1,0,1,0,1,1,0,0,1
0,-1.2802480369298874,-0.5428502730171982,-0.9859804475858213,1,0,0,0,1,0,0,0,0,0,1,0,0,0,0,0,0,0,0,0,0,0,0,1,1,0,0
0,-0.6283446565089229,0.18837400766937243,-0.4746435277261893,0,1,0,0,1,0,0,1,0,0,0,0,0,0,0,0,0,0,0,0,0,0,0,1,0,1,0
0,-0.9135523854430948,-0.14400066536997788,-0.7587686152064335,0,1,1,1,1,0,0,0,0,0,0,0,0,0,1,0,0,0,1,0,0,0,0,0,0,0,1
0,-0.7098325790615434,-0.310188001889653,-0.6259710199711019,0,1,0,1,1,0,0,0,0,0,0,0,0,0,1,0,1,0,0,0,0,1,0,0,1,0,0
1,0.3087664528462136,-0.310188001889653,-0.07669193004423235,1,0,0,0,0,1,0,0,0,0,1,0,1,0,0,0,0,0,1,0,1,0,0,1,0,1,0
0,-0.791320501614164,-0.3434254691935881,-0.6978846678892383,0,0,1,1,1,0,0,0,0,0,1,0,0,0,0,0,1,0,0,0,0,1,0,0,0,0,0
0,-0.13941712119319946,0.5207486807087227,-0.007866598294359536,1,1,1,0,1,0,1,1,0,0,0,0,1,0,0,0,0,0,0,0,0,0,0,1,0,0,0
0,-1.1987601143772668,0.35456134418904756,-0.9100961074513462,1,0,0,0,1,0,1,1,0,0,0,0,0,0,0,0,0,0,0,0,0,0,0,1,0,1,0
1,1.0421577558197987,1.1854980267874233,1.5292324774528,0,0,1,0,1,0,1,1,0,0,0,0,0,0,0,0,1,0,1,0,1,0,0,1,0,0,0
0,0.512486259227765,-0.07752573076210782,0.22640424246963062,0,0,0,0,1,0,0,0,0,0,1,0,1,0,0,0,1,0,0,0,0,1,0,1,1,0,0
0,1.6125732136881425,0.18837400766937243,1.2715786714148145,0,0,1,1,1,0,1,0,0,0,1,0,1,0,1,0,1,0,0,0,0,0,1,1,0,0,0
0,1.4495973685829016,0.6869360172283978,1.5058495121788047,0,1,1,1,1,0,1,1,0,0,1,0,1,0,0,0,0,0,0,0,0,1,0,1,0,0,0
0,-1.2802480369298874,-1.4734993575273791,-0.9983337122588753,1,1,0,0,1,0,0,0,1,1,0,1,0,1,0,1,0,1,0,1,0,0,0,1,0,0,0
0,0.22727853029359305,-0.3434254691935881,-0.09125113483747468,0,0,1,1,1,0,0,0,0,0,1,0,1,0,0,0,0,0,0,0,0,0,0,0,0,1,0
0,-1.2395040756535771,-1.4734993575273791,-0.9877451996819718,0,1,0,0,1,0,0,0,1,1,0,1,0,1,0,1,0,1,0,1,0,0,0,0,0,0,1
0,-0.8728084241667845,-1.4734993575273791,-0.9123020475715343,0,1,0,0,1,0,0,0,1,1,0,1,0,1,0,1,0,1,0,1,0,0,0,0,0,0,1
1,-0.506112772679992,0.8863608210520081,-0.18698893605364392,0,0,1,0,1,0,0,1,0,0,0,0,0,0,0,0,0,0,1,0,1,1,0,1,0,0,0
0,1.6125732136881425,1.3184478960031634,2.2885170668215893,0,1,1,0,1,0,1,1,0,0,0,0,1,0,1,0,0,0,1,0,1,0,1,1,0,0,0
0,-1.1987601143772668,0.32132387688511255,-0.9061254152350073,1,0,1,0,1,0,1,1,0,0,0,0,0,0,0,0,0,0,0,0,0,0,0,1,1,0,0
0,-0.38388088885106114,1.3184478960031634,0.08257694663335795,1,1,0,0,1,0,1,1,0,0,0,0,0,0,1,0,1,0,1,0,1,0,0,1,0,0,1
0,0.3087664528462136,-0.44313787110539316,-0.08419212645287234,0,1,0,0,1,0,0,0,0,0,0,0,0,0,0,0,1,0,0,0,0,0,0,1,0,1,0
1,1.2051336009250397,0.819885886444138,1.4762899145682824,0,1,1,0,1,0,1,1,0,0,0,0,1,0,0,0,0,0,0,0,1,0,0,1,0,0,0
0,-0.42462485012737144,-1.4734993575273791,-0.8002402894659723,0,0,0,1,1,0,0,0,1,1,0,1,0,1,0,1,0,1,0,1,0,0,0,1,0,1,0
0,-0.8728084241667845,-0.011050796154237758,-0.6837666511200337,0,0,0,0,1,0,0,0,0,0,1,0,0,0,1,0,0,0,0,0,1,0,0,0,0,0,0
1,-1.0357842692720256,0.32132387688511255,-0.7931812810813699,0,1,1,0,1,0,1,1,0,0,0,0,0,0,0,0,0,0,0,0,0,0,0,1,0,1,0
0,-0.791320501614164,1.052548157571683,-0.45831957083679636,1,0,0,0,1,0,1,1,0,0,1,0,1,0,0,0,0,0,1,0,0,0,0,1,0,1,0
1,-1.2802480369298874,-1.4734993575273791,-0.9983337122588753,1,1,0,0,1,0,0,0,1,1,0,1,0,1,0,1,0,1,0,1,0,0,0,0,0,0,1
0,0.2680224915699033,1.2852104286992283,0.7549474952667309,1,0,0,0,1,0,1,1,0,0,0,0,1,0,1,0,0,0,1,0,1,0,0,1,0,1,0
0,-1.1987601143772668,-1.3073120210077038,-0.9727448068646919,0,1,1,0,0,1,0,0,0,0,0,0,0,0,0,0,0,0,0,0,0,0,0,0,0,0,1
0,1.0421577558197987,-1.4734993575273791,-0.5081738175530504,0,1,0,0,1,0,0,0,1,1,0,1,0,1,0,1,0,1,0,1,0,0,1,0,1,0,0
0,-1.076528230548336,-1.2740745537037688,-0.9259788763167014,0,1,0,1,1,0,1,0,1,1,0,1,0,1,0,1,0,1,0,1,0,0,0,0,0,0,1
0,-1.2802480369298874,-1.506736824831314,-0.998774900282913,1,0,1,1,1,0,0,0,1,1,0,1,0,1,0,1,0,1,0,1,0,0,0,1,0,1,0
0,-0.42462485012737144,-0.3434254691935881,-0.487437980423281,0,0,1,0,1,0,0,0,0,0,0,0,1,0,1,0,0,0,0,0,0,0,0,1,0,0,1
0,-0.7505765403378537,-0.6093252076250683,-0.7128850607065182,1,1,1,0,0,1,0,0,0,0,0,0,0,0,0,0,0,0,1,0,1,0,0,0,0,1,0
0,1.2866215234776603,0.853123353748073,1.4762899145682824,0,1,1,1,1,0,1,1,0,0,0,0,0,0,1,0,0,0,0,0,1,1,0,0,1,0,0
0,-1.2802480369298874,-1.506736824831314,-0.998774900282913,1,1,0,0,1,0,0,0,1,1,0,1,0,1,0,1,0,1,0,1,0,0,0,0,0,1,0
0,-1.076528230548336,-1.4734993575273791,-0.9590679781195248,0,1,0,0,1,0,0,0,1,1,0,1,0,1,0,1,0,1,0,1,0,0,0,0,0,0,1
0,-1.2802480369298874,0.4875112134047877,-0.9723036188406543,1,1,0,0,1,0,0,1,0,0,0,0,0,0,0,0,0,0,0,0,1,0,0,0,0,1,0
0,0.2680224915699033,-1.3073120210077038,-0.5844993457115631,0,1,0,1,1,0,1,0,1,1,0,1,0,1,0,1,0,1,0,1,0,1,0,0,0,0,0
0,-0.506112772679992,-1.506736824831314,-0.8293586990524568,0,0,0,0,1,0,0,0,1,1,0,1,0,1,0,1,0,1,0,1,0,1,0,0,0,0,1
0,-1.2802480369298874,0.35456134418904756,-0.9740683709368049,1,1,0,0,1,0,0,1,0,0,0,0,0,0,0,0,1,0,0,0,0,0,0,1,0,1,0
0,-1.2802480369298874,0.3877988114929826,-0.9736271829127672,1,1,1,0,1,0,0,1,0,0,0,0,0,0,1,0,0,0,0,0,0,0,0,0,0,1,0
0,1.2866215234776603,0.0554241384536323,0.9305403288337141,0,1,1,0,1,0,1,0,0,0,1,0,0,0,0,0,0,0,1,0,0,1,0,1,1,0,0
0,-1.2802480369298874,-1.506736824831314,-0.998774900282913,1,1,0,1,1,0,0,0,1,1,0,1,0,1,0,1,0,1,0,1,0,0,0,0,0,0,1
0,0.5532302205040753,0.1551365403654374,0.39052618741163503,0,0,1,0,1,0,0,0,0,0,0,0,1,0,0,0,0,0,1,0,1,0,0,1,1,0,0
1,-0.18016108246950976,-0.8419874787526135,-0.523615398394368,0,0,1,1,0,1,0,0,0,0,0,0,1,0,0,0,0,0,0,0,1,1,0,1,0,1,0
0,0.02355872391204165,-1.4734993575273791,-0.712002684658443,0,0,1,0,1,0,0,0,1,1,0,1,0,1,0,1,0,1,0,1,0,0,0,0,0,0,1
0,0.2680224915699033,-0.1772381326739129,0.026546067580576874,0,1,1,1,1,0,0,0,0,0,1,0,1,0,1,0,0,0,0,0,0,1,0,0,0,1,0
0,0.3902543753988342,0.6536985499244629,0.5758251575074465,1,0,1,0,1,0,1,1,0,0,0,0,0,0,1,0,1,0,0,0,0,0,0,1,0,1,0
0,-1.2802480369298874,-0.5428502730171982,-0.9859804475858213,0,0,0,0,1,0,0,0,0,0,0,0,1,0,0,0,0,0,0,0,0,0,0,1,0,1,0
0,-1.0357842692720256,0.4875112134047877,-0.776857324191977,1,0,0,0,1,0,0,1,0,0,0,0,0,0,0,0,0,0,1,0,0,0,0,1,0,1,0
1,1.5310852911355222,1.3516853633070984,2.306605775807133,0,1,1,0,1,0,0,1,0,0,1,0,1,0,1,0,0,0,1,0,1,0,1,0,1,0,0
0,1.3273654847539706,-1.3073120210077038,-0.2461081312746885,0,1,0,0,1,0,1,0,1,1,0,1,0,1,0,1,0,1,0,1,0,0,1,1,0,0,0
0,-1.2802480369298874,-0.5096128057132632,-0.9855392595617837,0,1,0,0,1,0,0,0,0,0,1,0,0,0,0,0,0,0,0,0,0,0,0,0,0,1,0
0,-0.5876006952326126,0.9860732229638132,-0.2611085240919685,0,1,1,0,1,0,1,1,0,0,0,0,0,0,0,0,0,0,1,0,1,0,0,1,0,1,0
0,-0.3431369275747509,0.9528357556598781,-0.015366794702999521,0,1,1,0,1,0,1,1,0,0,0,0,0,0,0,0,0,0,1,0,1,0,0,1,0,1,0
0,1.24587756220135,0.22161147497330744,0.9689236869249893,0,1,0,0,1,0,1,0,0,0,1,0,0,0,1,0,1,0,0,0,1,0,1,1,0,0,0
0,0.4717422979514547,0.42103627879691763,0.5242061586950418,0,0,0,1,1,0,1,0,0,0,0,0,1,0,0,0,0,0,1,0,1,1,0,1,0,0,1
0,-1.1580161531009565,-1.506736824831314,-0.9793626272252566,0,1,0,0,1,0,0,0,1,1,0,1,0,1,0,1,0,1,0,1,0,0,0,1,0,1,0
0,-1.2802480369298874,0.18837400766937243,-0.976274311056993,1,0,0,0,1,0,0,1,0,0,0,0,0,0,0,0,0,0,0,0,0,0,0,1,0,1,0
0,0.18653456901728277,1.0193106902677482,0.4549396389211314,0,0,1,1,1,0,1,1,0,0,0,0,0,0,0,0,0,0,1,0,1,0,0,1,0,1,0
1,-0.9135523854430948,0.6536985499244629,-0.6255298319470642,1,0,0,0,1,0,0,1,0,0,0,0,0,0,1,0,0,0,0,0,1,0,0,1,1,0,0
0,0.06430268518835193,-1.3073120210077038,-0.6312652762595536,0,1,0,0,0,1,0,0,0,0,0,0,0,0,0,0,0,0,0,0,0,0,0,1,0,0,0
0,0.10504664646466222,-0.3766629364975231,-0.15566458634697103,0,1,1,0,0,1,0,0,0,0,1,0,0,0,1,0,0,0,1,0,1,1,0,0,1,0,0
0,-1.1580161531009565,-1.4734993575273791,-0.9670093625522025,0,0,1,0,1,0,0,0,1,1,0,1,0,1,0,1,0,1,0,1,0,0,0,0,0,1,0
1,0.2680224915699033,1.2187354940913584,0.7350940341850367,0,0,1,0,1,0,1,1,0,0,0,0,0,0,0,0,1,0,1,0,1,0,0,1,0,1,0
1,0.4309983366751445,1.1854980267874233,0.8917157827184012,0,1,1,0,1,0,0,1,0,0,0,0,1,0,1,0,0,0,1,0,1,1,0,1,0,0,0
0,-0.6283446565089229,-1.340549488311639,-0.826711570908231,1,0,1,1,1,0,1,0,1,1,0,1,0,1,0,1,0,1,0,1,0,0,0,0,0,0,1
0,1.1643896396487294,-1.3073120210077038,-0.321551283385126,0,0,1,0,1,0,1,0,1,1,0,1,0,1,0,1,0,1,0,1,0,0,1,0,0,0,0
0,0.6754621043330061,0.22161147497330744,0.5246473467190795,0,0,1,0,1,0,1,0,0,0,1,0,1,0,1,0,0,0,0,0,1,1,0,0,0,1,0
0,-1.1580161531009565,-1.506736824831314,-0.9555384739272237,0,1,0,0,1,0,0,0,1,1,0,1,0,1,0,1,0,1,0,1,0,1,0,0,0,0,1
0,1.2866215234776603,-0.5096128057132632,0.40905608442121616,0,0,1,1,0,1,0,0,0,0,0,0,1,0,1,0,1,0,0,0,1,0,1,0,0,1,0
0,-1.1987601143772668,0.1551365403654374,-0.9158315517638356,0,1,0,0,1,0,0,1,0,0,0,0,0,0,0,0,0,0,0,0,0,0,0,1,0,0,1
0,-1.2802480369298874,-1.506736824831314,-0.998774900282913,0,1,1,1,1,0,0,0,1,1,0,1,0,1,0,1,0,1,0,1,0,0,0,0,0,1,0
0,0.3087664528462136,0.5207486807087227,0.37464341854627975,0,1,1,0,1,0,0,1,0,0,0,0,1,0,1,0,0,0,0,0,0,1,0,0,0,1,0
0,-1.2802480369298874,-0.14400066536997788,-0.9806861912973696,1,0,0,1,1,0,0,0,0,0,1,0,1,0,0,0,1,0,0,0,0,0,0,1,0,1,0
0,-0.9950403079957154,0.7201734845323329,-0.7208264451391959,1,1,0,0,1,0,1,1,0,0,0,0,0,0,0,0,0,0,0,0,1,0,0,1,0,1,0
1,-1.2802480369298874,-1.4734993575273791,-0.9983337122588753,1,0,1,0,1,0,0,0,1,1,0,1,0,1,0,1,0,1,0,1,0,0,0,1,0,0,1
1,0.06430268518835193,-0.011050796154237758,-0.07801549411634529,0,0,1,0,1,0,0,0,0,0,0,0,0,0,1,0,1,0,1,0,0,1,0,0,0,0,0
0,-1.2802480369298874,-0.9749373479683536,-0.9917158918983107,0,0,1,0,0,1,0,0,0,0,0,0,0,0,0,0,0,0,0,0,1,0,0,0,0,1,0
0,0.2680224915699033,-0.47637533840932816,-0.11992835639992168,1,0,0,0,0,1,0,0,0,0,0,0,0,0,1,0,0,0,1,0,1,0,0,1,0,1,0
1,1.0421577558197987,1.3516853633070984,1.7304142164139666,1,0,1,0,1,0,0,1,0,0,1,0,1,0,0,0,1,0,1,0,1,1,0,1,1,0,0
0,0.512486259227765,-1.506736824831314,-0.6087646870336337,0,1,1,1,1,0,0,0,1,1,0,1,0,1,0,1,0,1,0,1,0,0,1,0,0,1,0
1,-1.076528230548336,0.6869360172283978,-0.7852398966486922,1,1,0,0,1,0,0,1,0,0,1,0,0,0,0,0,0,0,1,0,0,0,0,1,0,0,0
0,0.4309983366751445,0.853123353748073,0.7055344365745144,0,1,0,0,1,0,0,1,0,0,1,0,1,0,1,0,1,0,0,0,0,1,0,1,1,0,0
0,0.3495104141225239,-1.4734993575273791,-0.6193531996105373,0,1,1,1,1,0,0,0,1,1,0,1,0,1,0,1,0,1,0,1,0,0,1,1,0,0,1
0,-1.1172721918246462,0.32132387688511255,-0.8381824595332098,0,1,0,0,1,0,0,1,0,0,0,0,1,0,0,0,0,0,0,0,0,0,0,1,0,1,0
0,1.6125732136881425,-0.11076319806604285,0.9296579527856388,0,1,0,0,0,1,0,0,0,0,1,0,0,0,1,0,1,0,1,0,1,0,1,1,1,0,0
0,-1.1580161531009565,-1.506736824831314,-0.9771566871050683,0,1,0,0,1,0,0,0,1,1,0,1,0,1,0,1,0,1,0,1,0,1,0,0,0,0,1
0,-0.9542963467194051,-0.3434254691935881,-0.8077404858746122,0,1,1,1,1,0,0,0,0,0,0,0,1,0,0,0,1,0,0,0,0,0,0,0,0,0,1
1,1.6125732136881425,0.2880864095811775,1.3439335073569887,0,1,1,0,1,0,1,0,0,0,0,0,0,0,1,0,0,0,1,0,1,0,1,1,1,0,0
0,0.02355872391204165,-0.44313787110539316,-0.23154892648144618,0,0,1,0,1,0,0,0,0,0,0,0,0,0,0,0,1,0,0,0,0,1,0,1,0,0,1
0,1.6125732136881425,0.5207486807087227,1.5239382211643482,0,0,1,0,1,0,1,1,0,0,1,0,0,0,0,0,0,0,0,0,0,0,1,0,0,0,0
0,-0.42462485012737144,-0.3434254691935881,-0.4989088690482598,1,1,1,0,1,0,0,0,0,0,1,0,0,0,0,0,1,0,0,0,0,0,0,1,0,1,0
0,1.5310852911355222,1.4846352325228385,2.3785194237252694,1,0,1,0,1,0,1,1,0,0,0,0,1,0,1,0,1,0,1,0,1,1,0,1,0,1,0
0,-0.46536881140368175,1.3184478960031634,-0.05551490489042533,1,1,1,1,1,0,1,1,0,0,0,0,1,0,1,0,0,0,1,0,1,0,0,0,0,1,0
0,-0.7098325790615434,0.6869360172283978,-0.4693492714377375,0,1,0,0,1,0,0,1,0,0,0,0,0,0,1,0,0,0,1,0,0,0,0,0,0,1,0
1,-0.13941712119319946,0.4875112134047877,0.05787041728724976,0,1,1,0,1,0,1,1,0,0,0,0,0,0,0,0,1,0,0,0,0,0,0,1,0,1,0
0,-0.7098325790615434,0.3877988114929826,-0.4975853049761469,0,0,1,1,1,0,0,0,0,0,0,0,1,0,1,0,1,0,1,0,1,0,0,0,0,0,0
1,1.5718292524118322,1.3516853633070984,2.322929732696526,1,1,1,1,1,0,1,1,0,0,1,0,1,0,0,0,0,0,1,0,1,0,0,1,1,0,0
1,1.6125732136881425,-1.3073120210077038,-0.20904833725552624,0,1,0,0,1,0,1,0,1,1,0,1,0,1,0,1,0,1,0,1,0,0,1,0,0,0,0
0,-0.5468567339563023,0.7201734845323329,-0.3171394031447496,0,0,1,0,1,0,1,1,0,0,0,0,0,0,0,0,0,0,1,0,0,0,0,1,0,1,0
0,-1.2802480369298874,-1.506736824831314,-0.998774900282913,0,1,0,0,1,0,0,0,1,1,0,1,0,1,0,1,0,1,0,1,0,0,0,0,0,0,1
0,-1.2802480369298874,0.35456134418904756,-0.9740683709368049,1,0,0,0,1,0,0,1,0,0,0,0,1,0,0,0,0,0,0,0,0,0,0,1,0,1,0
0,-1.2395040756535771,-0.6425626749290033,-0.970097678720466,0,0,0,0,1,0,0,0,0,0,0,0,0,0,0,0,0,0,0,0,0,0,0,0,0,1,0
1,-0.8728084241667845,0.45427374610085264,-0.6259710199711019,0,0,1,1,1,0,1,1,0,0,0,0,0,0,1,0,0,0,0,0,0,0,0,1,1,0,0
0,-0.8320644628904743,-1.506736824831314,-0.9065666032590449,0,0,0,0,1,0,0,0,1,1,0,1,0,1,0,1,0,1,0,1,0,1,0,0,0,0,1
0,1.5310852911355222,1.5178726998267735,2.4129320896002056,0,0,1,0,1,0,1,1,0,0,0,0,1,0,1,0,1,0,1,0,1,0,1,1,0,1,0
1,-0.506112772679992,0.853123353748073,-0.14639963784218046,1,0,1,0,1,0,1,1,0,0,0,0,0,0,1,0,0,0,1,0,0,0,0,0,0,1,0
0,-0.38388088885106114,-1.4734993575273791,-0.7997991014419346,0,0,0,0,1,0,0,0,1,1,0,1,0,1,0,1,0,1,0,1,0,0,0,1,0,0,0
1,0.6754621043330061,0.5539861480126578,0.7840659048532155,0,1,0,0,1,0,1,0,0,0,1,0,1,0,1,0,1,0,0,0,1,0,1,0,1,0,0
0,-1.1580161531009565,1.0857856248756181,-0.8377412715091721,1,0,1,1,1,0,1,1,0,0,0,0,1,0,0,0,0,0,1,0,1,0,0,1,0,1,0
0,-0.01718523736426863,1.4513977652189036,0.5069998257575736,1,1,0,0,1,0,1,1,0,0,1,0,1,0,0,0,1,0,1,0,1,0,0,1,1,0,0
0,-1.2395040756535771,-0.310188001889653,-0.9595091661435625,0,1,0,1,1,0,0,0,0,0,0,0,0,0,0,0,0,0,0,0,1,0,0,1,0,1,0
1,1.4903413298592119,-0.276950534585718,0.7364175982571497,0,1,1,0,0,1,0,0,0,0,1,0,1,0,0,0,0,0,1,0,1,0,1,0,1,0,0
0,-1.076528230548336,0.5207486807087227,-0.8028874176101981,1,1,0,0,1,0,0,1,0,0,0,0,0,0,0,0,0,0,1,0,0,0,0,1,1,0,0
0,-0.3431369275747509,-1.506736824831314,-0.789210588865031,0,0,1,1,1,0,0,0,1,1,0,1,0,1,0,1,0,1,0,1,0,0,1,1,0,0,1
0,-0.01718523736426863,1.3184478960031634,0.4999408173729713,0,0,0,0,1,0,1,1,0,0,0,0,1,0,1,0,0,0,1,0,1,1,0,1,1,0,0
0,-0.22090504374582004,-0.4099004038014581,-0.34625781273123424,0,0,0,0,1,0,0,0,0,0,1,0,1,0,0,0,0,0,0,0,0,0,1,0,0,0,0
1,-0.22090504374582004,1.3184478960031634,0.2577285921763035,1,0,1,0,1,0,1,1,0,0,1,0,0,0,0,0,1,0,1,0,1,0,0,1,0,0,0
0,1.0421577558197987,0.5207486807087227,1.1136333588093372,0,1,0,0,1,0,1,1,0,0,0,0,0,0,0,0,1,0,0,0,0,0,0,0,0,0,0
0,-1.2802480369298874,0.22161147497330744,-0.9758331230329554,1,1,0,0,1,0,0,1,0,0,0,0,0,0,0,0,0,0,0,0,0,0,0,1,0,0,1
0,-0.5876006952326126,-1.340549488311639,-0.799357913417897,0,0,1,1,1,0,1,0,1,1,0,1,0,1,0,1,0,1,0,1,0,0,1,1,1,0,0
0,0.5939741817803856,-1.440261890223444,-0.5478807397164386,0,0,1,1,1,0,0,0,1,1,0,1,0,1,0,1,0,1,0,1,0,0,1,1,0,0,0
0,1.5310852911355222,1.5178726998267735,2.385137244085834,0,0,1,1,1,0,1,1,0,0,0,0,1,0,1,0,1,0,1,0,1,0,1,1,0,1,0
0,-0.791320501614164,0.819885886444138,-0.5077326295290128,1,0,0,0,1,0,1,1,0,0,0,0,1,0,1,0,1,0,0,0,0,0,0,0,0,1,0
0,0.1457906077409725,-0.44313787110539316,-0.20640120911130036,0,0,1,1,1,0,0,0,0,0,1,0,0,0,0,0,0,0,0,0,0,0,0,0,1,0,0
0,1.4088534073065913,-1.506736824831314,-0.42875997322627407,0,1,0,0,1,0,0,0,1,1,0,1,0,1,0,1,0,1,0,1,0,0,1,1,0,0,1
0,-0.9135523854430948,-1.506736824831314,-0.9193610559561367,0,0,0,0,1,0,0,0,1,1,0,1,0,1,0,1,0,1,0,1,0,0,0,1,0,0,1
1,-0.5468567339563023,0.7534109518362679,-0.2849326773900014,0,1,0,0,1,0,0,1,0,0,1,0,0,0,0,0,0,0,0,0,1,0,0,1,0,1,0
0,1.5718292524118322,-1.506736824831314,-0.4221421528657094,0,0,1,1,1,0,0,0,1,1,0,1,0,1,0,1,0,1,0,1,0,0,1,0,0,0,0
0,1.6125732136881425,0.819885886444138,1.8058573685244041,0,1,1,1,1,0,1,0,0,0,1,0,1,0,1,0,1,0,1,0,1,0,1,1,0,0,1
0,0.6347181430566958,-1.4734993575273791,-0.5946466702644291,0,0,1,1,1,0,0,0,1,1,0,1,0,1,0,1,0,1,0,1,0,0,1,0,0,0,1
0,-1.2802480369298874,-1.4734993575273791,-0.9983337122588753,0,1,0,0,1,0,0,0,1,1,0,1,0,1,0,1,0,1,0,1,0,0,0,0,0,0,1
0,-0.5876006952326126,0.6204610826205278,-0.2964035660149802,0,1,1,1,1,0,0,0,0,0,1,0,0,0,1,0,1,0,1,0,1,0,0,0,0,1,0
0,-1.2802480369298874,-1.4734993575273791,-0.9983337122588753,1,1,0,0,1,0,0,0,1,1,0,1,0,1,0,1,0,1,0,1,0,0,0,0,0,0,1
1,1.4088534073065913,1.2519729613952935,2.0763056272594818,0,1,1,0,1,0,1,1,0,0,0,0,1,0,0,0,1,0,1,0,1,0,1,0,0,0,0
0,1.4903413298592119,-0.8419874787526135,0.21890404606099065,0,1,1,1,0,1,0,0,0,0,1,0,0,0,1,0,1,0,0,0,0,0,1,0,0,0,1
0,-0.5468567339563023,1.1522605594834883,-0.1552233983229334,1,1,0,0,1,0,1,1,0,0,0,0,1,0,0,0,0,0,1,0,1,0,0,1,0,1,0
1,1.6125732136881425,1.6508225690425138,2.6683799555180028,0,1,1,0,1,0,1,1,0,0,1,0,1,0,1,0,1,0,1,0,1,0,1,1,0,0,1
1,0.22727853029359305,-1.4734993575273791,-0.6828842750719583,0,0,0,0,1,0,0,0,1,1,0,1,0,1,0,1,0,1,0,1,0,0,1,0,0,0,1
1,0.3087664528462136,-0.310188001889653,7.478613831809771e-05,0,1,1,0,1,0,0,0,0,0,0,0,0,0,0,0,0,0,0,0,1,1,0,0,0,1,0
0,1.1643896396487294,-1.340549488311639,-0.3696407780052295,0,0,1,1,1,0,1,0,1,1,0,1,0,1,0,1,0,1,0,1,0,0,1,1,0,0,1
0,-0.9135523854430948,0.5539861480126578,-0.6462656690768337,1,0,0,0,1,0,1,1,0,0,0,0,1,0,0,0,0,0,0,0,0,0,0,1,1,0,0
0,-0.01718523736426863,0.2548489422772425,0.02213418734020041,0,1,1,0,1,0,1,0,0,0,1,0,0,0,0,0,1,0,1,0,0,1,0,1,1,0,0
0,-0.46536881140368175,1.1522605594834883,-0.12831092885663697,0,0,0,0,1,0,1,1,0,0,0,0,1,0,0,0,0,0,1,0,1,0,0,1,1,0,0
1,1.082901717096109,1.1522605594834883,1.5914399888421082,0,0,0,0,1,0,1,1,0,0,0,0,0,0,1,0,0,0,1,0,1,1,0,1,0,1,0
1,-0.791320501614164,0.18837400766937243,-0.6030292427211443,1,0,1,0,1,0,0,1,0,0,0,0,0,0,0,0,0,0,0,0,0,0,0,1,0,1,0
0,0.5939741817803856,-1.4734993575273791,-0.5531749960048903,0,0,0,0,1,0,0,0,1,1,0,1,0,1,0,1,0,1,0,1,0,0,1,0,1,0,0
0,1.4903413298592119,-1.2740745537037688,-0.21478378156801564,0,1,1,1,1,0,1,0,1,1,0,1,0,1,0,1,0,1,0,1,0,0,1,1,0,0,0
0,-1.2395040756535771,-1.506736824831314,-0.992598267946386,0,1,0,0,1,0,0,0,1,1,0,1,0,1,0,1,0,1,0,1,0,0,0,1,1,0,0
0,-0.42462485012737144,-1.506736824831314,-0.8068581098265369,0,0,1,1,1,0,0,0,1,1,0,1,0,1,0,1,0,1,0,1,0,0,0,0,0,0,0
1,-0.7098325790615434,1.052548157571683,-0.39302374327922474,0,1,1,0,1,0,1,1,0,0,1,0,0,0,1,0,0,0,1,0,0,0,0,1,0,1,0
0,0.8384379494382472,-1.506736824831314,-0.5443512355241373,0,0,0,0,1,0,0,0,1,1,0,1,0,1,0,1,0,1,0,1,0,0,1,0,1,0,0
1,-0.18016108246950976,-1.3073120210077038,-0.683325463095996,0,0,1,0,1,0,1,0,1,1,0,1,0,1,0,1,0,1,0,1,0,0,0,0,0,0,1
0,-0.42462485012737144,-1.4734993575273791,-0.7975931613217463,0,1,0,0,1,0,0,0,1,1,0,1,0,1,0,1,0,1,0,1,0,1,0,0,0,0,1
0,-1.2802480369298874,0.18837400766937243,-0.976274311056993,1,0,0,0,1,0,0,1,0,0,0,0,0,0,0,0,0,0,0,0,0,0,0,1,0,0,1
1,-0.6690886177852331,0.8863608210520081,-0.32772791572165305,0,1,1,0,1,0,0,1,0,0,0,0,0,0,1,0,1,0,0,0,1,0,0,1,0,1,0
0,0.6347181430566958,-0.8419874787526135,-0.13448756119316402,0,0,1,1,0,1,0,0,0,0,1,0,1,0,0,0,1,0,0,0,0,0,1,0,0,0,1
1,-0.09867315991688919,1.3516853633070984,0.39626163172412443,0,1,1,0,1,0,1,1,0,0,1,0,1,0,1,0,1,0,1,0,0,0,0,1,0,0,0
0,-1.1987601143772668,0.18837400766937243,-0.9061254152350073,0,0,0,0,1,0,0,1,0,0,0,0,0,0,0,0,0,0,0,0,0,0,0,1,0,1,0
1,1.0014137945434884,0.9528357556598781,1.4745251624721318,0,1,0,0,1,0,1,1,0,0,1,0,0,0,0,0,1,0,0,0,1,0,1,0,0,1,0
1,1.4495973685829016,1.052548157571683,1.8963009134521218,1,0,1,0,1,0,1,1,0,0,1,0,1,0,0,0,0,0,0,0,1,1,0,1,1,0,0
0,-0.38388088885106114,-0.14400066536997788,-0.4128772043609188,0,0,1,0,1,0,0,0,0,0,0,0,0,0,0,0,1,0,1,0,0,1,0,0,0,0,0
0,1.3273654847539706,-0.1772381326739129,0.6728865227957287,0,0,1,0,1,0,0,0,0,0,0,0,0,0,0,0,1,0,1,0,0,0,1,1,1,0,0
0,0.4717422979514547,0.853123353748073,0.7461237347859779,0,1,1,0,1,0,0,1,0,0,0,0,0,0,0,0,0,0,1,0,1,1,0,1,0,0,0
0,1.5718292524118322,1.4846352325228385,2.37278397941278,0,0,1,1,1,0,1,1,0,0,1,0,1,0,1,0,0,0,1,0,1,0,1,1,0,0,0
0,0.18653456901728277,0.12189907306150236,0.08654763884969677,0,0,1,0,1,0,1,0,0,0,1,0,0,0,1,0,1,0,0,0,0,1,0,0,1,0,0
0,-0.8320644628904743,-1.4734993575273791,-0.8898014583456144,0,0,0,0,1,0,0,0,1,1,0,1,0,1,0,1,0,1,0,1,0,0,0,0,0,0,1
0,1.4903413298592119,0.5539861480126578,1.4639366498952284,0,1,1,1,1,0,1,0,0,0,0,0,1,0,1,0,1,0,1,0,1,0,1,1,0,0,0
0,0.10504664646466222,-0.14400066536997788,-0.13272280909701342,0,0,0,0,1,0,0,0,0,0,1,0,1,0,1,0,0,0,0,0,0,0,0,0,0,1,0
0,-1.1172721918246462,0.022186671149697273,-0.8575947325908663,0,1,0,0,1,0,0,0,0,0,0,0,1,0,0,0,1,0,0,0,1,0,0,1,0,0,0
0,1.0421577558197987,0.5872236153165927,1.1228983073141279,0,1,1,1,1,0,1,1,0,0,0,0,0,0,0,0,0,0,1,0,0,0,1,0,0,0,0
0,1.6125732136881425,0.5872236153165927,1.6311469110054964,0,1,1,0,1,0,1,0,0,0,1,0,1,0,1,0,1,0,0,0,1,0,1,1,0,0,0
0,1.6125732136881425,0.12189907306150236,1.1140745468333748,0,1,1,0,1,0,1,0,0,0,1,0,1,0,1,0,1,0,0,0,0,0,1,0,0,0,1
0,-1.2802480369298874,-1.4734993575273791,-0.9983337122588753,0,0,0,0,1,0,0,0,1,1,0,1,0,1,0,1,0,1,0,1,0,0,0,0,1,0,0
0,0.2680224915699033,1.0193106902677482,0.6217087120073617,1,0,0,0,1,0,0,1,0,0,1,0,0,0,1,0,1,0,1,0,0,1,0,1,0,1,0
0,0.8384379494382472,-1.4734993575273791,-0.5359686630674221,0,1,1,1,1,0,0,0,1,1,0,1,0,1,0,1,0,1,0,1,0,1,0,0,1,0,0
0,-0.22090504374582004,0.819885886444138,0.044193588542082725,0,0,0,0,1,0,0,1,0,0,0,0,0,0,1,0,1,0,0,0,1,0,0,1,0,1,0
1,-1.2802480369298874,0.1551365403654374,-0.9767154990810307,1,0,0,0,1,0,0,1,0,0,0,0,0,0,0,0,0,0,0,0,0,0,0,1,0,1,0
1,-1.2802480369298874,0.819885886444138,-0.9678917386002778,1,0,0,0,1,0,0,1,0,0,0,0,0,0,0,0,0,0,1,0,1,0,0,1,0,1,0
0,-0.5876006952326126,0.32132387688511255,-0.372729094173493,0,0,1,0,1,0,0,1,0,0,1,0,0,0,0,0,0,0,0,0,0,0,0,0,0,1,0
0,0.5532302205040753,-1.4734993575273791,-0.6025880546971067,0,1,1,1,1,0,0,0,1,1,0,1,0,1,0,1,0,1,0,1,0,0,1,1,0,0,1
0,1.6125732136881425,0.6536985499244629,1.6823247217938633,0,0,1,0,1,0,1,0,0,0,1,0,0,0,1,0,1,0,1,0,1,0,1,1,1,0,0
0,0.1457906077409725,0.7534109518362679,0.35081926524824686,1,0,0,0,1,0,0,1,0,0,0,0,0,0,1,0,1,0,0,0,1,0,0,1,0,1,0
0,-1.1580161531009565,-1.3073120210077038,-0.9634798583599014,0,0,1,0,0,1,0,0,0,0,0,0,0,0,0,0,0,0,0,0,0,0,0,1,0,1,0
0,-0.3023929662984406,-1.506736824831314,-0.7975931613217463,0,0,0,0,1,0,0,0,1,1,0,1,0,1,0,1,0,1,0,1,0,0,1,0,1,0,0
0,0.3087664528462136,-0.47637533840932816,-0.10889865579898053,0,0,1,1,0,1,0,0,0,0,0,0,1,0,0,0,0,0,1,0,1,0,0,1,0,1,0
0,1.24587756220135,1.2519729613952935,1.8358581541589645,0,1,1,0,1,0,1,1,0,0,0,0,1,0,1,0,0,0,1,0,1,0,0,1,0,1,0
1,-0.7098325790615434,1.052548157571683,-0.37802335046194474,1,0,0,0,1,0,0,1,0,0,1,0,0,0,1,0,1,0,0,0,1,0,0,1,0,0,1
0,-0.7505765403378537,-0.310188001889653,-0.6687662583027536,0,1,0,0,1,0,1,0,0,0,0,0,1,0,0,0,0,0,0,0,0,0,0,1,1,0,0
1,1.6125732136881425,1.4846352325228385,2.4923459339269822,0,1,1,0,1,0,1,1,0,0,0,0,1,0,1,0,1,0,1,0,1,0,1,1,0,0,0
0,0.2680224915699033,1.3849228306110335,0.7752421443724625,0,1,0,0,1,0,1,1,0,0,1,0,1,0,0,0,0,0,1,0,1,0,0,1,0,1,0
0,0.5939741817803856,-0.14400066536997788,0.21405097779657653,0,0,1,1,0,1,0,0,0,0,1,0,1,0,1,0,0,0,1,0,1,0,1,1,1,0,0
0,-0.5468567339563023,0.7866484191402029,-0.26949109654868375,0,1,1,0,1,0,1,1,0,0,1,0,1,0,0,0,1,0,0,0,0,0,0,1,1,0,0
0,-1.1172721918246462,0.6869360172283978,-0.798034349345784,1,0,0,0,1,0,1,1,0,0,0,0,0,0,0,0,0,0,1,0,0,0,0,1,0,1,0
0,-0.791320501614164,-0.9749373479683536,-0.8103876140188381,1,0,0,0,0,1,0,0,0,0,0,0,0,0,0,0,0,0,0,0,1,0,0,1,0,1,0
0,-0.6283446565089229,0.5207486807087227,-0.4137595804089941,0,0,0,0,1,0,1,1,0,0,0,0,0,0,1,0,0,0,0,0,0,0,0,0,0,0,0
1,0.06430268518835193,0.35456134418904756,0.06272348555166386,0,1,1,0,1,0,1,1,0,0,0,0,0,0,0,0,0,0,0,0,0,0,0,1,0,1,0
0,0.3902543753988342,-0.5096128057132632,-0.09080994681343703,0,0,0,0,1,0,0,0,0,0,0,0,1,0,0,0,0,0,0,0,0,0,0,1,0,1,0
0,-1.1172721918246462,0.5539861480126578,-0.8236232547399674,1,1,1,0,1,0,1,1,0,0,0,0,1,0,0,0,0,0,0,0,0,0,0,1,0,1,0
0,1.5718292524118322,-1.373786955615574,-0.2734617887650226,0,0,1,1,1,0,1,0,1,1,0,1,0,1,0,1,0,1,0,1,0,0,1,0,1,0,0
1,-0.5468567339563023,0.0554241384536323,-0.43978967382721523,0,1,1,0,1,0,0,0,0,0,1,0,0,0,1,0,0,0,1,0,0,0,0,0,0,0,0
0,-1.2395040756535771,-1.506736824831314,-0.9917158918983107,1,0,0,1,1,0,0,0,1,1,0,1,0,1,0,1,0,1,0,1,0,0,0,1,0,1,0
0,1.0014137945434884,-1.539974292135249,-0.5244977744424433,0,1,0,0,1,0,0,0,1,1,0,1,0,1,0,1,0,1,0,1,0,0,1,0,1,0,0
0,1.6125732136881425,1.4513977652189036,2.3983728848069634,0,1,1,0,1,0,1,1,0,0,0,0,1,0,1,0,1,0,1,0,1,0,1,1,0,1,0
0,-1.076528230548336,0.6869360172283978,-0.7803868283842781,0,0,0,0,1,0,0,1,0,0,0,0,1,0,0,0,0,0,0,0,1,0,0,1,0,0,1
0,-0.6283446565089229,0.6869360172283978,-0.3669936498610036,1,0,1,1,1,0,1,1,0,0,0,0,0,0,0,0,0,0,0,0,1,0,0,1,0,1,0
0,1.1643896396487294,0.5207486807087227,1.168781861814043,0,1,1,0,1,0,1,0,0,0,0,0,1,0,1,0,0,0,1,0,1,0,1,0,0,0,0
0,-1.2802480369298874,0.22161147497330744,-0.9758331230329554,1,1,1,1,1,0,0,1,0,0,0,0,0,0,0,0,0,0,0,0,0,0,0,1,0,1,0
0,0.6347181430566958,1.5511101671307086,1.3942289420972802,0,1,1,1,1,0,1,1,0,0,1,0,1,0,1,0,1,0,1,0,1,0,1,0,1,0,0
0,-0.6690886177852331,-1.4734993575273791,-0.861565424807205,0,1,0,0,1,0,0,0,1,1,0,1,0,1,0,1,0,1,0,1,0,0,0,1,1,0,0
1,-0.9542963467194051,0.6869360172283978,-0.6780312068075443,1,1,0,0,1,0,1,1,0,0,0,0,0,0,0,0,0,0,0,0,1,0,0,1,0,1,0
0,-1.1987601143772668,-0.6758001422329384,-0.9533325338070354,0,0,0,0,1,0,0,0,0,0,0,0,0,0,0,0,0,0,0,0,0,0,0,0,0,1,0
0,-1.2802480369298874,-0.6758001422329384,-0.9877451996819718,1,1,0,1,1,0,0,0,0,0,0,0,0,0,0,0,0,0,0,0,0,0,0,1,0,1,0
0,1.3273654847539706,1.3516853633070984,1.9183603146540043,0,1,0,0,1,0,1,1,0,0,0,0,1,0,1,0,0,0,1,0,1,0,1,0,1,0,0
0,1.5310852911355222,1.6840600363464486,2.6326437255709534,0,0,1,1,1,0,1,1,0,0,1,0,1,0,1,0,1,0,1,0,1,0,1,1,1,0,0
0,1.1236456783724194,-0.1772381326739129,0.5639130808584301,0,1,1,0,1,0,0,0,0,0,1,0,0,0,0,0,0,0,1,0,0,1,0,1,0,0,1
0,1.4903413298592119,-1.2740745537037688,-0.22934298636125797,0,0,1,0,1,0,1,0,1,1,0,1,0,1,0,1,0,1,0,1,0,1,0,1,0,1,0
1,0.10504664646466222,0.18837400766937243,0.06007635740743799,0,0,0,0,1,0,0,1,0,0,0,0,0,0,0,0,0,0,0,0,0,0,0,0,0,1,0
0,-0.42462485012737144,-1.4734993575273791,-0.7997991014419346,0,0,0,0,1,0,0,0,1,1,0,1,0,1,0,1,0,1,0,1,0,0,0,1,0,0,1
0,1.368109446030281,0.4875112134047877,1.3020206450734122,0,1,1,1,1,0,1,0,0,0,0,0,1,0,1,0,0,0,1,0,1,0,1,0,0,0,0
1,-1.2802480369298874,0.18837400766937243,-0.976274311056993,1,1,1,0,1,0,0,1,0,0,0,0,0,0,0,0,0,0,0,0,0,0,0,1,0,1,0
0,-1.2802480369298874,0.4875112134047877,-0.9723036188406543,1,0,1,0,1,0,0,1,0,0,0,0,0,0,0,0,0,0,1,0,0,0,0,1,0,0,0
0,0.06430268518835193,0.853123353748073,0.35920183770496217,0,1,1,1,1,0,1,1,0,0,0,0,0,0,1,0,0,0,0,0,1,0,0,1,1,0,0
0,1.6125732136881425,-1.340549488311639,-0.25316713965929083,0,0,1,1,1,0,1,0,1,1,0,1,0,1,0,1,0,1,0,1,0,0,1,0,0,0,0
0,-0.05792919864057891,-0.1772381326739129,-0.19184200431805803,0,1,1,1,0,1,0,0,0,0,1,0,0,0,1,0,1,0,1,0,1,1,0,0,0,1,0
0,-0.09867315991688919,-1.3073120210077038,-0.6881785313604101,0,1,0,1,1,0,1,0,1,1,0,1,0,1,0,1,0,1,0,1,0,1,0,0,0,0,0
0,-0.9542963467194051,0.853123353748073,-0.6502363612931725,1,0,0,0,1,0,0,1,0,0,0,0,0,0,0,0,0,0,1,0,1,0,0,1,0,0,0
0,-0.506112772679992,0.18837400766937243,-0.3586110774042883,1,1,1,1,1,0,0,1,0,0,0,0,0,0,0,0,0,0,0,0,0,0,0,1,0,1,0
1,-0.5468567339563023,-1.0081748152722887,-0.7525919828699065,0,1,1,0,0,1,0,0,0,0,0,0,1,0,1,0,0,0,0,0,0,0,0,1,1,0,0
0,1.3273654847539706,1.3516853633070984,2.0432165254566583,0,0,1,0,1,0,1,1,0,0,1,0,0,0,1,0,0,0,1,0,1,0,0,1,0,1,0
0,-0.09867315991688919,-1.506736824831314,-0.7415622822689653,0,0,1,1,1,0,0,0,1,1,0,1,0,1,0,1,0,1,0,1,0,0,1,0,0,0,1
0,-1.076528230548336,-1.506736824831314,-0.9524501577589601,0,1,0,0,1,0,0,0,1,1,0,1,0,1,0,1,0,1,0,1,0,1,0,0,0,0,1
0,-1.2395040756535771,-0.44313787110539316,-0.9648034224320142,0,0,0,0,0,1,0,0,0,0,0,0,1,0,0,0,0,0,1,0,1,0,0,0,0,1,0
0,0.8384379494382472,0.22161147497330744,0.681269095252444,0,1,1,1,1,0,1,0,0,0,1,0,0,0,0,0,1,0,0,0,1,0,0,0,0,1,0
1,-1.0357842692720256,0.35456134418904756,-0.7720042559275628,0,1,1,0,1,0,1,1,0,0,0,0,0,0,0,0,0,0,0,0,0,0,0,1,0,1,0
0,1.1643896396487294,-0.5096128057132632,0.29920026643584224,0,0,1,1,1,0,0,0,0,0,1,0,0,0,0,0,0,0,0,0,0,1,0,1,0,0,0
1,1.5310852911355222,-0.6425626749290033,0.43288023771924905,1,1,0,0,0,1,0,0,0,0,0,0,0,0,0,0,0,0,1,0,1,1,0,1,0,1,0
0,-0.791320501614164,0.45427374610085264,-0.5681753888221703,0,0,0,0,1,0,1,0,0,0,1,0,0,0,1,0,0,0,1,0,1,0,0,1,0,1,0
1,0.10504664646466222,0.5539861480126578,0.2347868149263459,0,1,1,0,1,0,1,1,0,0,0,0,0,0,1,0,0,0,0,0,0,1,0,1,0,0,0
0,-1.2395040756535771,0.18837400766937243,-0.9392145170378308,0,0,1,0,1,0,0,1,0,0,0,0,0,0,0,0,0,0,0,0,0,0,0,1,1,0,0
0,-1.1987601143772668,0.35456134418904756,-0.8986252188263674,1,0,0,0,1,0,1,1,0,0,0,0,0,0,0,0,0,0,0,0,0,0,0,1,0,1,0
0,-1.1987601143772668,0.3877988114929826,-0.8937721505619532,0,0,0,0,1,0,1,1,0,0,0,0,0,0,0,0,0,0,0,0,0,0,0,0,0,1,0
0,1.2051336009250397,0.9860732229638132,1.5327619816451012,0,0,0,0,1,0,1,1,0,0,0,0,0,0,0,0,0,0,1,0,1,1,0,1,0,0,0
0,1.6125732136881425,1.2852104286992283,2.309252903951359,0,1,1,1,1,0,1,1,0,0,1,0,1,0,1,0,1,0,0,0,1,0,1,0,1,0,0
0,1.24587756220135,-1.506736824831314,-0.46273145107717284,0,1,1,0,1,0,0,0,1,1,0,1,0,1,0,1,0,1,0,1,0,0,1,1,0,0,0
1,-0.506112772679992,0.22161147497330744,-0.39434730735133766,1,1,0,0,1,0,0,1,0,0,0,0,0,0,0,0,0,0,0,0,0,0,0,0,1,0,0
1,0.10504664646466222,1.5178726998267735,0.6852397874687828,0,0,0,0,1,0,1,1,0,0,1,0,1,0,1,0,1,0,1,0,1,1,0,1,0,0,0
1,-0.46536881140368175,0.1551365403654374,-0.3568463253081377,1,1,1,0,1,0,0,1,0,0,0,0,0,0,0,0,0,0,0,0,0,0,0,1,0,1,0
0,1.2051336009250397,1.052548157571683,1.6404118595102868,0,1,1,0,1,0,1,1,0,0,1,0,1,0,0,0,0,0,0,0,1,1,0,0,0,1,0
0,-0.7098325790615434,-0.5428502730171982,-0.689502095432523,0,0,0,0,1,0,1,0,0,0,0,0,0,0,0,0,0,0,0,0,0,0,0,1,0,0,1
0,0.9199258719908678,-0.47637533840932816,0.2422870113349859,0,0,0,0,1,0,0,0,0,0,1,0,0,0,0,0,0,0,0,0,0,0,0,1,1,0,0
0,-0.8728084241667845,-0.6758001422329384,-0.7989167253938593,0,0,0,0,1,0,0,0,0,0,0,0,0,0,0,0,0,0,0,0,0,0,0,1,0,0,1
0,-0.6283446565089229,0.7866484191402029,-0.36302295764466475,1,0,1,1,1,0,1,1,0,0,0,0,0,0,1,0,0,0,1,0,0,0,0,0,0,1,0
0,1.1643896396487294,-1.506736824831314,-0.4177302726253329,0,0,0,0,1,0,0,0,1,1,0,1,0,1,0,1,0,1,0,1,0,1,0,0,0,0,0
0,1.5718292524118322,0.819885886444138,1.8111516248128563,0,0,1,0,1,0,1,0,0,0,1,0,1,0,1,0,1,0,1,0,1,0,1,0,1,0,0
0,-1.2395040756535771,0.18837400766937243,-0.9396557050618685,1,0,0,0,1,0,0,1,0,0,0,0,0,0,0,0,0,0,0,0,0,0,0,0,0,0,0
0,0.10504664646466222,-1.506736824831314,-0.7084731804661418,0,1,0,0,1,0,0,0,1,1,0,1,0,1,0,1,0,1,0,1,0,0,1,0,0,0,1
0,-0.6283446565089229,0.18837400766937243,-0.4931734247357704,0,0,0,0,1,0,0,1,0,0,0,0,0,0,0,0,0,0,0,0,0,0,0,0,0,0,0
0,-0.46536881140368175,1.0857856248756181,-0.07228004980385588,1,0,0,0,1,0,1,1,0,0,0,0,0,0,0,0,0,0,1,0,1,0,0,1,0,1,0
0,0.5939741817803856,-1.506736824831314,-0.6008233026009561,0,0,1,0,1,0,0,0,1,1,0,1,0,1,0,1,0,1,0,1,0,0,1,0,0,0,0
0,-1.1987601143772668,-1.4734993575273791,-0.9753919350089177,0,0,1,0,1,0,0,0,1,1,0,1,0,1,0,1,0,1,0,1,0,0,0,0,0,0,1
0,-1.1987601143772668,-1.506736824831314,-0.9771566871050683,0,1,0,0,1,0,0,0,1,1,0,1,0,1,0,1,0,1,0,1,0,0,0,1,0,0,1
1,0.4717422979514547,-1.506736824831314,-0.6334712163797419,0,1,1,0,1,0,0,0,1,1,0,1,0,1,0,1,0,1,0,1,0,0,1,1,1,0,0
0,-1.2802480369298874,-0.6758001422329384,-0.9877451996819718,0,0,0,0,1,0,0,0,0,0,0,0,0,0,0,0,0,0,0,0,0,0,0,1,0,0,1
0,0.4717422979514547,0.9860732229638132,0.8877450905020624,0,0,1,1,1,0,1,1,0,0,0,0,1,0,1,0,0,0,0,0,1,1,0,0,0,1,0
0,-1.1172721918246462,-1.3073120210077038,-0.947597089494546,1,1,1,1,1,0,1,0,1,1,0,1,0,1,0,1,0,1,0,1,0,0,0,1,0,0,0
0,-0.3431369275747509,-0.310188001889653,-0.38949423908692354,1,1,0,0,1,0,1,0,0,0,1,0,0,0,0,0,0,0,0,0,0,0,0,1,0,0,0
0,-1.2802480369298874,0.1551365403654374,-0.9767154990810307,1,0,0,1,1,0,0,1,0,0,0,0,0,0,0,0,0,0,0,0,0,0,0,1,0,1,0
0,-0.5876006952326126,0.35456134418904756,-0.3983179995676765,0,0,0,0,1,0,0,1,0,0,1,0,0,0,0,0,0,0,0,0,0,0,0,1,0,1,0
0,-0.9135523854430948,1.1854980267874233,-0.5394981672597233,1,0,0,0,1,0,1,1,0,0,0,0,0,0,1,0,0,0,1,0,1,0,0,1,0,1,0
0,1.3273654847539706,0.22161147497330744,0.9278932006894882,0,0,1,0,1,0,0,0,0,0,1,0,1,0,1,0,0,0,0,0,1,0,1,0,0,0,0
1,-1.2802480369298874,0.7201734845323329,-0.9692153026723908,1,0,0,0,1,0,0,1,0,0,0,0,1,0,0,0,0,0,0,0,1,0,0,1,0,1,0
0,0.8384379494382472,1.3849228306110335,1.5451152463181552,1,0,0,0,1,0,1,1,0,0,1,0,0,0,1,0,0,0,1,0,1,1,0,1,1,0,0
0,-1.1987601143772668,-1.440261890223444,-0.9842156954896707,0,1,0,0,1,0,0,0,1,1,0,1,0,1,0,1,0,1,0,1,0,1,0,0,0,0,1
0,0.02355872391204165,-0.11076319806604285,-0.11684004023165816,0,1,1,0,1,0,0,0,0,0,1,0,1,0,0,0,1,0,0,0,0,0,1,1,0,0,1
0,-1.1987601143772668,-1.1743621517919638,-0.9723036188406543,1,1,0,0,0,1,0,0,0,0,0,0,1,0,0,0,0,0,0,0,0,0,0,1,0,1,0
0,0.06430268518835193,0.4875112134047877,0.19596226881103304,0,0,0,0,1,0,0,0,0,0,1,0,0,0,1,0,1,0,1,0,1,1,0,1,0,0,0
0,-0.7505765403378537,-1.506736824831314,-0.8911250224177274,0,0,1,1,1,0,0,0,1,1,0,1,0,1,0,1,0,1,0,1,0,0,1,1,0,0,1
0,-0.791320501614164,-1.4734993575273791,-0.8858307661292756,0,0,0,0,1,0,0,0,1,1,0,1,0,1,0,1,0,1,0,1,0,0,0,1,0,0,1
1,0.5532302205040753,-0.1772381326739129,0.23522800295038354,1,1,1,0,0,1,0,0,0,0,0,0,1,0,1,0,1,0,1,0,1,1,0,1,0,0,0
0,-0.38388088885106114,-1.340549488311639,-0.7697983158073747,0,1,1,1,1,0,1,0,1,1,0,1,0,1,0,1,0,1,0,1,0,1,0,0,0,0,1
0,0.5939741817803856,-1.506736824831314,-0.5889112259519397,0,0,1,1,1,0,0,0,1,1,0,1,0,1,0,1,0,1,0,1,0,0,1,0,0,0,1
0,-0.6283446565089229,-0.47637533840932816,-0.6339124044037796,0,1,0,1,1,0,0,0,0,0,1,0,0,0,0,0,0,0,0,0,0,0,0,1,0,0,1
0,0.6754621043330061,1.0193106902677482,1.1030448462324338,1,0,1,1,1,0,1,1,0,0,0,0,0,0,0,0,0,0,1,0,1,0,0,1,0,1,0
1,1.082901717096109,-0.47637533840932816,0.3150830353011975,0,1,1,0,0,1,0,0,0,0,0,0,1,0,0,0,0,0,1,0,1,0,0,1,0,1,0
0,1.4903413298592119,0.6869360172283978,1.5945283050103716,0,0,0,0,1,0,1,0,0,0,1,0,0,0,1,0,1,0,1,0,1,0,1,1,1,0,0
0,-0.8728084241667845,-0.7755125441447435,-0.7997991014419346,1,1,0,0,0,1,0,0,0,0,0,0,0,0,1,0,0,0,1,0,0,1,0,1,0,1,0
0,-0.9135523854430948,-0.44313787110539316,-0.7759749481439017,0,1,0,0,1,0,0,0,0,0,1,0,0,0,0,0,0,0,0,0,0,0,0,1,0,0,1
0,-0.8320644628904743,-1.340549488311639,-0.8884778942735014,0,1,1,1,1,0,1,0,1,1,0,1,0,1,0,1,0,1,0,1,0,0,1,1,0,0,0
0,0.512486259227765,1.1854980267874233,1.084073761198815,1,1,0,0,1,0,1,1,0,0,0,0,1,0,0,0,0,0,1,0,1,0,0,1,1,0,0
0,0.2680224915699033,-0.1772381326739129,0.02566369153250158,0,0,1,1,1,0,0,0,0,0,0,0,0,0,1,0,0,0,1,0,0,0,0,1,0,0,1
1,1.5718292524118322,-1.3073120210077038,-0.21787209773627916,0,1,1,0,1,0,1,0,1,1,0,1,0,1,0,1,0,1,0,1,0,0,1,0,1,0,0
0,1.5718292524118322,-1.373786955615574,-0.2897857456544155,0,1,1,1,1,0,1,0,1,1,0,1,0,1,0,1,0,1,0,1,0,0,1,0,1,0,0
0,0.02355872391204165,-1.340549488311639,-0.6542070535095112,0,0,1,1,1,0,1,0,1,1,0,1,0,1,0,1,0,1,0,1,0,1,0,0,1,0,0
1,1.4088534073065913,0.35456134418904756,1.2252539288908617,0,1,0,0,1,0,1,1,0,0,0,0,0,0,0,0,0,0,0,0,0,0,0,1,0,0,1
0,0.18653456901728277,-0.8087500114486784,-0.3683172139331165,1,1,1,1,0,1,0,0,0,0,1,0,1,0,1,0,0,0,0,0,0,0,0,0,0,0,0
0,0.6754621043330061,0.6536985499244629,0.8696563815165189,1,1,1,1,1,0,1,1,0,0,0,0,0,0,0,0,0,0,1,0,0,0,0,0,0,1,0
0,-0.9542963467194051,-0.47637533840932816,-0.8015638535380851,0,0,1,0,1,0,0,0,0,0,0,0,1,0,0,0,0,0,0,0,0,0,0,0,0,0,1
0,0.797693988161937,0.8863608210520081,1.034219514482561,0,1,1,0,1,0,1,1,0,0,1,0,0,0,1,0,1,0,0,0,0,0,1,1,1,0,0
0,1.5310852911355222,1.1190230921795532,2.009686235629797,0,0,0,0,1,0,1,1,0,0,0,0,1,0,0,0,0,0,1,0,1,1,0,0,0,1,0
0,-1.2802480369298874,0.6869360172283978,-0.9696564906964283,0,1,0,0,1,0,0,1,0,0,0,0,1,0,0,0,0,0,0,0,1,0,0,1,0,1,0
1,-0.7505765403378537,0.45427374610085264,-0.5214094582741797,1,0,0,0,1,0,1,1,0,0,0,0,1,0,0,0,0,0,0,0,0,0,0,1,0,1,0
0,-1.2802480369298874,-0.6758001422329384,-0.9877451996819718,0,1,0,0,1,0,0,0,0,0,0,0,0,0,0,0,0,0,0,0,0,0,0,1,0,0,1
0,-1.2802480369298874,-1.4734993575273791,-0.9983337122588753,1,1,0,0,1,0,0,0,1,1,0,1,0,1,0,1,0,1,0,1,0,0,0,0,0,0,1
0,0.797693988161937,0.5207486807087227,0.8886274665501377,0,0,0,0,1,0,1,1,0,0,0,0,1,0,0,0,0,0,0,0,0,1,0,1,0,0,1
0,-1.076528230548336,-0.14400066536997788,-0.8245056307880427,0,1,0,0,1,0,0,0,0,0,0,0,0,0,1,0,0,0,1,0,0,0,0,0,0,0,1
0,-1.0357842692720256,-1.0081748152722887,-0.8942133385859908,0,1,1,0,0,1,0,0,0,0,1,0,1,0,0,0,0,0,0,0,0,0,0,0,0,0,1
1,0.5939741817803856,0.6869360172283978,0.7439177946657897,1,0,0,0,1,0,1,1,0,0,0,0,1,0,1,0,0,0,0,0,0,0,0,1,0,0,0
0,-0.26164900502213034,0.7534109518362679,-0.0038959060780207186,0,0,0,0,1,0,0,1,0,0,1,0,0,0,1,0,1,0,0,0,0,1,0,1,1,0,0
0,-0.3023929662984406,-0.3434254691935881,-0.43537779358683876,0,1,1,1,1,0,0,0,0,0,1,0,0,0,0,0,1,0,0,0,0,0,0,0,0,1,0
0,1.4903413298592119,-1.506736824831314,-0.44773105825989284,0,1,0,0,1,0,0,0,1,1,0,1,0,1,0,1,0,1,0,1,0,0,1,1,0,0,1
0,1.6125732136881425,1.5843476344346437,2.60705482017677,0,0,0,0,1,0,1,1,0,0,1,0,1,0,1,0,1,0,1,0,1,0,1,1,1,0,0
0,-1.1580161531009565,-1.506736824831314,-0.9811273793214071,0,1,0,0,1,0,0,0,1,1,0,1,0,1,0,1,0,1,0,1,0,0,0,1,0,0,1
0,1.082901717096109,-1.506736824831314,-0.5011148091684481,0,1,1,1,1,0,0,0,1,1,0,1,0,1,0,1,0,1,0,1,0,0,1,0,0,0,1
0,1.4088534073065913,0.022186671149697273,0.916863500088547,0,1,0,0,1,0,0,0,0,0,1,0,0,0,1,0,0,0,0,0,1,0,1,0,0,0,0
1,-0.26164900502213034,0.45427374610085264,-0.12213429652010992,0,0,0,0,1,0,0,1,0,0,0,0,0,0,0,0,0,0,0,0,1,0,0,1,0,1,0
0,-0.22090504374582004,0.45427374610085264,-0.09036875878939939,0,0,0,0,1,0,0,0,0,0,0,0,1,0,1,0,1,0,1,0,1,1,0,0,0,0,1
0,1.6125732136881425,1.3516853633070984,2.3498422021628222,0,1,1,1,1,0,1,1,0,0,1,0,0,0,1,0,0,0,1,0,1,0,1,0,0,0,0
0,-1.076528230548336,0.819885886444138,-0.7922989050332946,0,0,0,0,1,0,0,1,0,0,0,0,0,0,1,0,1,0,0,0,1,0,0,1,0,1,0
0,1.2051336009250397,-1.4734993575273791,-0.46979045946177517,0,1,1,1,1,0,0,0,1,1,0,1,0,1,0,1,0,1,0,1,0,0,1,0,1,0,0
0,-0.506112772679992,0.12189907306150236,-0.3824352307023212,0,1,0,0,1,0,1,0,0,0,0,0,1,0,0,0,1,0,1,0,0,1,0,1,0,1,0
0,-1.076528230548336,0.45427374610085264,-0.7940636571294452,0,1,0,0,1,0,0,0,0,0,1,0,0,0,1,0,1,0,1,0,1,0,0,0,1,0,0
0,0.7569500268856267,-1.340549488311639,-0.46273145107717284,0,1,0,0,1,0,1,0,1,1,0,1,0,1,0,1,0,1,0,1,0,0,1,0,0,0,1
0,1.1643896396487294,-1.506736824831314,-0.42875997322627407,0,0,1,1,1,0,0,0,1,1,0,1,0,1,0,1,0,1,0,1,0,0,1,0,1,0,0
1,1.2051336009250397,0.819885886444138,1.4714368463038683,0,1,1,0,1,0,1,1,0,0,1,0,1,0,1,0,0,0,0,0,0,0,0,1,0,1,0
0,1.6125732136881425,0.6536985499244629,1.7215904559332138,0,0,0,0,1,0,1,1,0,0,1,0,0,0,0,0,1,0,0,0,0,0,1,1,0,0,0
1,-0.791320501614164,1.1190230921795532,-0.4614078870050599,1,1,1,0,1,0,0,1,0,0,0,0,1,0,1,0,0,0,1,0,1,0,0,1,0,1,0
0,-1.1172721918246462,0.9860732229638132,-0.7874458367688805,1,1,1,0,1,0,0,1,0,0,0,0,0,0,1,0,0,0,1,0,1,0,0,1,0,1,0
1,-1.1987601143772668,1.3516853633070984,-0.8774481936725603,1,1,0,0,1,0,1,1,0,0,0,0,1,0,1,0,0,0,1,0,1,0,0,1,0,1,0
1,-0.26164900502213034,0.9528357556598781,0.043311212494007434,1,0,1,0,1,0,1,1,0,0,0,0,1,0,1,0,0,0,0,0,1,0,0,1,0,1,0
1,-0.791320501614164,-0.1772381326739129,-0.6595013097979631,0,1,0,0,1,0,0,0,0,0,0,0,1,0,0,0,0,0,1,0,0,0,0,1,0,1,0
0,0.22727853029359305,-1.506736824831314,-0.6736193265671677,0,0,1,1,1,0,0,0,1,1,0,1,0,1,0,1,0,1,0,1,0,0,1,1,0,0,1
1,-0.9950403079957154,0.6536985499244629,-0.7367092140045511,1,0,1,0,1,0,1,1,0,0,0,0,0,0,0,0,0,0,0,0,1,0,0,1,0,1,0
1,0.06430268518835193,1.4513977652189036,0.5921491143968394,0,1,1,1,1,0,1,1,0,0,0,0,1,0,1,0,1,0,1,0,1,0,0,1,0,1,0
0,-0.5876006952326126,-1.0414122825762238,-0.7645040595189229,0,1,0,0,0,1,0,0,0,0,1,0,0,0,1,0,0,0,0,0,0,0,0,0,0,0,1
0,0.9606698332671781,0.6869360172283978,1.1074567264728101,0,1,1,1,1,0,0,1,0,0,0,0,1,0,1,0,1,0,0,0,0,1,0,1,0,0,1
0,0.1457906077409725,-1.0081748152722887,-0.4481722462839305,0,0,0,0,0,1,0,0,0,0,0,0,1,0,0,0,1,0,0,0,0,0,0,1,0,0,0
0,-0.9542963467194051,-0.5428502730171982,-0.8121523661149886,1,0,1,0,0,1,0,0,0,0,0,0,0,0,1,0,0,0,1,0,1,0,0,1,0,1,0
0,-1.2802480369298874,0.6536985499244629,-0.970097678720466,1,1,0,0,1,0,0,1,0,0,0,0,0,0,1,0,0,0,1,0,0,0,0,1,0,1,0
0,-0.8320644628904743,-0.276950534585718,-0.7186205050190076,1,1,0,0,1,0,0,0,0,0,1,0,0,0,0,0,1,0,0,0,0,0,0,0,0,0,1
1,1.0014137945434884,1.0193106902677482,1.4489362570779485,0,0,1,1,1,0,0,1,0,0,0,0,1,0,1,0,1,0,1,0,0,0,0,1,1,0,0
0,0.3902543753988342,0.2880864095811775,0.3869966832193339,1,0,0,0,1,0,0,0,0,0,1,0,1,0,1,0,1,0,0,0,1,1,0,0,1,0,0
0,0.02355872391204165,-1.340549488311639,-0.6806783349517701,1,0,1,1,1,0,1,0,1,1,0,1,0,1,0,1,0,1,0,1,0,0,1,1,0,0,1
0,1.5310852911355222,0.6536985499244629,1.5102613924191812,0,1,1,0,1,0,0,1,0,0,1,0,1,0,0,0,1,0,0,0,0,0,1,0,0,0,0
0,1.4495973685829016,-0.6758001422329384,0.3539075814165104,0,0,0,0,0,1,0,0,0,0,0,0,1,0,0,0,1,0,0,0,1,0,0,0,0,1,0
0,-1.2802480369298874,-1.340549488311639,-0.9965689601627248,0,1,0,1,0,1,0,0,0,0,0,0,0,0,0,0,0,0,0,0,0,0,0,1,0,1,0
0,0.18653456901728277,1.1854980267874233,0.5550893203776771,0,0,0,0,1,0,1,1,0,0,0,0,0,0,0,0,1,0,1,0,1,0,0,0,1,0,0
0,-1.1580161531009565,-1.3073120210077038,-0.970097678720466,0,0,0,1,1,0,1,0,1,1,0,1,0,1,0,1,0,1,0,1,0,0,0,1,0,0,1
0,-1.2802480369298874,-0.47637533840932816,-0.985098071537746,0,1,0,0,1,0,0,0,0,0,1,0,0,0,0,0,0,0,0,0,0,0,0,1,0,0,1
0,-0.506112772679992,-0.310188001889653,-0.4931734247357704,0,1,0,0,0,1,0,0,0,0,1,0,1,0,1,0,1,0,1,0,0,0,0,1,1,0,0
0,1.6125732136881425,0.12189907306150236,1.1348103839631443,0,1,1,1,1,0,0,0,0,0,1,0,1,0,0,0,1,0,1,0,0,0,1,0,0,0,0
0,-0.05792919864057891,0.819885886444138,0.2308161227100071,1,0,0,0,1,0,1,1,0,0,0,0,0,0,1,0,0,0,0,0,1,0,0,1,0,1,0
1,-0.5876006952326126,0.45427374610085264,-0.3797881025580953,1,1,1,0,1,0,0,1,0,0,0,0,0,0,0,0,0,0,0,0,1,0,0,0,0,1,0
0,-0.8728084241667845,-0.310188001889653,-0.7389151541247394,0,1,1,0,1,0,0,0,0,0,0,0,0,0,0,0,0,0,1,0,0,0,0,1,0,0,0
0,0.02355872391204165,-1.506736824831314,-0.724355949331497,0,0,1,1,1,0,0,0,1,1,0,1,0,1,0,1,0,1,0,1,0,0,1,0,1,0,0
1,1.2051336009250397,0.6536985499244629,1.1806939384630595,0,0,0,0,1,0,1,1,0,0,0,0,0,0,0,0,0,0,1,0,0,1,0,0,0,1,0
0,-1.2802480369298874,-0.9749373479683536,-0.9917158918983107,0,0,0,0,0,1,0,0,0,0,0,0,0,0,1,0,1,0,0,0,0,0,0,0,0,0,1
0,-0.6690886177852331,0.5207486807087227,-0.4243480929858976,0,1,1,0,1,0,0,1,0,0,1,0,1,0,0,0,0,0,0,0,0,0,0,0,0,0,0
0,-0.42462485012737144,0.45427374610085264,-0.2734617887650226,0,1,1,1,1,0,1,0,0,0,0,0,0,0,1,0,1,0,1,0,1,1,0,1,0,0,1
0,0.6754621043330061,-0.11076319806604285,0.32699511195021397,0,0,1,1,1,0,0,0,0,0,1,0,0,0,1,0,1,0,0,0,0,0,0,0,0,0,0
0,0.1457906077409725,-0.044288263458172786,-0.0418380761452583,0,1,1,1,1,0,0,0,0,0,1,0,0,0,1,0,0,0,0,0,1,1,0,1,1,0,0
0,0.3902543753988342,1.1522605594834883,0.8184785707281519,1,1,1,0,1,0,1,1,0,0,0,0,1,0,1,0,1,0,0,0,1,0,0,1,0,1,0
1,-1.1580161531009565,-1.3073120210077038,-0.9621562942877884,1,1,0,0,0,1,0,0,0,0,0,0,0,0,0,0,0,0,0,0,0,0,0,1,0,0,0
0,-0.8320644628904743,0.32132387688511255,-0.6224415157788008,1,0,0,0,1,0,1,0,0,0,0,0,0,0,0,0,1,0,1,0,1,1,0,0,0,0,1
0,-0.05792919864057891,0.7534109518362679,0.1946387047389201,0,0,0,0,1,0,0,1,0,0,1,0,0,0,1,0,1,0,0,0,0,0,0,0,0,1,0
0,-1.1172721918246462,0.819885886444138,-0.8249468188120804,0,1,1,0,1,0,1,1,0,0,1,0,0,0,0,0,0,0,0,0,1,0,0,1,0,1,0
0,1.368109446030281,-1.4734993575273791,-0.40096512771190235,0,1,1,1,1,0,0,0,1,1,0,1,0,1,0,1,0,1,0,1,0,0,1,0,1,0,0
1,-0.7098325790615434,-0.310188001889653,-0.6731781385431301,1,0,0,0,1,0,1,0,0,0,0,0,0,0,0,0,1,0,0,0,0,0,0,0,1,0,0
0,1.2866215234776603,1.3184478960031634,1.9452727841203006,0,1,0,0,1,0,1,1,0,0,0,0,1,0,1,0,0,0,1,0,1,0,1,1,0,0,0
0,-0.9135523854430948,-1.4734993575273791,-0.9109784834994215,0,1,1,1,1,0,0,0,1,1,0,1,0,1,0,1,0,1,0,1,0,0,0,1,1,0,0
0,-1.0357842692720256,0.819885886444138,-0.7389151541247394,1,1,1,1,1,0,0,1,0,0,0,0,1,0,0,0,1,0,1,0,0,0,0,1,0,1,0
0,-0.13941712119319946,-1.0081748152722887,-0.5642046966058315,0,1,0,0,0,1,0,0,0,0,0,0,1,0,0,0,1,0,0,0,0,0,0,0,0,1,0
0,1.0014137945434884,-1.4734993575273791,-0.5108209456972763,0,1,0,0,1,0,0,0,1,1,0,1,0,1,0,1,0,1,0,1,0,0,1,0,0,0,0
0,0.5532302205040753,0.6536985499244629,0.6900928557331969,0,0,0,0,1,0,1,1,0,0,1,0,1,0,0,0,0,0,0,0,0,0,0,0,0,0,1
0,0.8384379494382472,-1.506736824831314,-0.5756755852308103,0,1,0,0,1,0,0,0,1,1,0,1,0,1,0,1,0,1,0,1,0,0,1,0,0,0,0
0,-0.6283446565089229,0.4875112134047877,-0.39522968339941295,0,0,0,0,1,0,0,0,0,0,1,0,1,0,0,0,1,0,1,0,1,1,0,0,1,0,0
0,0.22727853029359305,-1.4734993575273791,-0.6780312068075443,0,0,1,1,1,0,0,0,1,1,0,1,0,1,0,1,0,1,0,1,0,0,1,1,0,0,1
0,-0.7098325790615434,-1.506736824831314,-0.8730363134321838,0,1,0,0,1,0,0,0,1,1,0,1,0,1,0,1,0,1,0,1,0,1,0,0,0,0,1
0,-0.42462485012737144,-0.47637533840932816,-0.5227330223462927,0,0,0,0,0,1,0,0,0,0,0,0,1,0,0,0,0,0,1,0,1,0,0,1,0,1,0
0,-0.7505765403378537,0.6869360172283978,-0.5046443133607492,1,1,1,0,1,0,1,1,0,0,0,0,0,0,0,0,0,0,0,0,1,0,0,1,0,1,0
0,1.0014137945434884,0.32132387688511255,0.9199518162568106,0,0,1,0,1,0,1,0,0,0,0,0,1,0,1,0,1,0,1,0,0,1,0,0,0,0,0
1,-0.8728084241667845,0.4875112134047877,-0.6422949768604949,0,1,0,0,1,0,0,1,0,0,0,0,0,0,0,0,0,0,0,0,1,0,0,1,1,0,0
0,-1.2802480369298874,-1.4734993575273791,-0.9983337122588753,0,0,1,1,1,0,0,0,1,1,0,1,0,1,0,1,0,1,0,1,0,0,1,0,0,0,1
0,-0.8320644628904743,-1.440261890223444,-0.891566210441765,0,1,1,1,1,0,0,0,1,1,0,1,0,1,0,1,0,1,0,1,0,0,1,0,0,0,0
1,-1.1987601143772668,0.9860732229638132,-0.884066014033125,1,1,1,0,1,0,1,1,0,0,0,0,0,0,0,0,0,0,1,0,1,0,0,1,0,1,0
0,0.1457906077409725,0.9860732229638132,0.5422948676805853,0,1,0,1,1,0,0,1,0,0,0,0,1,0,0,0,0,0,1,0,1,0,0,1,0,1,0
0,-0.6690886177852331,0.9860732229638132,-0.3528756330917989,1,1,0,0,1,0,0,1,0,0,1,0,0,0,0,0,0,0,1,0,1,0,0,1,0,1,0
0,1.3273654847539706,0.2548489422772425,1.0456904031075398,1,1,1,1,1,0,1,0,0,0,1,0,1,0,1,0,0,0,0,0,1,1,0,0,1,0,0
0,-1.2395040756535771,0.32132387688511255,-0.9405380811099437,0,1,0,0,1,0,0,1,0,0,0,0,1,0,0,0,0,0,0,0,0,0,0,0,0,1,0
0,0.3902543753988342,1.3516853633070984,0.9340698330260152,1,0,0,0,1,0,1,1,0,0,1,0,0,0,1,0,0,0,1,0,1,0,0,1,0,1,0
0,1.6125732136881425,1.5511101671307086,2.5369059243547842,0,1,1,1,1,0,0,1,0,0,1,0,1,0,1,0,1,0,1,0,1,0,1,0,0,0,0
0,1.2051336009250397,-1.506736824831314,-0.45434887862045753,0,1,0,0,1,0,0,0,1,1,0,1,0,1,0,1,0,1,0,1,0,0,1,0,0,0,0
0,-1.076528230548336,0.819885886444138,-0.7636216834708476,0,0,0,0,1,0,1,1,0,0,0,0,1,0,0,0,0,0,1,0,0,0,0,1,0,1,0
0,0.6347181430566958,-1.4734993575273791,-0.5500866798366267,0,1,1,0,1,0,0,0,1,1,0,1,0,1,0,1,0,1,0,1,0,0,1,1,0,0,1
0,0.10504664646466222,1.4513977652189036,0.7686243240118978,0,1,0,0,1,0,1,1,0,0,1,0,0,0,1,0,1,0,1,0,1,0,1,1,0,1,0
0,0.797693988161937,-1.506736824831314,-0.5977349864326926,0,1,0,1,1,0,0,0,1,1,0,1,0,1,0,1,0,1,0,1,0,1,0,0,1,0,0
0,-1.2802480369298874,-1.340549488311639,-0.9965689601627248,0,0,0,0,0,1,0,0,0,0,0,0,0,0,0,0,0,0,0,0,0,0,0,1,0,0,1
0,-1.076528230548336,0.5872236153165927,-0.804210981682311,1,1,1,0,1,0,1,1,0,0,0,0,0,0,0,0,0,0,1,0,0,0,0,1,0,1,0
0,1.5718292524118322,0.9528357556598781,1.8632118116492984,0,0,1,0,1,0,1,0,0,0,1,0,1,0,1,0,1,0,1,0,1,0,1,0,1,0,0
0,1.4088534073065913,0.6536985499244629,1.4626130858231154,0,0,1,1,1,0,0,1,0,0,1,0,1,0,1,0,0,0,0,0,0,1,0,0,0,0,0
1,1.1236456783724194,0.22161147497330744,0.9225989444010364,0,1,0,0,1,0,1,0,0,0,1,0,1,0,0,0,0,0,0,0,1,1,0,1,0,1,0
0,-0.38388088885106114,-1.1411246844880287,-0.7080319924421041,0,1,1,1,0,1,0,0,0,0,0,0,0,0,0,0,1,0,0,0,0,0,0,1,0,0,0
0,0.2680224915699033,-0.3434254691935881,-0.04051451207314536,0,1,0,1,0,1,0,0,0,0,0,0,0,0,1,0,1,0,1,0,1,1,0,0,0,0,0
0,-0.7098325790615434,-1.506736824831314,-0.9017135349946308,0,1,1,1,1,0,0,0,1,1,0,1,0,1,0,1,0,1,0,1,0,1,0,1,0,0,1
1,0.8384379494382472,1.2852104286992283,1.4127588391068615,1,1,1,0,1,0,1,1,0,0,0,0,1,0,1,0,0,0,1,0,1,0,0,1,0,1,0
0,-0.3431369275747509,-1.340549488311639,-0.7384739661007017,0,1,1,1,1,0,1,0,1,1,0,1,0,1,0,1,0,1,0,1,0,0,1,0,0,0,1
0,0.18653456901728277,-1.506736824831314,-0.7058260523219159,0,0,1,1,1,0,0,0,1,1,0,1,0,1,0,1,0,1,0,1,0,0,0,0,0,1,0
0,-1.1172721918246462,0.6204610826205278,-0.8289175110284193,1,0,1,1,1,0,0,1,0,0,0,0,1,0,0,0,0,0,0,0,1,0,0,1,0,1,0
1,0.7162060656093164,1.1854980267874233,1.2821671839917181,0,0,1,0,1,0,1,1,0,0,0,0,0,0,0,0,1,0,1,0,1,1,0,1,0,1,0
0,0.8791819107145575,0.9860732229638132,1.2252539288908617,0,0,0,0,1,0,0,1,0,0,0,0,0,0,1,0,0,0,1,0,1,1,0,1,1,0,0
0,-1.1987601143772668,0.32132387688511255,-0.9043606631388568,0,0,0,0,1,0,0,1,0,0,1,0,0,0,0,0,0,0,0,0,0,0,0,1,0,1,0
0,1.4495973685829016,1.4513977652189036,2.1588077877545215,1,1,0,0,1,0,1,1,0,0,0,0,1,0,1,0,1,0,1,0,1,1,0,0,0,1,0
0,-1.1172721918246462,-0.276950534585718,-0.8787717577446732,0,1,0,0,1,0,0,0,0,0,0,0,0,0,1,0,1,0,0,0,0,0,0,0,0,1,0
0,0.02355872391204165,-1.4734993575273791,-0.70317892417769,0,1,0,0,1,0,0,0,1,1,0,1,0,1,0,1,0,1,0,1,0,0,1,0,0,0,1
0,0.3495104141225239,0.5207486807087227,0.4324390496952114,0,0,0,0,1,0,1,0,0,0,0,0,1,0,1,0,0,0,1,0,1,1,0,1,0,1,0
0,0.06430268518835193,-0.11076319806604285,-0.1278697408325993,0,0,1,1,0,1,0,0,0,0,1,0,0,0,1,0,1,0,1,0,1,1,0,0,0,0,1
0,-0.791320501614164,-1.4734993575273791,-0.8950957146340661,0,0,1,1,1,0,0,0,1,1,0,1,0,1,0,1,0,1,0,1,0,0,0,1,0,0,1
0,-0.506112772679992,-1.539974292135249,-0.854065228398565,0,0,0,0,1,0,0,0,1,1,0,1,0,1,0,1,0,1,0,1,0,0,0,1,1,0,0
1,0.7569500268856267,-1.506736824831314,-0.5805286534952244,0,0,0,0,1,0,0,0,1,1,0,1,0,1,0,1,0,1,0,1,0,0,1,0,1,0,0
0,-1.1987601143772668,0.8863608210520081,-0.9003899709225179,1,0,1,0,1,0,1,1,0,0,0,0,1,0,0,0,0,0,0,0,1,0,0,1,1,0,0
0,0.3495104141225239,-0.6425626749290033,-0.19493032048632156,0,0,0,1,1,0,0,0,0,0,0,0,0,0,0,0,0,0,0,0,0,0,0,0,0,0,0
0,-0.791320501614164,-1.506736824831314,-0.9048018511628944,0,0,0,0,1,0,0,0,1,1,0,1,0,1,0,1,0,1,0,1,0,0,0,0,1,0,0
0,0.10504664646466222,-1.3073120210077038,-0.6502363612931725,0,1,1,1,1,0,1,0,1,1,0,1,0,1,0,1,0,1,0,1,0,0,1,0,0,0,0
0,-0.8320644628904743,0.5207486807087227,-0.6250886439230267,1,1,1,0,1,0,0,1,0,0,1,0,0,0,0,0,1,0,0,0,0,0,0,0,0,0,0
0,-1.1580161531009565,0.9860732229638132,-0.8483297840860756,0,1,0,0,1,0,0,1,0,0,1,0,1,0,0,0,1,0,0,0,1,0,0,1,0,0,1
0,0.4309983366751445,-0.5096128057132632,-0.09125113483747468,1,0,0,0,0,1,0,0,0,0,0,0,0,0,1,0,0,0,1,0,1,0,0,1,0,0,0
1,-0.8320644628904743,-1.1743621517919638,-0.8505357242062639,0,0,1,1,0,1,0,0,0,0,0,0,0,0,0,0,1,0,0,0,0,0,0,1,0,0,1
1,1.4495973685829016,1.3516853633070984,2.213073914711152,1,1,1,0,1,0,1,1,0,0,0,0,1,0,1,0,0,0,1,0,1,0,0,1,0,1,0
1,-0.3023929662984406,0.7866484191402029,0.0036042903306192677,1,1,0,0,1,0,1,1,0,0,0,0,1,0,0,0,0,0,1,0,0,0,0,1,0,1,0
0,-1.0357842692720256,-1.4734993575273791,-0.950244217638772,0,0,0,0,1,0,0,0,1,1,0,1,0,1,0,1,0,1,0,1,0,1,0,0,0,0,1
1,1.368109446030281,1.5178726998267735,2.29778201532638,1,1,1,0,1,0,1,1,0,0,0,0,1,0,1,0,1,0,1,0,1,1,0,1,0,1,0
0,0.8384379494382472,1.5178726998267735,1.5671746475200377,0,0,1,0,1,0,0,1,0,0,1,0,1,0,1,0,1,0,1,0,1,1,0,0,0,1,0
1,1.24587756220135,1.4846352325228385,2.0948355242690626,0,1,0,0,1,0,1,1,0,0,1,0,1,0,1,0,0,0,1,0,1,0,0,1,0,0,0
0,1.5310852911355222,1.6508225690425138,2.4001376369031138,1,0,1,1,1,0,1,1,0,0,1,0,1,0,1,0,1,0,1,0,1,0,1,1,0,0,0
1,-0.22090504374582004,-0.9416998806644186,-0.5518514319327774,1,1,1,0,0,1,0,0,0,0,0,0,0,0,0,0,0,0,0,0,1,0,0,0,0,0,0
0,-1.2802480369298874,0.18837400766937243,-0.976274311056993,1,0,0,0,1,0,0,1,0,0,0,0,0,0,0,0,0,0,0,0,0,0,0,0,0,0,1
0,-1.1172721918246462,-1.506736824831314,-0.9590679781195248,0,0,0,0,1,0,0,0,1,1,0,1,0,1,0,1,0,1,0,1,0,0,0,0,0,0,1
1,0.18653456901728277,-1.506736824831314,-0.6864137792642595,0,0,1,0,1,0,0,0,1,1,0,1,0,1,0,1,0,1,0,1,0,1,0,0,0,0,1
0,-1.1987601143772668,-0.8087500114486784,-0.9498030296147343,1,1,0,0,0,1,0,0,0,0,0,0,0,0,1,0,0,0,1,0,0,0,0,1,0,0,1
0,-0.8320644628904743,0.3877988114929826,-0.6131765672740102,0,0,0,1,1,0,1,1,0,0,0,0,0,0,0,0,0,0,0,0,0,0,0,1,0,1,0
0,0.22727853029359305,-1.506736824831314,-0.6705310103989042,0,0,1,1,1,0,0,0,1,1,0,1,0,1,0,1,0,1,0,1,0,1,0,0,1,0,0
0,-0.9542963467194051,0.6869360172283978,-0.6625896259662266,0,0,0,0,1,0,0,1,0,0,0,0,0,0,1,0,0,0,0,0,1,0,0,1,1,0,0
0,-0.791320501614164,0.022186671149697273,-0.6092058750576714,0,1,1,0,1,0,1,0,0,0,1,0,0,0,0,0,0,0,0,0,1,0,0,1,0,1,0
1,-0.13941712119319946,0.9860732229638132,0.1633143550322472,1,1,1,0,1,0,1,1,0,0,0,0,0,0,0,0,0,0,1,0,1,0,0,1,0,1,0
0,0.5939741817803856,-1.4734993575273791,-0.5589104403173797,0,0,1,1,1,0,0,0,1,1,0,1,0,1,0,1,0,1,0,1,0,0,1,0,1,0,0
0,1.1643896396487294,1.1522605594834883,1.6148229541161034,0,1,1,0,1,0,1,1,0,0,1,0,0,0,1,0,1,0,1,0,0,0,0,0,0,0,0
0,-0.6690886177852331,-1.4734993575273791,-0.8858307661292756,0,1,0,0,1,0,0,0,1,1,0,1,0,1,0,1,0,1,0,1,0,0,0,0,0,0,1
0,0.3495104141225239,0.45427374610085264,0.3719962904020539,0,0,1,1,1,0,0,0,0,0,1,0,1,0,0,0,1,0,1,0,1,0,1,0,0,1,0
0,0.4309983366751445,-1.3073120210077038,-0.5350862870193468,0,0,0,1,1,0,1,0,1,1,0,1,0,1,0,1,0,1,0,1,0,0,1,1,0,1,0
0,0.1457906077409725,1.0857856248756181,0.5180295263585148,1,0,1,1,1,0,1,1,0,0,0,0,1,0,1,0,0,0,1,0,0,0,0,1,0,0,0
0,-1.076528230548336,-0.310188001889653,-0.8571535445668286,0,0,0,0,1,0,0,0,0,0,0,0,0,0,0,0,0,0,0,0,1,0,0,1,0,1,0
0,1.0421577558197987,0.22161147497330744,0.889509842598213,0,0,0,0,1,0,1,0,0,0,1,0,1,0,1,0,1,0,0,0,0,1,0,1,1,0,0
0,-0.5468567339563023,-0.11076319806604285,-0.524938962466481,0,1,0,0,1,0,0,0,0,0,0,0,0,0,0,0,1,0,1,0,0,0,0,1,1,0,0
0,-0.8728084241667845,-0.6425626749290033,-0.7772985122160146,0,1,1,0,1,0,0,0,0,0,0,0,0,0,0,0,0,0,0,0,0,0,0,1,0,0,0
0,0.2680224915699033,-0.8087500114486784,-0.2880209935582649,0,0,0,0,0,1,0,0,0,0,1,0,1,0,0,0,1,0,0,0,0,1,0,1,0,0,0
1,-0.9950403079957154,0.7534109518362679,-0.6925904116007865,0,0,0,0,1,0,0,1,0,0,0,0,1,0,0,0,0,0,1,0,0,0,0,1,0,1,0
0,-0.26164900502213034,-0.5096128057132632,-0.44905462233200577,0,0,0,1,1,0,1,0,0,0,0,0,0,0,0,0,0,0,0,0,0,0,0,1,0,0,1
1,0.8384379494382472,0.2880864095811775,0.7589181874830696,0,0,0,0,1,0,0,1,0,0,0,0,1,0,0,0,0,0,0,0,0,0,0,1,1,0,0
0,1.5310852911355222,-1.506736824831314,-0.3890530510628859,0,0,1,1,1,0,0,0,1,1,0,1,0,1,0,1,0,1,0,1,0,0,1,1,0,0,1
0,-1.2802480369298874,-0.6425626749290033,-0.9873040116579342,1,1,0,0,0,1,0,0,0,0,0,0,0,0,0,0,0,0,1,0,1,0,0,1,0,0,1
0,1.082901717096109,-1.3073120210077038,-0.3409635564427825,0,1,0,0,1,0,1,0,1,1,0,1,0,1,0,1,0,1,0,1,0,0,1,0,0,0,1
0,-1.2395040756535771,0.9860732229638132,-0.9286260044609272,1,1,0,0,1,0,0,1,0,0,0,0,0,0,1,0,0,0,1,0,1,0,0,0,0,1,0
0,-1.0357842692720256,-0.9749373479683536,-0.8906838343936897,0,1,0,0,0,1,0,0,0,0,1,0,0,0,1,0,0,0,0,0,0,1,0,0,0,0,1
0,-0.8320644628904743,-0.6758001422329384,-0.7953872212015581,1,0,0,1,1,0,0,0,0,0,0,0,0,0,0,0,0,0,0,0,0,0,0,1,0,1,0
0,1.082901717096109,0.3877988114929826,0.9962773444153233,0,1,1,1,1,0,0,0,0,0,0,0,1,0,1,0,1,0,1,0,1,1,0,0,1,0,0
0,1.1643896396487294,0.5539861480126578,1.1881941348716996,0,1,1,1,1,0,1,0,0,0,0,0,0,0,1,0,1,0,1,0,1,0,1,1,0,0,0
0,1.6125732136881425,1.3516853633070984,2.3202826045523,0,1,1,1,1,0,1,1,0,0,1,0,0,0,1,0,0,0,1,0,1,0,1,1,0,0,0
0,-0.791320501614164,-1.539974292135249,-0.8964192787061791,0,0,1,1,1,0,0,0,1,1,0,1,0,1,0,1,0,1,0,1,0,0,0,0,0,0,1
0,1.2866215234776603,-1.340549488311639,-0.3034625743995825,0,0,1,1,1,0,1,0,1,1,0,1,0,1,0,1,0,1,0,1,0,1,0,0,0,0,1
0,-1.2802480369298874,-1.373786955615574,-0.9970101481867625,1,1,1,0,0,1,0,0,0,0,0,0,0,0,0,0,0,0,0,0,0,0,0,1,0,1,0
0,-0.9135523854430948,-0.011050796154237758,-0.7049436762738406,0,0,0,0,1,0,0,0,0,0,0,0,1,0,0,0,1,0,0,0,1,1,0,0,0,0,1
0,1.3273654847539706,-0.11076319806604285,0.7020049323822133,0,0,1,1,1,0,0,0,0,0,1,0,1,0,1,0,0,0,0,0,0,1,0,0,0,0,0
0,1.2051336009250397,1.6175851017385787,2.033069200903792,0,0,1,0,1,0,1,1,0,0,1,0,1,0,1,0,1,0,1,0,1,0,1,0,0,0,1
0,0.9199258719908678,0.853123353748073,1.1617228534294406,0,0,1,0,1,0,1,0,0,0,1,0,1,0,1,0,1,0,1,0,1,1,0,1,0,1,0
0,-0.3023929662984406,-0.3434254691935881,-0.40140631573594,0,0,1,0,1,0,1,0,0,0,0,0,1,0,0,0,0,0,0,0,0,0,0,0,0,1,0
0,-1.2802480369298874,-1.1743621517919638,-0.9943630200425365,1,1,0,0,0,1,0,0,0,0,1,0,0,0,0,0,0,0,0,0,0,0,0,0,0,0,1
0,-1.2802480369298874,-0.5096128057132632,-0.9855392595617837,0,1,0,0,1,0,0,0,0,0,1,0,0,0,0,0,0,0,0,0,0,0,0,1,1,0,0
0,1.082901717096109,1.2187354940913584,1.6571770044237175,1,0,1,0,1,0,1,1,0,0,0,0,1,0,0,0,0,0,1,0,1,0,0,0,0,1,0
1,1.2866215234776603,-1.340549488311639,-0.3241984115293519,0,1,1,1,1,0,1,0,1,1,0,1,0,1,0,1,0,1,0,1,0,0,1,1,0,0,0
0,0.1457906077409725,1.0193106902677482,0.5105293299498748,0,1,1,0,1,0,1,1,0,0,0,0,0,0,0,0,0,0,1,0,1,0,0,1,0,0,0
0,-1.1987601143772668,-0.47637533840932816,-0.9405380811099437,1,0,0,0,1,0,1,0,0,0,0,0,0,0,0,0,0,0,0,0,0,0,0,1,0,0,1
0,1.1643896396487294,0.1551365403654374,0.8573031168434648,0,1,1,0,1,0,1,0,0,0,1,0,0,0,1,0,0,0,0,0,1,0,1,1,0,0,1
0,-0.26164900502213034,-0.8419874787526135,-0.5558221241491161,0,1,0,1,0,1,0,0,0,0,0,0,1,0,0,0,0,0,1,0,0,1,0,1,0,0,0
0,-1.2802480369298874,-0.310188001889653,-0.9828921314175577,1,0,0,0,1,0,0,0,0,0,0,0,0,0,0,0,0,0,0,0,1,0,0,1,0,1,0
1,-1.2802480369298874,0.853123353748073,-0.9674505505762402,1,0,1,0,1,0,1,1,0,0,0,0,1,0,0,0,0,0,1,0,0,0,0,1,0,1,0
0,1.4495973685829016,1.2852104286992283,2.1138066093026815,0,1,1,1,1,0,0,1,0,0,1,0,1,0,1,0,0,0,1,0,1,0,1,1,1,0,0
1,-1.2395040756535771,0.7201734845323329,-0.9383321409897555,1,1,1,0,1,0,1,1,0,0,0,0,0,0,0,0,0,0,1,0,0,0,0,1,0,0,1
0,1.6125732136881425,0.9860732229638132,2.014539303894211,0,0,1,0,1,0,1,1,0,0,1,0,1,0,1,0,1,0,0,0,0,0,1,1,0,0,0
0,1.5718292524118322,-0.5760877403211333,0.4324390496952114,0,0,1,0,0,1,0,0,0,0,0,0,0,0,1,0,1,0,0,0,1,0,1,1,0,1,0
0,1.0014137945434884,-1.4734993575273791,-0.4547900666444952,0,1,0,0,1,0,0,0,1,1,0,1,0,1,0,1,0,1,0,1,0,0,1,0,1,0,0
0,-1.1580161531009565,-1.506736824831314,-0.977597875129106,0,1,0,0,1,0,0,0,1,1,0,1,0,1,0,1,0,1,0,1,0,0,0,1,0,0,1
1,-1.2802480369298874,0.18837400766937243,-0.976274311056993,0,0,0,0,1,0,0,1,0,0,0,0,0,0,0,0,0,0,0,0,0,0,0,1,0,1,0
0,1.6125732136881425,0.5539861480126578,1.5296736654768377,0,1,1,1,1,0,1,0,0,0,1,0,1,0,1,0,1,0,0,0,1,0,1,0,1,0,0
0,-0.46536881140368175,0.35456134418904756,-0.3237572235053143,0,1,1,1,1,0,1,0,0,0,1,0,0,0,0,0,0,0,1,0,1,1,0,1,0,0,0
0,1.5718292524118322,-1.340549488311639,-0.20860714923148857,0,0,1,1,1,0,1,0,1,1,0,1,0,1,0,1,0,1,0,1,0,0,1,0,0,0,0
1,-0.13941712119319946,1.1522605594834883,0.29522957421950347,1,0,1,0,1,0,1,1,0,0,0,0,0,0,1,0,0,0,1,0,1,0,0,1,0,0,0
1,1.4903413298592119,1.5178726998267735,2.2871935027494765,0,0,0,0,1,0,1,1,0,0,1,0,0,0,1,0,1,0,1,0,1,0,1,0,1,0,0
0,1.2866215234776603,0.6869360172283978,1.4123176510828237,0,0,1,0,1,0,1,0,0,0,1,0,0,0,1,0,1,0,1,0,1,0,1,1,1,0,0
0,-0.6690886177852331,-1.506736824831314,-0.8774481936725603,0,1,0,0,1,0,0,0,1,1,0,1,0,1,0,1,0,1,0,1,0,0,0,0,1,0,0
0,-1.1580161531009565,-1.373786955615574,-0.9643622344079766,0,0,0,0,1,0,1,0,1,1,0,1,0,1,0,1,0,1,0,1,0,1,0,0,0,1,0
0,0.797693988161937,1.5511101671307086,1.602910877467087,1,0,0,0,1,0,1,1,0,0,1,0,1,0,0,0,1,0,1,0,1,1,0,1,1,0,0
0,-1.2395040756535771,-0.310188001889653,-0.9573032260233743,1,1,0,0,1,0,0,0,0,0,1,0,0,0,1,0,0,0,0,0,0,0,0,1,0,0,1
0,-1.2802480369298874,-1.506736824831314,-0.998774900282913,0,1,0,0,1,0,0,0,1,1,0,1,0,1,0,1,0,1,0,1,0,0,0,0,0,0,1
0,-0.5876006952326126,-1.3073120210077038,-0.7971519732977087,0,1,0,0,0,1,0,0,0,0,0,0,0,0,0,0,0,0,0,0,0,0,0,0,0,0,1
0,-1.2395040756535771,-0.3434254691935881,-0.9625974823118261,0,0,0,0,1,0,1,0,0,0,0,0,1,0,0,0,0,0,0,0,0,0,0,0,0,0,1
0,-0.5468567339563023,-0.1772381326739129,-0.508615005577088,0,0,1,0,1,0,0,0,0,0,0,0,1,0,0,0,0,0,0,0,1,0,0,1,0,0,1
0,0.3087664528462136,0.6204610826205278,0.5511186281613383,0,0,0,0,1,0,1,1,0,0,0,0,0,0,0,0,0,0,0,0,1,0,0,0,0,0,0
1,1.368109446030281,1.3184478960031634,2.033069200903792,0,0,1,1,1,0,1,1,0,0,0,0,1,0,1,0,0,0,1,0,1,1,0,1,0,1,0
0,-0.46536881140368175,0.35456134418904756,-0.3144922750005237,0,1,0,0,1,0,1,1,0,0,0,0,0,0,0,0,0,0,0,0,0,0,0,0,0,0,1
0,-0.9950403079957154,0.0554241384536323,-0.7777397002400522,0,1,0,0,1,0,0,0,0,0,0,0,1,0,0,0,1,0,1,0,0,0,0,1,0,1,0
0,1.6125732136881425,1.4846352325228385,2.4579332680520456,0,0,1,1,1,0,0,1,0,0,1,0,1,0,1,0,1,0,1,0,1,0,1,1,1,0,0
0,0.6347181430566958,0.2880864095811775,0.5727368413391829,0,0,0,0,1,0,1,0,0,0,0,0,1,0,1,0,1,0,1,0,0,1,0,1,0,0,0
0,1.4903413298592119,-1.506736824831314,-0.36875840195715415,0,1,0,0,1,0,0,0,1,1,0,1,0,1,0,1,0,1,0,1,0,0,1,1,0,0,0
0,1.6125732136881425,1.7837724382582538,2.7636765687101343,0,1,0,0,1,0,1,1,0,0,1,0,1,0,1,0,1,0,1,0,1,0,1,1,0,1,0
0,-0.7505765403378537,-0.44313787110539316,-0.6864137792642595,0,0,0,0,1,0,0,0,0,0,0,0,1,0,0,0,0,0,0,0,0,1,0,0,1,0,0
0,-1.076528230548336,-0.1772381326739129,-0.8496533481581886,0,1,0,0,1,0,0,0,0,0,0,0,1,0,0,0,0,0,1,0,0,0,0,0,0,1,0
0,-0.9950403079957154,-1.506736824831314,-0.9370085769176425,0,0,1,1,1,0,0,0,1,1,0,1,0,1,0,1,0,1,0,1,0,0,1,0,0,0,0
0,-0.6283446565089229,-1.506736824831314,-0.8836248260090873,0,0,0,0,1,0,0,0,1,1,0,1,0,1,0,1,0,1,0,1,0,1,0,0,0,0,1
0,1.3273654847539706,0.9528357556598781,1.6704126451448469,0,1,0,0,1,0,1,1,0,0,1,0,0,0,0,0,1,0,0,0,1,1,0,0,0,1,0
0,1.0014137945434884,-0.1772381326739129,0.4372921179596255,0,0,1,1,1,0,0,0,0,0,1,0,0,0,1,0,1,0,0,0,0,1,0,1,0,0,1
0,-0.791320501614164,1.2519729613952935,-0.40758294807246703,1,1,1,0,1,0,1,1,0,0,0,0,0,0,1,0,0,0,1,0,1,0,0,1,1,0,0
1,-0.5468567339563023,1.0193106902677482,-0.2231663540247309,1,1,0,0,1,0,0,1,0,0,0,0,0,0,1,0,0,0,1,0,1,0,0,1,1,0,0
0,0.9606698332671781,1.4846352325228385,1.6880601661063528,0,0,1,0,1,0,1,1,0,0,1,0,1,0,1,0,0,0,1,0,1,1,0,0,0,0,0
0,-0.7505765403378537,0.45427374610085264,-0.5121445097693892,0,0,1,0,1,0,0,1,0,0,0,0,0,0,0,0,0,0,0,0,1,0,0,1,0,1,0
0,0.797693988161937,-0.8419874787526135,-0.11595766418358287,0,1,1,0,0,1,0,0,0,0,1,0,0,0,0,0,0,0,0,0,1,0,0,1,0,1,0
0,1.0421577558197987,-0.011050796154237758,0.6671510784832393,0,0,0,0,1,0,0,0,0,0,1,0,1,0,1,0,1,0,0,0,0,0,1,1,1,0,0
1,0.5939741817803856,1.0193106902677482,0.9799533875259304,1,0,0,0,1,0,1,1,0,0,0,0,1,0,0,0,1,0,1,0,0,0,0,1,0,1,0
0,1.4088534073065913,-0.3766629364975231,0.5718544652911076,0,0,0,0,0,1,0,0,0,0,0,0,0,0,1,0,1,0,1,0,1,0,0,1,1,0,0
0,-1.2395040756535771,-1.340549488311639,-0.9855392595617837,0,1,0,0,0,1,0,0,0,0,0,0,0,0,0,0,0,0,0,0,0,0,0,1,1,0,0
1,-1.076528230548336,-0.6758001422329384,-0.885389578105238,0,1,0,0,1,0,0,0,0,0,0,0,0,0,0,0,0,0,0,0,0,0,0,0,1,0,0
0,1.5718292524118322,1.6508225690425138,2.59955462376813,0,1,1,1,1,0,1,1,0,0,1,0,1,0,1,0,1,0,1,0,1,0,1,1,0,0,0
0,0.5532302205040753,-1.4734993575273791,-0.6145001313461231,0,0,1,1,1,0,0,0,1,1,0,1,0,1,0,1,0,1,0,1,0,0,1,0,0,0,0
0,-1.1172721918246462,-0.3766629364975231,-0.892889774513878,1,0,0,0,1,0,0,0,0,0,1,0,0,0,0,0,1,0,0,0,0,0,0,0,1,0,0
1,1.4088534073065913,0.6204610826205278,1.458201205582739,0,1,1,0,1,0,1,1,0,0,1,0,1,0,0,0,0,0,0,0,0,0,0,0,0,0,0
0,-1.1987601143772668,-1.4734993575273791,-0.985098071537746,0,1,0,1,1,0,0,0,1,1,0,1,0,1,0,1,0,1,0,1,0,0,0,0,0,0,0
0,-1.1987601143772668,-1.506736824831314,-0.9815685673454448,0,0,0,0,1,0,0,0,1,1,0,1,0,1,0,1,0,1,0,1,0,0,0,0,0,0,1
1,0.797693988161937,1.3184478960031634,1.449377445101986,1,1,1,0,1,0,1,1,0,0,1,0,0,0,1,0,0,0,1,0,1,0,0,1,0,1,0
0,0.3902543753988342,-0.47637533840932816,-0.0352202557846936,1,0,1,0,1,0,1,0,0,0,0,0,0,0,0,0,0,0,0,0,0,0,0,1,0,1,0
0,0.7162060656093164,-1.4734993575273791,-0.5933231061923161,0,1,1,1,1,0,0,0,1,1,0,1,0,1,0,1,0,1,0,1,0,1,0,1,0,0,1
1,-0.38388088885106114,0.853123353748073,-0.11419291208743228,0,1,1,0,1,0,0,1,0,0,1,0,1,0,0,0,0,0,0,0,1,0,0,1,0,1,0
0,1.4088534073065913,-0.3434254691935881,0.5912667383487641,0,0,1,1,0,1,0,0,0,0,1,0,1,0,1,0,1,0,1,0,0,0,1,0,1,0,0
0,-0.3023929662984406,1.1522605594834883,0.038016956205555674,1,0,0,0,1,0,0,1,0,0,0,0,1,0,1,0,0,0,1,0,1,0,0,1,0,1,0
1,0.2680224915699033,1.1522605594834883,0.7033284964543263,0,0,1,0,1,0,0,1,0,0,1,0,1,0,0,0,0,0,1,0,1,1,0,0,0,0,1
0,1.4903413298592119,0.0554241384536323,1.0121601132806786,0,0,0,0,1,0,1,0,0,0,1,0,1,0,0,0,1,0,0,0,0,0,1,1,0,0,1
0,-1.2802480369298874,-1.3073120210077038,-0.9961277721386872,0,0,0,0,0,1,0,0,0,0,0,0,0,0,0,0,0,0,0,0,0,1,0,0,0,0,1
0,-0.01718523736426863,0.8863608210520081,0.2594933442724541,0,1,0,0,1,0,0,1,0,0,0,0,0,0,0,0,0,0,1,0,1,0,0,0,0,1,0
0,-0.9542963467194051,0.22161147497330744,-0.71067912058633,1,0,0,0,1,0,0,1,0,0,0,0,0,0,0,0,0,0,0,0,0,0,0,0,0,1,0
0,-0.6690886177852331,0.9528357556598781,-0.31316871092841075,1,0,0,0,1,0,0,1,0,0,0,0,1,0,1,0,0,0,0,0,1,0,0,1,1,0,0
0,1.1236456783724194,-1.4734993575273791,-0.44684868221181756,0,1,1,1,1,0,0,0,1,1,0,1,0,1,0,1,0,1,0,1,0,0,1,1,0,0,0
0,1.6125732136881425,1.4846352325228385,2.3948433806146623,0,0,1,1,1,0,1,1,0,0,0,0,1,0,1,0,1,0,1,0,1,0,1,1,0,0,0
0,-1.1172721918246462,-1.506736824831314,-0.9515677817108849,1,1,1,0,1,0,0,0,1,1,0,1,0,1,0,1,0,1,0,1,0,0,0,0,0,0,1
1,-0.26164900502213034,0.6869360172283978,-0.03963213602507006,0,0,0,0,1,0,0,1,0,0,1,0,0,0,0,0,0,0,1,0,0,0,0,1,1,0,0
0,-1.1987601143772668,-1.506736824831314,-0.978921439201219,1,1,0,0,1,0,0,0,1,1,0,1,0,1,0,1,0,1,0,1,0,0,0,0,0,0,1
0,-1.2395040756535771,-1.506736824831314,-0.9934806439944612,0,1,0,0,1,0,0,0,1,1,0,1,0,1,0,1,0,1,0,1,0,0,0,1,0,1,0
0,-1.2395040756535771,-1.4734993575273791,-0.9903923278261978,0,0,0,1,1,0,0,0,1,1,0,1,0,1,0,1,0,1,0,1,0,1,0,0,0,0,0
0,0.1457906077409725,0.819885886444138,0.46994003173841137,0,0,0,0,1,0,1,0,0,0,1,0,0,0,1,0,1,0,1,0,1,1,0,1,1,0,0
0,-1.0357842692720256,0.32132387688511255,-0.7720042559275628,0,1,0,0,1,0,0,1,0,0,1,0,0,0,0,0,0,0,0,0,0,0,0,0,0,0,1
1,1.1236456783724194,-0.5096128057132632,0.27537611313780935,0,0,1,0,0,1,0,0,0,0,0,0,1,0,0,0,0,0,1,0,1,0,1,1,1,0,0
0,-0.5468567339563023,0.819885886444138,-0.29243287379864136,0,0,1,0,1,0,1,1,0,0,0,0,1,0,0,0,0,0,0,0,1,0,0,1,0,1,0
1,0.512486259227765,0.35456134418904756,0.5281768509113807,0,1,1,0,1,0,1,0,0,0,1,0,0,0,1,0,1,0,0,0,1,0,1,0,1,0,0
1,-1.1580161531009565,0.18837400766937243,-0.8778893816965979,0,1,0,0,1,0,0,1,0,0,0,0,0,0,0,0,0,0,0,0,0,0,0,1,0,1,0
0,-0.05792919864057891,1.3184478960031634,0.4236152892144585,1,0,1,1,1,0,1,1,0,0,0,0,0,0,1,0,1,0,1,0,1,0,0,1,0,1,0
0,0.5939741817803856,0.853123353748073,0.8180373827041143,0,1,1,1,1,0,0,1,0,0,1,0,0,0,1,0,0,0,0,0,1,0,0,0,0,1,0
0,-1.2802480369298874,0.4875112134047877,-0.9723036188406543,1,1,0,0,1,0,0,1,0,0,0,0,0,0,0,0,0,0,0,0,1,0,0,1,0,1,0
0,-1.2802480369298874,-0.6758001422329384,-0.9877451996819718,1,0,0,0,1,0,0,0,0,0,0,0,0,0,0,0,0,0,0,0,0,0,0,1,0,0,0
0,-1.2802480369298874,-1.506736824831314,-0.998774900282913,0,0,0,0,1,0,0,0,1,1,0,1,0,1,0,1,0,1,0,1,0,0,0,0,1,0,0
1,1.082901717096109,0.7866484191402029,1.352316079813704,0,0,1,1,1,0,1,1,0,0,0,0,0,0,1,0,0,0,0,0,1,0,0,1,1,0,0
0,-0.9135523854430948,0.18837400766937243,-0.7164145648988194,1,1,1,0,1,0,0,1,0,0,0,0,0,0,0,0,0,0,0,0,0,0,0,1,0,1,0
1,0.10504664646466222,0.8863608210520081,0.3958204437000868,0,1,0,0,1,0,1,1,0,0,1,0,0,0,0,0,0,0,0,0,1,0,0,0,1,0,0
0,-1.1580161531009565,-1.1743621517919638,-0.9550972859031861,1,1,0,0,0,1,0,0,0,0,0,0,0,0,1,0,0,0,0,0,0,0,0,1,0,1,0
0,-0.01718523736426863,0.853123353748073,0.3265539239261763,0,1,1,1,1,0,0,1,0,0,1,0,1,0,0,0,0,0,0,0,1,1,0,1,0,1,0
0,0.4309983366751445,0.42103627879691763,0.47744022814705134,1,1,0,0,1,0,1,1,0,0,0,0,1,0,0,0,0,0,0,0,0,0,0,1,0,1,0
0,-1.1580161531009565,-0.3434254691935881,-0.9211258080522873,1,1,0,0,1,0,0,0,0,0,0,0,0,0,0,0,0,0,0,0,1,0,0,0,0,1,0
1,0.8791819107145575,-1.539974292135249,-0.552292619956815,0,0,1,0,1,0,0,0,1,1,0,1,0,1,0,1,0,1,0,1,0,0,1,1,0,0,1
1,-0.8728084241667845,1.0193106902677482,-0.5672930127740949,1,0,0,0,1,0,1,1,0,0,0,0,0,0,0,0,0,0,1,0,1,0,0,1,0,0,0
1,1.368109446030281,1.2519729613952935,1.8477702308079809,0,0,0,0,1,0,1,1,0,0,1,0,0,0,0,0,0,0,1,0,1,0,1,1,0,0,0
0,1.1643896396487294,1.1522605594834883,1.746296985279322,0,1,1,1,1,0,1,1,0,0,0,0,0,0,1,0,0,0,1,0,1,1,0,1,0,1,0
0,1.6125732136881425,0.7866484191402029,1.8610058715291102,0,1,1,1,1,0,1,0,0,0,1,0,1,0,1,0,1,0,1,0,1,0,1,0,1,0,0
0,0.4717422979514547,-0.3434254691935881,0.015075178955598071,0,1,1,1,0,1,0,0,0,0,0,0,0,0,1,0,1,0,1,0,1,1,0,1,0,1,0
0,0.3495104141225239,-0.310188001889653,-0.02021986296741363,0,1,0,0,1,0,1,0,0,0,0,0,0,0,1,0,0,0,0,0,0,0,0,1,0,0,0
0,0.7162060656093164,1.2852104286992283,1.3006970810012992,0,1,1,0,1,0,1,1,0,0,1,0,0,0,1,0,0,0,1,0,1,1,0,1,0,1,0
0,0.5939741817803856,1.5178726998267735,1.3201093540589557,1,1,1,0,1,0,1,1,0,0,1,0,0,0,1,0,1,0,1,0,1,1,0,1,1,0,0
0,-0.9950403079957154,-1.4734993575273791,-0.9343614487734166,0,1,1,1,1,0,0,0,1,1,0,1,0,1,0,1,0,1,0,1,0,0,1,0,0,0,1
0,-0.5876006952326126,-1.4734993575273791,-0.8492121601341509,0,1,0,0,1,0,0,0,1,1,0,1,0,1,0,1,0,1,0,1,0,0,0,0,0,0,1
0,1.6125732136881425,0.8863608210520081,1.9108601182453642,0,1,1,1,1,0,1,0,0,0,1,0,1,0,1,0,1,0,1,0,1,0,1,1,1,0,0
0,-1.2802480369298874,0.5207486807087227,-0.9718624308166166,1,1,0,0,1,0,0,1,0,0,0,0,0,0,0,0,0,0,0,0,1,0,0,0,0,1,0
1,0.3902543753988342,-0.310188001889653,0.06095873345551328,0,0,0,0,1,0,1,0,0,0,0,0,0,0,1,0,0,0,0,0,0,0,0,0,0,1,0
1,-0.5876006952326126,0.32132387688511255,-0.43626016963491404,0,0,0,0,1,0,0,1,0,0,0,0,1,0,0,0,0,0,0,0,0,0,0,1,0,1,0
0,-0.791320501614164,1.3184478960031634,-0.43405422951472583,0,0,0,1,1,0,1,1,0,0,0,0,1,0,1,0,0,0,1,0,1,1,0,1,1,0,0
0,1.4495973685829016,0.6204610826205278,1.5221734690681976,0,0,1,1,1,0,1,1,0,0,0,0,1,0,0,0,1,0,0,0,0,1,0,1,0,0,0
0,-1.1580161531009565,0.2548489422772425,-0.8725951254081462,1,1,0,0,1,0,1,1,0,0,0,0,0,0,0,0,0,0,0,0,0,0,0,1,0,0,0
0,1.4903413298592119,1.5178726998267735,2.2708695458600836,0,1,0,0,1,0,1,1,0,0,1,0,1,0,1,0,0,0,1,0,1,0,1,1,1,0,0
0,-0.6283446565089229,-0.44313787110539316,-0.6100882511057467,1,1,0,0,1,0,0,0,0,0,0,0,0,0,0,0,1,0,0,0,0,0,0,0,0,0,1
0,-0.3023929662984406,-1.3073120210077038,-0.7292090175959112,0,1,1,1,1,0,1,0,1,1,0,1,0,1,0,1,0,1,0,1,0,0,1,0,1,0,0
1,0.4309983366751445,0.819885886444138,0.6940635479495356,1,1,0,0,1,0,0,1,0,0,0,0,0,0,0,0,0,0,1,0,1,0,0,1,0,0,1
0,1.082901717096109,-1.506736824831314,-0.4680257073656246,0,0,1,1,1,0,0,0,1,1,0,1,0,1,0,1,0,1,0,1,0,0,1,0,1,0,0
1,-1.1172721918246462,0.5207486807087227,-0.8421531517495486,0,0,0,0,1,0,0,1,0,0,1,0,1,0,0,0,0,0,0,0,0,0,0,0,0,1,0
0,-0.46536881140368175,0.42103627879691763,-0.29022693367845315,1,1,1,1,1,0,1,0,0,0,1,0,1,0,0,0,1,0,1,0,0,1,0,0,0,0,1
0,1.4903413298592119,1.3516853633070984,2.184396693148705,0,0,1,1,1,0,1,1,0,0,1,0,1,0,1,0,1,0,1,0,0,1,0,1,1,0,0
0,-0.791320501614164,-1.3073120210077038,-0.8611242367831674,0,1,0,0,0,1,0,0,0,0,0,0,0,0,0,0,0,0,0,0,0,0,0,1,0,0,0
0,0.3902543753988342,1.0193106902677482,0.7395059144254132,1,1,1,0,1,0,1,1,0,0,0,0,1,0,1,0,0,0,1,0,0,0,0,1,0,0,0
0,0.797693988161937,1.0193106902677482,1.237607193563916,0,1,1,0,1,0,1,1,0,0,0,0,1,0,0,0,1,0,0,0,1,0,0,1,1,0,0
1,0.5532302205040753,0.6869360172283978,0.7439177946657897,1,1,0,0,1,0,0,1,0,0,1,0,0,0,0,0,0,0,0,0,1,0,0,0,0,1,0
0,1.1643896396487294,0.5207486807087227,1.1370163240833324,0,1,1,0,1,0,1,0,0,0,1,0,1,0,1,0,1,0,0,0,1,0,1,1,0,0,0
0,-0.13941712119319946,-1.340549488311639,-0.6595013097979631,0,1,0,0,0,1,0,0,0,0,0,0,0,0,0,0,0,0,0,0,0,1,0,1,0,0,1
0,-0.3023929662984406,-0.3434254691935881,-0.44861343430796813,0,0,0,1,1,0,0,0,0,0,0,0,1,0,0,0,1,0,0,0,0,1,0,1,1,0,0
0,-1.1172721918246462,0.6869360172283978,-0.7997991014419346,1,0,1,1,1,0,0,1,0,0,0,0,0,0,0,0,1,0,1,0,0,0,0,1,0,1,0
0,-0.7098325790615434,-0.47637533840932816,-0.7036201122017277,0,1,0,0,0,1,0,0,0,0,0,0,0,0,1,0,0,0,1,0,1,1,0,0,0,1,0
0,-0.5468567339563023,-1.4734993575273791,-0.8364177074370592,0,0,1,1,1,0,0,0,1,1,0,1,0,1,0,1,0,1,0,1,0,0,1,0,0,0,1
0,0.4717422979514547,-1.4734993575273791,-0.6343535924278172,0,1,0,0,1,0,0,0,1,1,0,1,0,1,0,1,0,1,0,1,0,0,1,0,0,0,1
1,-1.076528230548336,1.1190230921795532,-0.7600921792785464,1,0,0,0,1,0,1,1,0,0,0,0,1,0,0,0,0,0,1,0,1,0,0,1,0,1,0
0,1.0421577558197987,0.22161147497330744,0.8590678689396154,0,1,1,1,1,0,1,0,0,0,1,0,1,0,1,0,1,0,0,0,0,0,1,0,1,0,0
0,1.2051336009250397,0.5539861480126578,1.1912824510399629,0,1,1,1,1,0,0,1,0,0,1,0,1,0,0,0,0,0,0,0,0,1,0,1,1,0,0
0,1.5310852911355222,-0.21047559997784793,0.8074488701272108,0,0,1,1,0,1,0,0,0,0,0,0,1,0,1,0,1,0,1,0,1,1,0,1,0,0,0
1,-1.2802480369298874,-1.3073120210077038,-0.9961277721386872,1,0,0,0,0,1,0,0,0,0,0,0,0,0,0,0,0,0,0,0,0,0,0,1,0,0,1
0,-0.9135523854430948,-0.3766629364975231,-0.7772985122160146,0,1,1,1,0,1,0,0,0,0,1,0,1,0,1,0,1,0,0,0,1,0,1,0,1,0,0
0,-0.26164900502213034,-1.506736824831314,-0.799357913417897,0,1,0,0,1,0,0,0,1,1,0,1,0,1,0,1,0,1,0,1,0,1,0,1,0,0,0
0,1.368109446030281,0.819885886444138,1.6293821589093458,0,1,0,0,1,0,1,1,0,0,0,0,1,0,0,0,0,0,0,0,1,0,0,0,1,0,0
0,-1.0357842692720256,0.1551365403654374,-0.7839163325765793,1,0,1,1,1,0,0,1,0,0,0,0,0,0,0,0,0,0,0,0,0,0,0,1,0,1,0
0,0.7569500268856267,0.6536985499244629,0.889509842598213,0,1,1,1,1,0,1,1,0,0,0,0,1,0,0,0,1,0,0,0,0,1,0,0,0,0,0
0,1.6125732136881425,1.3849228306110335,2.322929732696526,0,1,1,1,1,0,1,1,0,0,1,0,1,0,1,0,1,0,1,0,0,0,1,1,1,0,0
0,1.3273654847539706,-1.3073120210077038,-0.2774324809813614,0,1,0,0,1,0,1,0,1,1,0,1,0,1,0,1,0,1,0,1,0,0,1,0,0,0,1
0,-1.2395040756535771,-0.6093252076250683,-0.9718624308166166,1,1,0,0,1,0,0,0,0,0,0,0,0,0,0,0,0,0,0,0,0,0,0,0,0,0,0
0,1.5310852911355222,-0.011050796154237758,1.0006892246556998,0,1,0,1,1,0,1,0,0,0,1,0,1,0,0,0,1,0,0,0,0,1,0,0,0,0,0
0,1.6125732136881425,0.6869360172283978,1.7401203529427949,0,1,1,0,1,0,1,0,0,0,0,0,1,0,1,0,1,0,1,0,1,0,1,1,1,0,0
0,-1.2802480369298874,-1.4734993575273791,-0.9983337122588753,0,0,1,1,1,0,0,0,1,1,0,1,0,1,0,1,0,1,0,1,0,0,0,0,0,0,1
1,-1.2802480369298874,0.3877988114929826,-0.9736271829127672,1,0,1,0,1,0,0,1,0,0,0,0,1,0,0,0,0,0,0,0,0,0,0,1,0,0,1
0,-1.1172721918246462,1.1854980267874233,-0.7803868283842781,1,0,0,0,1,0,1,1,0,0,0,0,0,0,1,0,0,0,1,0,1,0,0,1,0,1,0
0,-1.1987601143772668,-1.4734993575273791,-0.9820097553694824,0,1,0,0,1,0,0,0,1,1,0,1,0,1,0,1,0,1,0,1,0,0,0,0,0,0,1
0,1.0421577558197987,-1.3073120210077038,-0.3568463253081377,0,1,0,0,1,0,1,0,1,1,0,1,0,1,0,1,0,1,0,1,0,0,1,1,1,0,0
1,-0.42462485012737144,-0.8087500114486784,-0.6189120115864996,1,1,1,1,0,1,0,0,0,0,1,0,0,0,0,0,0,0,0,0,1,0,0,0,0,0,1
1,0.02355872391204165,1.1854980267874233,0.43552736586347496,0,1,1,0,1,0,1,1,0,0,0,0,1,0,0,0,0,0,1,0,1,0,0,1,0,0,0
0,-1.2802480369298874,0.1551365403654374,-0.9767154990810307,1,1,0,0,1,0,0,1,0,0,0,0,0,0,0,0,0,0,0,0,0,0,0,0,0,1,0
1,0.8791819107145575,0.32132387688511255,0.7218583934639073,0,1,1,0,1,0,1,1,0,0,0,0,0,0,0,0,0,0,0,0,0,0,0,0,0,0,0
0,1.6125732136881425,1.1522605594834883,2.2068972823746247,0,1,1,0,1,0,1,1,0,0,0,0,1,0,0,0,0,0,1,0,1,0,1,1,0,1,0
0,-1.2802480369298874,0.9528357556598781,-0.9661269865041272,1,1,0,1,1,0,1,1,0,0,0,0,0,0,0,0,0,0,1,0,1,0,0,1,0,1,0
0,-1.1987601143772668,-0.5096128057132632,-0.9325966966772661,1,1,0,0,1,0,0,0,0,0,0,0,0,0,1,0,0,0,0,0,0,0,0,1,0,1,0
0,1.6125732136881425,1.4181602979149686,2.371460415340667,0,0,1,1,1,0,1,1,0,0,1,0,1,0,1,0,1,0,0,0,1,0,1,0,1,0,0
0,1.6125732136881425,0.6204610826205278,1.6218819625007057,0,0,1,1,1,0,1,0,0,0,1,0,1,0,1,0,0,0,1,0,1,0,1,1,1,0,0
1,0.8791819107145575,1.1522605594834883,1.3289331145397085,0,1,1,0,1,0,1,1,0,0,0,0,0,0,1,0,0,0,1,0,1,0,0,1,1,0,0
0,1.082901717096109,0.5207486807087227,1.0633379240690455,0,0,1,0,1,0,1,0,0,0,0,0,1,0,0,0,1,0,1,0,1,1,0,1,0,1,0
0,0.8791819107145575,0.022186671149697273,0.5422948676805853,0,1,0,0,1,0,0,0,0,0,1,0,1,0,0,0,0,0,1,0,0,0,1,1,0,0,0
0,1.1236456783724194,0.819885886444138,1.3006970810012992,0,1,0,0,1,0,1,1,0,0,0,0,0,0,1,0,0,0,1,0,0,0,1,1,0,1,0
0,1.1236456783724194,-0.14400066536997788,0.5824429778680111,0,0,1,0,0,1,0,0,0,0,0,0,1,0,1,0,1,0,1,0,1,0,1,0,1,0,0
0,-1.1987601143772668,0.32132387688511255,-0.911419671523459,0,1,0,0,1,0,1,1,0,0,0,0,0,0,0,0,0,0,0,0,0,0,0,0,0,1,0
0,1.4903413298592119,1.1522605594834883,2.02601019251919,0,0,1,0,1,0,1,1,0,0,1,0,0,0,0,0,0,0,1,0,1,0,1,0,0,0,0
0,-1.2802480369298874,-1.506736824831314,-0.998774900282913,0,0,1,1,1,0,0,0,1,1,0,1,0,1,0,1,0,1,0,1,0,0,0,0,0,1,0
0,0.7162060656093164,-0.8419874787526135,-0.11551647615954522,0,1,1,1,0,1,0,0,0,0,1,0,0,0,0,0,0,0,1,0,0,0,0,1,1,0,0
0,0.9606698332671781,-0.6758001422329384,0.1240486208928967,0,0,0,0,0,1,0,0,0,0,0,0,0,0,0,0,0,0,1,0,1,0,0,1,1,0,0
0,1.1236456783724194,1.0857856248756181,1.4683485301356047,0,0,1,0,1,0,0,1,0,0,1,0,0,0,0,0,1,0,1,0,1,0,1,1,0,1,0
1,1.4903413298592119,1.5178726998267735,2.35028339018686,0,1,1,0,1,0,1,1,0,0,1,0,0,0,1,0,1,0,1,0,1,1,0,1,0,0,1
0,-1.2802480369298874,-0.9749373479683536,-0.9917158918983107,1,0,0,0,0,1,0,0,0,0,0,0,0,0,0,0,0,0,0,0,1,0,0,0,0,0,1
1,-1.2802480369298874,0.2880864095811775,-0.9749507469848802,1,0,0,0,1,0,0,1,0,0,0,0,1,0,0,0,0,0,0,0,0,0,0,1,0,1,0
0,-1.1987601143772668,-1.506736824831314,-0.9873040116579342,0,0,1,0,1,0,0,0,1,1,0,1,0,1,0,1,0,1,0,1,0,0,0,1,0,0,1
0,1.1236456783724194,0.3877988114929826,0.9971597204633986,0,1,1,1,1,0,0,0,0,0,0,0,1,0,0,0,1,0,1,0,1,0,1,0,0,0,0
0,-0.791320501614164,-0.9749373479683536,-0.8086228619226875,0,0,0,0,0,1,0,0,0,0,0,0,0,0,1,0,1,0,0,0,0,0,1,0,0,0,1
0,1.2051336009250397,-1.4734993575273791,-0.4349366055628011,0,1,1,1,1,0,0,0,1,1,0,1,0,1,0,1,0,1,0,1,0,0,1,0,0,0,0
0,0.512486259227765,1.052548157571683,0.9525997300355964,0,0,0,0,1,0,1,1,0,0,1,0,1,0,0,0,0,0,0,0,1,1,0,0,0,0,0
0,-0.3023929662984406,-0.3434254691935881,-0.37934691453405767,0,0,0,0,0,1,0,0,0,0,0,0,0,0,1,0,1,0,1,0,1,1,0,0,0,1,0
0,0.4717422979514547,1.1854980267874233,0.924363696497187,0,1,0,0,1,0,0,1,0,0,0,0,0,0,1,0,1,0,1,0,1,0,1,0,0,0,0
0,-1.2395040756535771,-0.6425626749290033,-0.9745095589608425,0,0,0,0,1,0,0,0,0,0,0,0,0,0,0,0,0,0,0,0,0,0,0,1,0,0,1
1,0.02355872391204165,0.6204610826205278,0.19110920054661892,1,1,0,0,1,0,1,1,0,0,0,0,1,0,1,0,0,0,0,0,0,0,0,1,1,0,0
0,-1.2802480369298874,0.18837400766937243,-0.976274311056993,1,0,0,0,1,0,0,1,0,0,0,0,0,0,0,0,0,0,0,0,0,0,0,1,0,1,0
0,-0.42462485012737144,-1.4734993575273791,-0.8086228619226875,0,0,0,0,1,0,0,0,1,1,0,1,0,1,0,1,0,1,0,1,0,1,0,0,0,0,0
0,0.10504664646466222,-1.0414122825762238,-0.48876154449539394,0,0,0,0,0,1,0,0,0,0,0,0,0,0,1,0,1,0,0,0,0,0,0,1,0,0,1
0,-0.13941712119319946,-1.4734993575273791,-0.7609745553266217,0,0,1,1,1,0,0,0,1,1,0,1,0,1,0,1,0,1,0,1,0,0,1,0,0,0,1
1,-0.22090504374582004,0.6869360172283978,-0.027720059376053617,0,1,1,0,1,0,1,1,0,0,1,0,0,0,1,0,0,0,0,0,0,1,0,1,0,1,0
0,0.8791819107145575,-0.11076319806604285,0.44126281017596436,0,1,0,1,1,0,0,0,0,0,0,0,1,0,1,0,1,0,0,0,0,1,0,1,0,1,0
1,-1.2395040756535771,0.18837400766937243,-0.9445087733262826,1,0,0,0,1,0,0,1,0,0,0,0,0,0,0,0,0,0,0,0,0,0,0,1,0,1,0
0,1.0014137945434884,0.7201734845323329,1.1718701779823066,0,1,0,0,1,0,1,1,0,0,0,0,0,0,0,0,0,0,1,0,0,1,0,1,0,1,0
0,1.2051336009250397,0.1551365403654374,0.8621561851078788,0,1,0,0,1,0,1,0,0,0,1,0,1,0,1,0,1,0,0,0,0,0,1,0,0,0,0
0,-0.7098325790615434,-1.4734993575273791,-0.8593594846870168,0,0,1,1,1,0,0,0,1,1,0,1,0,1,0,1,0,1,0,1,0,1,0,0,1,0,0
0,-1.2395040756535771,-1.4734993575273791,-0.992598267946386,1,1,0,0,1,0,0,0,1,1,0,1,0,1,0,1,0,1,0,1,0,0,0,0,0,0,1
0,1.5310852911355222,1.3184478960031634,2.164102044042973,0,0,1,0,1,0,1,1,0,0,0,0,0,0,1,0,1,0,1,0,1,0,1,1,0,0,0
0,-0.46536881140368175,-0.6758001422329384,-0.5986173624807679,0,0,1,1,1,0,0,0,0,0,0,0,0,0,0,0,0,0,0,0,0,0,0,1,0,1,0
0,-0.38388088885106114,-0.5096128057132632,-0.5134680738415022,0,0,0,1,1,0,0,0,0,0,0,0,0,0,0,0,1,0,0,0,0,1,0,1,0,1,0
0,-1.076528230548336,-1.4734993575273791,-0.9559796619512614,0,1,0,0,1,0,0,0,1,1,0,1,0,1,0,1,0,1,0,1,0,1,0,0,0,0,1
0,-1.1580161531009565,-1.506736824831314,-0.9771566871050683,0,1,1,1,1,0,0,0,1,1,0,1,0,1,0,1,0,1,0,1,0,0,1,0,1,0,0
0,-1.1987601143772668,1.1522605594834883,-0.8805365098408239,1,0,0,0,1,0,0,1,0,0,1,0,0,0,1,0,0,0,1,0,1,0,0,1,1,0,0
0,-0.38388088885106114,0.9528357556598781,0.02566369153250158,0,0,0,0,1,0,1,1,0,0,0,0,0,0,0,0,0,0,1,0,1,0,0,1,0,1,0
0,-0.26164900502213034,-0.3434254691935881,-0.4062593840003541,0,1,0,0,0,1,0,0,0,0,1,0,0,0,0,0,1,0,1,0,1,1,0,0,1,0,0
0,-0.9950403079957154,-1.4734993575273791,-0.9352438248214919,0,0,0,1,1,0,0,0,1,1,0,1,0,1,0,1,0,1,0,1,0,0,0,0,0,0,1
0,-0.26164900502213034,0.6204610826205278,-0.012719666558773643,1,1,0,0,1,0,1,1,0,0,0,0,0,0,0,0,0,0,0,0,1,0,0,1,0,1,0
0,-1.2395040756535771,0.4875112134047877,-0.9431852092541696,0,1,0,0,1,0,1,1,0,0,0,0,1,0,0,0,0,0,0,0,0,0,0,1,0,1,0
0,1.4088534073065913,1.7172975036503837,2.4129320896002056,1,1,0,0,1,0,1,1,0,0,1,0,1,0,1,0,1,0,1,0,1,0,1,0,1,0,0
0,1.5718292524118322,0.9528357556598781,1.8980656655482726,1,0,1,0,1,0,1,1,0,0,0,0,0,0,0,0,0,0,1,0,1,0,1,1,0,0,0
0,1.082901717096109,0.4875112134047877,1.1043684103045466,0,0,0,0,1,0,1,0,0,0,1,0,1,0,1,0,1,0,0,0,1,1,0,0,1,0,0
0,0.2680224915699033,1.1854980267874233,0.6847985994447451,0,1,1,1,1,0,1,1,0,0,0,0,0,0,1,0,0,0,1,0,1,1,0,0,0,1,0
0,-0.46536881140368175,-1.506736824831314,-0.8320058271966827,0,1,0,1,1,0,0,0,1,1,0,1,0,1,0,1,0,1,0,1,0,0,1,0,0,0,1
0,-1.2802480369298874,-1.506736824831314,-0.998774900282913,1,1,0,0,1,0,0,0,1,1,0,1,0,1,0,1,0,1,0,1,0,0,0,0,0,0,1
0,0.6347181430566958,-1.4734993575273791,-0.5540573720529656,0,0,1,1,1,0,0,0,1,1,0,1,0,1,0,1,0,1,0,1,0,0,1,0,0,0,0
1,-0.05792919864057891,-0.47637533840932816,-0.3100803947601472,0,0,1,0,0,1,0,0,0,0,1,0,1,0,1,0,0,0,0,0,1,1,0,1,1,0,0
0,1.2866215234776603,1.6175851017385787,2.179102436860253,0,0,1,1,1,0,1,1,0,0,1,0,1,0,1,0,1,0,1,0,1,1,0,0,0,1,0
0,0.5532302205040753,0.5207486807087227,0.6556801898582605,0,1,1,1,1,0,1,1,0,0,0,0,1,0,0,0,0,0,0,0,0,0,0,1,0,0,0
0,0.797693988161937,0.5207486807087227,0.8603914330117283,0,0,0,0,1,0,1,0,0,0,0,0,0,0,1,0,1,0,1,0,1,0,1,1,0,0,0
0,1.4088534073065913,-1.340549488311639,-0.2659615923563826,0,0,1,1,1,0,1,0,1,1,0,1,0,1,0,1,0,1,0,1,0,0,1,1,0,0,1
1,1.4088534073065913,-0.3434254691935881,0.636267916800604,0,0,0,0,1,0,1,0,0,0,0,0,1,0,0,0,0,0,0,0,0,0,0,0,0,1,0
0,-1.1172721918246462,0.35456134418904756,-0.8249468188120804,1,0,0,0,1,0,1,1,0,0,0,0,0,0,0,0,0,0,0,0,0,0,0,0,0,1,0
0,1.5718292524118322,1.4846352325228385,2.3930786285185115,0,0,1,0,1,0,1,1,0,0,0,0,1,0,1,0,1,0,1,0,1,0,1,0,0,1,0
0,-0.9542963467194051,0.42103627879691763,-0.6921492235767489,1,0,0,0,1,0,0,1,0,0,0,0,0,0,0,0,0,0,1,0,0,0,0,1,0,0,0
1,-0.26164900502213034,1.0193106902677482,0.0944890232823744,1,0,0,0,1,0,1,1,0,0,1,0,1,0,0,0,0,0,0,0,1,0,0,1,0,1,0
0,1.5718292524118322,1.7172975036503837,2.6586738189891745,0,1,0,0,1,0,1,1,0,0,1,0,1,0,1,0,1,0,1,0,1,1,0,1,0,0,0
0,-0.01718523736426863,-1.506736824831314,-0.742003470293003,0,0,0,0,1,0,0,0,1,1,0,1,0,1,0,1,0,1,0,1,0,0,0,0,0,0,0
0,-1.2395040756535771,0.18837400766937243,-0.9458323373983955,0,0,0,0,1,0,0,1,0,0,0,0,0,0,0,0,0,0,0,0,0,0,0,0,0,1,0
0,1.5718292524118322,-1.3073120210077038,-0.1741944833565522,0,0,1,0,1,0,1,0,1,1,0,1,0,1,0,1,0,1,0,1,0,0,1,0,1,0,0
0,1.1236456783724194,-0.6758001422329384,0.21625691791676477,0,0,0,0,0,1,0,0,0,0,1,0,0,0,1,0,0,0,0,0,1,1,0,1,0,1,0
1,0.9199258719908678,1.1854980267874233,1.3792285492800003,0,0,0,0,1,0,1,1,0,0,0,0,0,0,1,0,0,0,1,0,1,1,0,1,0,1,0
0,0.8791819107145575,1.3516853633070984,1.4824665469048095,1,1,0,0,1,0,0,1,0,0,1,0,1,0,0,0,1,0,1,0,1,1,0,1,1,0,0
0,-1.2395040756535771,1.0193106902677482,-0.920243432004212,1,1,0,0,1,0,0,1,0,0,0,0,0,0,1,0,0,0,1,0,1,0,0,1,0,1,0
0,-1.076528230548336,0.2880864095811775,-0.8302410751005321,0,0,0,0,1,0,1,1,0,0,0,0,0,0,0,0,0,0,0,0,0,0,0,1,0,0,1
0,0.6347181430566958,0.18837400766937243,0.42140934909427025,0,0,1,1,1,0,0,0,0,0,1,0,1,0,1,0,0,0,0,0,1,0,1,1,1,0,0
0,1.24587756220135,-1.3073120210077038,-0.31316871092841075,0,1,1,1,1,0,1,0,1,1,0,1,0,1,0,1,0,1,0,1,0,0,1,0,0,0,1
0,-1.2802480369298874,0.4875112134047877,-0.9723036188406543,1,1,0,0,1,0,1,1,0,0,0,0,1,0,0,0,0,0,0,0,0,0,0,1,0,1,0
0,-0.8320644628904743,-1.440261890223444,-0.9034782870907815,0,1,0,1,1,0,0,0,1,1,0,1,0,1,0,1,0,1,0,1,0,0,0,0,1,0,0
1,0.8791819107145575,-1.340549488311639,-0.4053770079522788,0,1,1,0,0,1,0,0,0,0,0,0,0,0,0,0,0,0,0,0,0,0,0,1,0,0,0
0,-0.09867315991688919,-0.011050796154237758,-0.1313992450249005,0,0,1,1,1,0,0,0,0,0,0,0,0,0,1,0,1,0,1,0,0,1,0,1,0,1,0
0,-0.09867315991688919,-1.506736824831314,-0.7181793169949701,1,0,1,0,1,0,0,0,1,1,0,1,0,1,0,1,0,1,0,1,0,0,0,0,0,0,0
0,-1.1580161531009565,0.4875112134047877,-0.8734775014562215,1,0,0,0,1,0,0,1,0,0,0,0,0,0,0,0,0,0,1,0,0,0,0,1,0,1,0
0,0.3087664528462136,1.3516853633070984,0.9053926114635682,0,0,0,0,1,0,1,1,0,0,0,0,0,0,1,0,1,0,1,0,1,1,0,1,1,0,0
0,-0.9542963467194051,0.35456134418904756,-0.7217088211872712,0,0,1,1,1,0,0,1,0,0,0,0,0,0,0,0,1,0,0,0,0,0,0,1,0,1,0
0,-0.6283446565089229,0.8863608210520081,-0.3127275229043731,1,0,1,1,1,0,0,1,0,0,1,0,0,0,0,0,1,0,1,0,0,0,0,0,0,1,0
0,1.2051336009250397,-0.7090376095368733,0.2052272173158236,0,0,0,0,0,1,0,0,0,0,0,0,1,0,1,0,0,0,0,0,1,0,1,1,1,0,0
0,-0.18016108246950976,0.8863608210520081,0.08831239094584735,0,1,0,0,1,0,0,1,0,0,0,0,1,0,0,0,1,0,1,0,0,1,0,1,0,0,0
0,1.5310852911355222,0.819885886444138,1.8018866763080654,0,0,0,0,1,0,1,0,0,0,1,0,1,0,1,0,1,0,1,0,1,0,1,0,1,0,0
0,0.5532302205040753,1.3184478960031634,1.156428597140989,0,0,0,0,1,0,0,1,0,0,0,0,1,0,1,0,1,0,1,0,1,0,1,1,0,0,0
0,-0.38388088885106114,0.853123353748073,-0.10536915160667935,0,0,1,0,1,0,1,1,0,0,0,0,0,0,1,0,0,0,0,0,1,0,0,0,0,0,1
0,0.5939741817803856,-0.8087500114486784,-0.21566615761609093,0,1,1,1,0,1,0,0,0,0,1,0,0,0,1,0,1,0,0,0,0,1,0,0,0,1,0
0,1.4495973685829016,1.3516853633070984,2.1574842236824083,0,1,1,1,1,0,0,1,0,0,1,0,1,0,1,0,0,0,1,0,1,0,1,1,0,0,0
1,1.1236456783724194,1.3849228306110335,1.8345345900868515,1,0,0,0,1,0,1,1,0,0,0,0,0,0,1,0,1,0,1,0,1,1,0,1,0,1,0
0,1.4088534073065913,1.3184478960031634,2.0983650284613637,0,0,0,1,1,0,1,1,0,0,0,0,1,0,0,0,1,0,1,0,1,0,1,1,0,1,0
0,-0.7505765403378537,0.1551365403654374,-0.6008233026009561,0,0,0,0,1,0,0,0,0,0,0,0,0,0,0,0,1,0,1,0,1,0,0,1,0,1,0
0,1.0014137945434884,0.32132387688511255,0.7655360078436344,0,1,1,1,1,0,1,1,0,0,0,0,0,0,0,0,0,0,0,0,0,0,0,1,0,1,0
0,0.9199258719908678,1.1854980267874233,1.3964348822174686,0,0,1,1,1,0,1,1,0,0,1,0,0,0,0,0,0,0,1,0,1,1,0,0,0,0,1
0,-1.2802480369298874,-1.4734993575273791,-0.9983337122588753,0,1,0,0,1,0,0,0,1,1,0,1,0,1,0,1,0,1,0,1,0,0,0,1,0,0,1
0,-1.2802480369298874,-0.5096128057132632,-0.9855392595617837,1,1,0,1,1,0,0,0,0,0,0,0,0,0,0,0,1,0,0,0,0,0,0,1,0,0,1
0,-0.38388088885106114,1.052548157571683,-0.08728044262113586,0,1,0,0,1,0,1,1,0,0,0,0,0,0,1,0,1,0,1,0,0,0,0,1,1,0,0
0,-0.791320501614164,1.1854980267874233,-0.4080241360965047,1,0,0,0,1,0,1,1,0,0,1,0,0,0,0,0,0,0,1,0,1,0,0,1,0,1,0
0,0.5939741817803856,1.3184478960031634,1.2583430306936851,0,1,1,0,1,0,1,1,0,0,0,0,1,0,1,0,0,0,1,0,1,0,0,1,0,1,0
0,0.22727853029359305,-1.4734993575273791,-0.6850902151921465,0,1,0,0,1,0,0,0,1,1,0,1,0,1,0,1,0,1,0,1,0,1,0,0,0,0,1
1,0.22727853029359305,0.32132387688511255,0.2586109682243788,1,0,1,0,1,0,1,1,0,0,0,0,0,0,0,0,0,0,0,0,0,0,0,1,0,0,0
1,-1.2395040756535771,-0.276950534585718,-0.9550972859031861,0,0,0,0,1,0,1,0,0,0,0,0,1,0,0,0,0,0,0,0,0,0,0,1,1,0,0
1,-1.2802480369298874,-0.5096128057132632,-0.9855392595617837,1,1,1,1,1,0,0,0,0,0,0,0,0,0,0,0,1,0,0,0,0,0,0,1,1,0,0
0,-0.7098325790615434,0.12189907306150236,-0.5183211421059163,0,1,1,0,1,0,0,1,0,0,0,0,0,0,0,0,0,0,0,0,0,0,0,1,0,0,0
0,-0.26164900502213034,0.1551365403654374,-0.20640120911130036,0,0,0,0,1,0,0,1,0,0,0,0,0,0,0,0,0,0,0,0,0,0,0,1,1,0,0
0,0.10504664646466222,-1.506736824831314,-0.6850902151921465,0,0,1,1,1,0,0,0,1,1,0,1,0,1,0,1,0,1,0,1,0,0,1,0,1,0,0
0,-1.1987601143772668,-1.4734993575273791,-0.9740683709368049,0,1,0,1,1,0,0,0,1,1,0,1,0,1,0,1,0,1,0,1,0,0,0,1,0,0,1
0,0.7162060656093164,1.2852104286992283,1.2301069971552758,1,1,1,1,1,0,1,1,0,0,0,0,1,0,0,0,1,0,1,0,1,0,0,0,0,1,0
0,0.3902543753988342,0.9860732229638132,0.7637712557474837,0,1,1,0,1,0,1,1,0,0,1,0,0,0,1,0,0,0,0,0,1,0,0,1,0,1,0
0,-0.9135523854430948,-0.3434254691935881,-0.7565626750862452,0,1,1,0,1,0,0,0,0,0,1,0,0,0,0,0,1,0,0,0,0,0,0,1,1,0,0
0,1.1643896396487294,0.9528357556598781,1.5782043481209789,0,0,1,0,1,0,0,1,0,0,1,0,1,0,0,0,1,0,0,0,1,1,0,0,0,0,0
0,1.4495973685829016,1.5178726998267735,2.204250154230399,0,0,0,0,1,0,1,1,0,0,1,0,1,0,0,0,1,0,1,0,1,0,1,0,1,0,0
0,-0.9135523854430948,1.1190230921795532,-0.5377334151635726,0,1,0,0,1,0,0,1,0,0,1,0,0,0,1,0,0,0,1,0,1,1,0,1,0,1,0
0,1.3273654847539706,0.819885886444138,1.538056237933553,1,1,1,0,1,0,1,1,0,0,1,0,1,0,1,0,0,0,0,0,0,1,0,0,0,1,0
0,1.6125732136881425,0.5207486807087227,1.5896752367459577,0,0,1,1,1,0,0,0,0,0,1,0,0,0,1,0,1,0,1,0,1,0,1,1,0,0,0
0,0.9199258719908678,0.4875112134047877,0.8625973731319165,0,1,1,1,1,0,0,1,0,0,0,0,1,0,0,0,1,0,0,0,0,0,0,0,0,1,0
0,-1.2802480369298874,-1.4734993575273791,-0.9983337122588753,1,0,0,0,1,0,0,0,1,1,0,1,0,1,0,1,0,1,0,1,0,0,0,1,0,0,1
0,-1.0357842692720256,-0.07752573076210782,-0.8227408786918922,0,0,0,0,1,0,0,0,0,0,0,0,0,0,1,0,1,0,0,0,1,0,0,0,0,0,0
0,-1.2395040756535771,0.32132387688511255,-0.9471559014705084,0,0,0,0,1,0,1,1,0,0,0,0,0,0,0,0,0,0,0,0,0,0,0,1,0,0,1
0,-0.9542963467194051,0.32132387688511255,-0.6947963517209748,0,0,0,0,1,0,0,1,0,0,1,0,0,0,0,0,0,0,0,0,0,0,0,1,0,1,0
0,-0.22090504374582004,-1.3073120210077038,-0.6595013097979631,0,1,0,1,1,0,1,0,1,1,0,1,0,1,0,1,0,1,0,1,0,0,1,1,1,0,0
1,-1.0357842692720256,1.2187354940913584,-0.6983258559132759,1,1,1,0,1,0,1,1,0,0,0,0,0,0,1,0,0,0,1,0,1,0,0,1,0,1,0
0,1.2866215234776603,0.12189907306150236,0.924363696497187,0,0,1,0,1,0,0,0,0,0,0,0,1,0,1,0,1,0,0,0,1,0,1,1,0,0,1
0,1.5310852911355222,-0.5428502730171982,0.5114117059979502,0,1,0,0,0,1,0,0,0,0,1,0,0,0,1,0,1,0,0,0,1,0,1,0,0,0,0
1,-1.2395040756535771,0.9860732229638132,-0.9273024403888144,1,1,0,0,1,0,1,1,0,0,0,0,0,0,0,0,0,0,1,0,1,0,0,1,0,1,0
1,1.4088534073065913,1.3516853633070984,2.156601847634333,0,1,0,0,1,0,0,1,0,0,1,0,1,0,0,0,1,0,1,0,1,0,1,1,0,1,0
0,0.512486259227765,0.819885886444138,0.764653631795559,1,0,0,0,1,0,1,1,0,0,0,0,1,0,0,0,0,0,1,0,0,0,0,1,1,0,0
0,-0.3431369275747509,-1.3073120210077038,-0.7631804954468099,0,0,0,0,1,0,1,0,1,1,0,1,0,1,0,1,0,1,0,1,0,0,1,0,1,0,0
0,-1.1580161531009565,-1.506736824831314,-0.9648034224320142,0,1,1,1,1,0,0,0,1,1,0,1,0,1,0,1,0,1,0,1,0,0,1,0,1,0,0
0,0.4717422979514547,0.919598288355943,0.8114195623435496,0,1,1,1,1,0,0,1,0,0,0,0,0,0,1,0,0,0,1,0,1,0,0,1,0,0,0
0,1.6125732136881425,-1.4734993575273791,-0.35331682111583657,0,0,1,1,1,0,0,0,1,1,0,1,0,1,0,1,0,1,0,1,0,0,1,1,0,0,1
0,-1.2802480369298874,0.32132387688511255,-0.9745095589608425,1,0,0,0,1,0,0,1,0,0,0,0,1,0,0,0,0,0,0,0,0,0,0,1,1,0,0
0,1.368109446030281,-1.506736824831314,-0.46008432293294693,0,1,0,0,1,0,0,0,1,1,0,1,0,1,0,1,0,1,0,1,0,0,1,0,0,0,0
0,-1.2802480369298874,-0.6758001422329384,-0.9877451996819718,1,1,0,0,0,1,0,0,0,0,0,0,1,0,0,0,1,0,0,0,1,0,0,1,0,0,1
0,-0.791320501614164,0.6536985499244629,-0.5240565864184057,1,1,1,1,1,0,0,1,0,0,1,0,0,0,0,0,0,0,0,0,1,0,0,0,0,1,0
0,-0.9135523854430948,0.5207486807087227,-0.6595013097979631,1,1,0,0,1,0,1,1,0,0,0,0,1,0,0,0,0,0,0,0,0,0,0,1,0,0,0
1,1.3273654847539706,1.3184478960031634,1.894977349380009,0,1,1,0,1,0,1,1,0,0,0,0,1,0,1,0,0,0,1,0,1,0,0,1,0,1,0
0,-1.2802480369298874,-1.506736824831314,-0.998774900282913,0,1,0,1,1,0,0,0,1,1,0,1,0,1,0,1,0,1,0,1,0,0,0,0,0,0,1
0,0.22727853029359305,0.32132387688511255,0.2290513706138565,0,1,1,1,1,0,0,0,0,0,1,0,1,0,1,0,1,0,1,0,0,1,0,0,0,1,0
0,-0.38388088885106114,-0.8087500114486784,-0.6290593361393655,0,1,0,1,0,1,0,0,0,0,1,0,0,0,1,0,1,0,0,0,0,0,1,0,0,0,1
0,-0.9135523854430948,-1.4734993575273791,-0.9259788763167014,0,0,1,0,1,0,0,0,1,1,0,1,0,1,0,1,0,1,0,1,0,1,0,0,0,0,1
0,-1.1580161531009565,1.2187354940913584,-0.846565031989925,1,1,0,1,1,0,1,1,0,0,0,0,1,0,0,0,0,0,1,0,1,0,0,1,0,1,0
0,1.6125732136881425,0.6204610826205278,1.6810011577217503,0,1,1,1,1,0,1,0,0,0,1,0,0,0,1,0,1,0,1,0,1,0,1,1,1,0,0
0,0.10504664646466222,-0.276950534585718,-0.18610656000556863,0,0,1,0,1,0,0,0,0,0,0,0,1,0,0,0,1,0,0,0,0,0,0,0,0,1,0
0,-1.2802480369298874,-1.4734993575273791,-0.9983337122588753,1,0,0,0,1,0,0,0,1,1,0,1,0,1,0,1,0,1,0,1,0,0,0,0,0,0,1
0,1.0421577558197987,-1.506736824831314,-0.531115594803008,0,0,1,1,1,0,0,0,1,1,0,1,0,1,0,1,0,1,0,1,0,0,1,0,1,0,0
0,1.5310852911355222,1.3849228306110335,2.2907230069417777,0,1,1,1,1,0,0,1,0,0,0,0,1,0,1,0,1,0,1,0,1,1,0,1,0,1,0
0,0.22727853029359305,0.45427374610085264,0.2555226520561153,0,1,1,1,1,0,1,0,0,0,0,0,1,0,1,0,0,0,1,0,1,1,0,0,1,0,0
0,1.1236456783724194,-0.5096128057132632,0.3468485730319081,0,0,1,1,0,1,0,0,0,0,0,0,1,0,0,0,0,0,1,0,1,0,0,1,0,1,0
0,-0.26164900502213034,0.919598288355943,0.02919319572480275,0,1,0,0,1,0,1,1,0,0,1,0,1,0,0,0,0,0,1,0,0,0,0,1,1,0,0
0,-0.9950403079957154,-0.21047559997784793,-0.8002402894659723,0,0,0,0,1,0,0,0,0,0,1,0,1,0,0,0,1,0,0,0,0,1,0,0,0,0,0
0,0.3495104141225239,1.2519729613952935,0.8515676725309754,1,1,1,1,1,0,1,1,0,0,0,0,0,0,1,0,1,0,1,0,1,1,0,1,0,1,0
1,0.1457906077409725,0.8863608210520081,0.44920419460864197,0,0,1,0,1,0,1,1,0,0,0,0,1,0,0,0,0,0,1,0,0,0,0,1,1,0,0
1,0.8791819107145575,0.022186671149697273,0.5497950640892253,0,1,0,0,1,0,0,0,0,0,0,0,0,0,1,0,1,0,0,0,1,1,0,0,0,0,0
0,1.5718292524118322,1.3849228306110335,2.4001376369031138,1,1,1,1,1,0,1,1,0,0,0,0,1,0,1,0,0,0,1,0,1,0,1,1,0,0,0
0,0.9199258719908678,0.2880864095811775,0.8211256988723777,0,0,0,0,1,0,1,1,0,0,0,0,0,0,0,0,0,0,0,0,0,0,0,1,0,1,0
0,1.6125732136881425,-0.1772381326739129,0.874509449780933,0,0,0,0,1,0,1,0,0,0,1,0,1,0,0,0,0,0,0,0,0,0,1,0,0,0,0
0,-1.1987601143772668,-0.310188001889653,-0.9392145170378308,1,0,0,1,1,0,0,0,0,0,1,0,0,0,0,0,1,0,0,0,0,0,0,1,0,0,1
0,0.8791819107145575,-0.1772381326739129,0.42493885328657144,0,0,1,1,1,0,1,0,0,0,0,0,1,0,1,0,0,0,0,0,0,0,1,1,0,0,0
0,1.6125732136881425,1.7172975036503837,2.6710270836622287,0,1,1,1,1,0,1,1,0,0,1,0,1,0,1,0,1,0,1,0,1,0,1,1,0,0,0
0,0.797693988161937,1.4846352325228385,1.5212910930201224,0,1,0,0,1,0,1,1,0,0,1,0,0,0,1,0,1,0,1,0,1,0,1,1,0,1,0
1,1.1236456783724194,1.2187354940913584,1.717619763716875,0,0,0,0,1,0,1,1,0,0,1,0,0,0,0,0,0,0,1,0,1,1,0,1,0,0,0
0,0.2680224915699033,-0.47637533840932816,-0.1666942869479122,0,0,0,0,0,1,0,0,0,0,0,0,0,0,1,0,0,0,1,0,1,0,0,1,1,0,0
0,-0.7098325790615434,-0.276950534585718,-0.5964114223605796,0,0,0,0,1,0,0,0,0,0,0,0,0,0,0,0,0,0,1,0,0,1,0,0,0,0,1
0,1.4903413298592119,1.3849228306110335,2.2346921278889966,1,1,0,0,1,0,1,1,0,0,0,0,0,0,1,0,1,0,1,0,1,0,1,1,0,0,0
0,0.4309983366751445,-1.506736824831314,-0.6647955660864148,0,1,1,1,1,0,0,0,1,1,0,1,0,1,0,1,0,1,0,1,0,1,0,1,0,0,1
1,1.24587756220135,0.6204610826205278,1.305991337289751,0,0,0,0,1,0,1,0,0,0,1,0,1,0,1,0,1,0,1,0,0,1,0,0,0,0,0
1,-1.2395040756535771,0.18837400766937243,-0.9449499613503202,0,1,1,0,1,0,0,1,0,0,0,0,0,0,0,0,0,0,0,0,0,0,0,0,0,1,0
0,1.6125732136881425,1.4513977652189036,2.3807253638454573,0,0,1,1,1,0,0,1,0,0,1,0,1,0,1,0,1,0,1,0,1,0,1,1,0,0,0
0,-0.01718523736426863,0.8863608210520081,0.29611195026757875,1,0,1,1,1,0,1,1,0,0,0,0,0,0,1,0,0,0,0,0,1,0,0,1,0,0,0
0,0.3087664528462136,-1.3073120210077038,-0.5633223205577562,0,1,1,1,1,0,1,0,1,1,0,1,0,1,0,1,0,1,0,1,0,0,1,0,1,0,0
0,1.0421577558197987,-0.6425626749290033,0.11346010831599318,0,0,1,0,0,1,0,0,0,0,1,0,1,0,0,0,0,0,1,0,0,1,0,1,0,1,0
0,1.4088534073065913,-0.7090376095368733,0.35920183770496217,0,1,0,0,0,1,0,0,0,0,1,0,0,0,0,0,1,0,1,0,0,0,1,0,0,1,0
1,0.7569500268856267,0.42103627879691763,0.672445334771691,1,0,1,0,1,0,1,1,0,0,1,0,0,0,0,0,0,0,0,0,0,0,0,1,0,1,0
0,-0.05792919864057891,0.4875112134047877,0.08875357896988499,0,1,1,0,1,0,1,0,0,0,0,0,0,0,1,0,1,0,1,0,1,1,0,1,0,0,1
1,1.4903413298592119,0.6536985499244629,1.5451152463181552,0,1,1,0,1,0,1,1,0,0,1,0,1,0,0,0,0,0,0,0,0,0,0,1,1,0,0
0,-0.01718523736426863,0.4875112134047877,0.14831396221496723,0,1,1,0,1,0,1,1,0,0,0,0,0,0,0,0,1,0,0,0,0,1,0,1,0,1,0
0,-0.46536881140368175,0.22161147497330744,-0.33478692410625543,0,0,0,0,1,0,0,0,0,0,1,0,1,0,0,0,1,0,1,0,0,0,1,0,1,0,0
0,0.797693988161937,-0.3766629364975231,0.22375711432540474,0,1,0,0,1,0,0,0,0,0,1,0,0,0,1,0,0,0,0,0,0,1,0,0,0,1,0
0,1.6125732136881425,-1.340549488311639,-0.22007803785646737,0,0,1,1,1,0,1,0,1,1,0,1,0,1,0,1,0,1,0,1,0,0,1,0,1,0,0
0,1.6125732136881425,-0.3434254691935881,0.729799777896585,1,0,1,0,0,1,0,0,0,0,0,0,1,0,1,0,0,0,1,0,1,0,1,1,0,1,0
0,0.797693988161937,-0.6758001422329384,-0.0030135300299454263,0,1,1,1,0,1,0,0,0,0,1,0,0,0,1,0,0,0,0,0,1,1,0,0,0,0,0
0,0.3495104141225239,-0.47637533840932816,-0.11198697196724405,0,0,0,0,1,0,0,0,0,0,0,0,0,0,0,0,1,0,0,0,0,1,0,0,0,0,0
0,0.3495104141225239,-1.4734993575273791,-0.653324677461436,0,1,0,0,1,0,0,0,1,1,0,1,0,1,0,1,0,1,0,1,0,0,1,0,0,0,1
0,-1.076528230548336,0.1551365403654374,-0.8227408786918922,1,0,0,0,1,0,0,1,0,0,0,0,0,0,0,0,0,0,0,0,0,0,0,1,0,0,1
0,1.4088534073065913,0.1551365403654374,1.0456904031075398,0,1,1,1,1,0,1,0,0,0,1,0,1,0,1,0,1,0,0,0,0,1,0,1,1,0,0
0,-0.6690886177852331,-1.506736824831314,-0.8858307661292756,0,0,1,1,1,0,0,0,1,1,0,1,0,1,0,1,0,1,0,1,0,0,0,0,0,0,1
0,-0.6283446565089229,-1.506736824831314,-0.8558299804947156,0,1,0,0,1,0,0,0,1,1,0,1,0,1,0,1,0,1,0,1,0,0,1,0,0,0,1
0,0.10504664646466222,-0.11076319806604285,-0.06742698153944178,0,1,1,0,1,0,0,0,0,0,1,0,1,0,1,0,0,0,0,0,0,0,0,0,0,0,1
0,1.0421577558197987,-1.4734993575273791,-0.4817025361107916,0,0,1,1,1,0,0,0,1,1,0,1,0,1,0,1,0,1,0,1,0,0,1,0,1,0,0
0,-1.2802480369298874,-0.47637533840932816,-0.985098071537746,1,1,0,0,1,0,0,0,0,0,0,0,0,0,1,0,0,0,0,0,0,0,0,1,0,1,0
0,0.797693988161937,-0.47637533840932816,0.11963674065252024,0,1,1,1,0,1,0,0,0,0,0,0,1,0,1,0,1,0,1,0,0,0,1,0,0,0,1
0,1.5310852911355222,0.4875112134047877,1.4586423936067767,0,0,0,0,1,0,0,0,0,0,1,0,0,0,1,0,1,0,1,0,1,0,1,0,0,0,0
0,-0.5468567339563023,-1.340549488311639,-0.8011226655140475,0,0,1,1,1,0,1,0,1,1,0,1,0,1,0,1,0,1,0,1,0,0,1,1,0,0,0
1,-1.2802480369298874,0.32132387688511255,-0.9745095589608425,1,1,0,0,1,0,1,1,0,0,0,0,0,0,0,0,0,0,0,0,0,0,0,1,0,1,0
0,0.10504664646466222,1.3849228306110335,0.6499447455457711,0,0,1,1,1,0,0,1,0,0,1,0,0,0,1,0,1,0,1,0,1,0,0,1,0,1,0
0,-0.01718523736426863,1.2187354940913584,0.4637633994018843,0,0,0,0,1,0,1,1,0,0,0,0,0,0,1,0,0,0,1,0,1,0,0,1,0,1,0
0,-0.6283446565089229,-0.310188001889653,-0.6012644906249938,0,0,1,1,1,0,0,0,0,0,1,0,0,0,0,0,1,0,0,0,0,0,0,1,1,0,0
0,1.4088534073065913,-0.47637533840932816,0.506558637733536,0,0,1,1,1,0,0,0,0,0,0,0,1,0,0,0,0,0,0,0,0,1,0,0,1,0,0
0,-0.9542963467194051,-1.506736824831314,-0.9409792691339813,0,0,0,0,1,0,0,0,1,1,0,1,0,1,0,1,0,1,0,1,0,0,0,0,0,0,0
0,-0.05792919864057891,0.4875112134047877,0.13419594544576255,1,1,0,1,1,0,1,0,0,0,0,0,1,0,0,0,1,0,1,0,1,1,0,1,0,0,1
0,-1.1580161531009565,0.853123353748073,-0.8452414679178122,0,1,0,0,1,0,1,1,0,0,1,0,0,0,0,0,0,0,1,0,0,0,0,0,0,1,0
1,1.0421577558197987,0.819885886444138,1.2539311504533088,0,1,1,1,1,0,1,1,0,0,1,0,1,0,0,0,1,0,0,0,0,1,0,1,0,0,0
0,1.1236456783724194,0.4875112134047877,1.1109862306651115,0,1,0,0,1,0,0,0,0,0,1,0,0,0,1,0,1,0,1,0,1,1,0,0,0,0,1
0,1.0421577558197987,1.3184478960031634,1.7365908487504937,1,1,0,0,1,0,1,1,0,0,0,0,0,0,1,0,1,0,1,0,1,1,0,1,0,1,0
0,-1.2802480369298874,-1.506736824831314,-0.998774900282913,0,1,0,0,1,0,0,0,1,1,0,1,0,1,0,1,0,1,0,1,0,0,0,0,0,0,1
0,-0.22090504374582004,-1.506736824831314,-0.7645040595189229,0,0,1,1,1,0,0,0,1,1,0,1,0,1,0,1,0,1,0,1,0,0,1,0,0,0,1
1,1.368109446030281,1.7172975036503837,2.4614627722443467,0,1,1,1,1,0,1,1,0,0,1,0,1,0,1,0,1,0,1,0,1,1,0,1,0,1,0
0,-0.7098325790615434,0.7534109518362679,-0.45920194688487165,0,1,0,0,1,0,1,1,0,0,1,0,0,0,0,0,0,0,1,0,0,0,0,1,0,0,0
1,0.5939741817803856,1.1854980267874233,1.1418693923477465,1,1,1,0,1,0,1,1,0,0,0,0,0,0,1,0,0,0,1,0,1,0,0,1,0,1,0
0,0.3495104141225239,0.5539861480126578,0.40023232394046326,0,0,0,0,1,0,1,1,0,0,1,0,0,0,0,0,0,0,0,0,0,0,0,1,1,0,0
0,1.082901717096109,-0.6758001422329384,0.1690497993447366,0,1,1,0,0,1,0,0,0,0,0,0,0,0,0,0,0,0,1,0,1,0,0,1,0,1,0
0,0.7162060656093164,0.18837400766937243,0.551559816185376,0,0,0,1,1,0,0,1,0,0,0,0,0,0,0,0,0,0,0,0,0,0,1,0,1,0,0
0,-0.6283446565089229,-0.6758001422329384,-0.6577365577018125,0,1,1,1,0,1,0,0,0,0,1,0,0,0,1,0,0,0,1,0,0,1,0,0,1,0,0
0,-1.076528230548336,-0.5096128057132632,-0.8770070056485226,0,1,1,1,1,0,0,0,0,0,1,0,0,0,0,0,0,0,0,0,0,0,0,1,0,1,0
1,0.7569500268856267,-1.1743621517919638,-0.36346414566870244,0,1,1,0,0,1,0,0,0,0,0,0,1,0,0,0,0,0,0,0,0,0,0,1,1,0,0
0,0.4717422979514547,1.1854980267874233,0.9331874569779399,1,1,0,0,1,0,0,1,0,0,0,0,1,0,0,0,1,0,1,0,1,0,0,0,0,1,0
0,0.6754621043330061,0.6869360172283978,0.8886274665501377,0,1,1,0,1,0,0,1,0,0,0,0,1,0,0,0,0,0,1,0,0,0,0,1,1,0,0
0,-1.2395040756535771,1.0193106902677482,-0.9334790727253414,1,1,0,0,1,0,0,1,0,0,0,0,1,0,0,0,0,0,1,0,1,0,0,0,0,1,0
0,1.082901717096109,0.1551365403654374,0.7999486737185708,0,1,1,0,1,0,1,0,0,0,1,0,0,0,0,0,1,0,0,0,1,1,0,1,0,0,1
1,0.7162060656093164,0.18837400766937243,0.5167059622864019,0,1,0,0,1,0,1,0,0,0,1,0,1,0,0,0,0,0,1,0,0,0,0,1,0,0,0
0,1.082901717096109,-1.4734993575273791,-0.43978967382721523,0,0,1,1,1,0,0,0,1,1,0,1,0,1,0,1,0,1,0,1,0,0,1,0,0,0,1
0,-0.5876006952326126,0.32132387688511255,-0.39522968339941295,0,1,0,0,1,0,1,1,0,0,0,0,0,0,0,0,0,0,0,0,0,0,0,0,0,0,1
0,-0.9135523854430948,0.35456134418904756,-0.6603836858460383,0,1,0,0,1,0,1,1,0,0,0,0,0,0,0,0,0,0,0,0,0,0,0,0,0,1,0
0,-0.7505765403378537,-0.6758001422329384,-0.724355949331497,0,1,1,0,1,0,0,0,0,0,0,0,0,0,0,0,0,0,0,0,0,1,0,0,0,1,0
0,0.10504664646466222,-1.440261890223444,-0.6961199157930877,0,1,0,0,1,0,0,0,1,1,0,1,0,1,0,1,0,1,0,1,0,0,1,0,0,0,0
0,-0.9950403079957154,-0.7090376095368733,-0.8549476044466403,0,1,1,1,1,0,0,0,0,0,0,0,0,0,0,0,0,0,0,0,0,1,0,1,0,0,1
0,-0.5876006952326126,-1.4734993575273791,-0.8549476044466403,0,1,1,1,1,0,0,0,1,1,0,1,0,1,0,1,0,1,0,1,0,1,0,0,0,0,0
0,1.1236456783724194,0.9860732229638132,1.556586134943134,0,0,1,1,1,0,1,1,0,0,1,0,1,0,0,0,0,0,1,0,0,1,0,0,0,0,0
0,-1.2802480369298874,0.9860732229638132,-0.9656857984800895,1,0,0,0,1,0,0,1,0,0,0,0,0,0,1,0,0,0,1,0,1,0,0,0,0,1,0
0,-1.076528230548336,-1.506736824831314,-0.9524501577589601,0,0,0,0,1,0,0,0,1,1,0,1,0,1,0,1,0,1,0,1,0,0,1,0,0,0,1
0,-0.5468567339563023,0.35456134418904756,-0.4005239396878647,0,0,0,1,1,0,1,0,0,0,1,0,1,0,0,0,1,0,1,0,0,0,0,1,0,0,1
0,0.8384379494382472,-0.011050796154237758,0.5330299191757948,0,1,1,1,1,0,1,0,0,0,1,0,1,0,0,0,1,0,0,0,0,1,0,0,0,0,0
1,1.6125732136881425,1.4846352325228385,2.4870516776385303,0,1,1,0,1,0,1,1,0,0,1,0,1,0,1,0,0,0,1,0,1,0,1,1,0,0,0
0,1.1236456783724194,1.5178726998267735,1.922331006870343,0,0,1,0,1,0,1,1,0,0,0,0,1,0,1,0,1,0,1,0,1,0,1,1,1,0,0
0,-1.2802480369298874,-0.310188001889653,-0.9828921314175577,1,0,0,0,1,0,0,0,0,0,0,0,0,0,0,0,0,0,1,0,0,0,0,1,1,0,0
0,-0.791320501614164,-0.3766629364975231,-0.6903844714805983,0,0,0,1,1,0,0,0,0,0,0,0,0,0,1,0,1,0,0,0,0,0,0,0,0,0,1
0,-1.1172721918246462,0.1551365403654374,-0.8659773050475815,0,0,1,1,1,0,0,1,0,0,0,0,0,0,0,0,0,0,0,0,0,0,0,0,1,0,0
0,-1.2802480369298874,1.2187354940913584,-0.9625974823118261,1,1,0,0,1,0,1,1,0,0,0,0,0,0,1,0,0,0,1,0,1,0,0,1,0,1,0
0,-0.791320501614164,1.0857856248756181,-0.4186126486734082,0,1,1,1,1,0,0,1,0,0,0,0,0,0,1,0,0,0,1,0,1,0,0,0,0,1,0
0,0.18653456901728277,0.853123353748073,0.47435191197878784,0,1,0,0,1,0,1,0,0,0,1,0,1,0,1,0,1,0,1,0,1,1,0,1,0,0,0
0,1.2866215234776603,0.2880864095811775,1.0946622737757186,0,1,1,0,1,0,0,1,0,0,1,0,0,0,0,0,0,0,0,0,0,0,0,1,0,0,1
0,-1.1172721918246462,0.08866160575756733,-0.8527416643264522,1,0,1,0,1,0,1,0,0,0,0,0,0,0,1,0,1,0,1,0,0,0,0,0,0,0,0
0,1.1643896396487294,0.9860732229638132,1.5089378283470682,0,0,1,0,1,0,1,1,0,0,0,0,1,0,0,0,1,0,0,0,1,0,1,1,0,0,0
0,-1.2802480369298874,0.1551365403654374,-0.9767154990810307,1,0,0,0,1,0,0,1,0,0,0,0,0,0,0,0,0,0,0,0,0,0,0,1,0,1,0
0,-1.2802480369298874,-1.539974292135249,-0.9992160883069506,1,1,0,0,1,0,0,0,1,1,0,1,0,1,0,1,0,1,0,1,0,0,0,1,0,0,1
0,-0.26164900502213034,-1.506736824831314,-0.775533760119864,0,1,0,0,1,0,0,0,1,1,0,1,0,1,0,1,0,1,0,1,0,1,0,0,0,0,1
0,-1.2802480369298874,0.1551365403654374,-0.9767154990810307,1,0,0,0,1,0,0,1,0,0,0,0,0,0,0,0,0,0,0,0,0,0,0,1,0,1,0
0,-0.3431369275747509,-1.506736824831314,-0.7940636571294452,0,1,1,0,1,0,0,0,1,1,0,1,0,1,0,1,0,1,0,1,0,0,1,0,0,0,1
0,-0.6283446565089229,-0.3434254691935881,-0.5950878582884667,0,1,1,0,0,1,0,0,0,0,0,0,0,0,1,0,1,0,1,0,1,1,0,0,0,1,0
0,-0.26164900502213034,-1.1743621517919638,-0.6603836858460383,0,0,0,1,0,1,0,0,0,0,0,0,0,0,1,0,0,0,0,0,0,0,0,1,0,0,1
0,-1.2802480369298874,0.1551365403654374,-0.9767154990810307,1,1,0,0,1,0,0,1,0,0,0,0,0,0,0,0,0,0,0,0,0,0,0,1,0,1,0
1,0.3087664528462136,1.2187354940913584,0.7955367934781943,1,1,1,0,1,0,1,1,0,0,1,0,0,0,0,0,0,0,1,0,1,0,0,0,0,1,0
0,0.797693988161937,1.2852104286992283,1.3593750881983062,0,1,0,0,1,0,1,1,0,0,0,0,1,0,1,0,0,0,1,0,1,0,0,1,0,1,0
0,-1.2802480369298874,0.5872236153165927,-0.9709800547685413,1,0,0,0,1,0,0,1,0,0,0,0,1,0,1,0,0,0,0,0,0,0,0,1,0,1,0
0,-1.2802480369298874,-1.4734993575273791,-0.9983337122588753,0,1,0,0,1,0,0,0,1,1,0,1,0,1,0,1,0,1,0,1,0,0,0,0,0,0,1
0,-0.46536881140368175,-0.9749373479683536,-0.6674426942306407,0,0,0,0,0,1,0,0,0,0,1,0,0,0,0,0,1,0,0,0,0,0,1,0,0,0,1
0,1.4088534073065913,1.3516853633070984,1.9999800991009689,0,0,1,0,1,0,1,1,0,0,0,0,1,0,1,0,0,0,1,0,1,1,0,1,0,0,0
0,0.4717422979514547,-0.276950534585718,0.06007635740743799,0,0,1,1,1,0,0,0,0,0,1,0,0,0,0,0,1,0,0,0,0,0,0,0,0,0,0
0,1.5310852911355222,-0.14400066536997788,0.8184785707281519,0,1,1,1,0,1,0,0,0,0,0,0,1,0,1,0,1,0,1,0,1,1,0,0,0,1,0
0,-1.1987601143772668,0.4875112134047877,-0.8893602703215767,1,1,0,0,1,0,0,1,0,0,0,0,0,0,0,0,0,0,1,0,0,0,0,0,0,1,0
0,0.9606698332671781,-0.1772381326739129,0.5180295263585148,0,1,1,1,1,0,0,0,0,0,1,0,1,0,1,0,0,0,0,0,0,0,1,1,0,0,0
0,-0.791320501614164,0.6536985499244629,-0.5152328259376527,1,0,0,0,1,0,1,1,0,0,0,0,0,0,0,0,0,0,0,0,1,0,0,1,0,1,0
0,1.0421577558197987,0.9528357556598781,1.390699437904979,1,0,1,1,1,0,1,1,0,0,1,0,1,0,0,0,0,0,0,0,1,0,0,1,0,0,0
0,0.3902543753988342,0.9860732229638132,0.8396555958819589,1,0,1,1,1,0,1,1,0,0,0,0,0,0,0,0,0,0,1,0,1,0,0,1,0,1,0
1,-1.2802480369298874,-1.3073120210077038,-0.9961277721386872,1,1,1,0,0,1,0,0,0,0,0,0,0,0,0,0,0,0,0,0,0,0,0,0,0,1,0
0,0.5532302205040753,1.1522605594834883,1.0355430785546738,0,0,1,1,1,0,1,1,0,0,1,0,0,0,1,0,1,0,0,0,1,0,1,0,0,0,1
0,1.24587756220135,-0.47637533840932816,0.4139091526856303,0,0,1,1,1,0,0,0,0,0,1,0,0,0,0,0,0,0,0,0,0,0,1,1,0,0,0
0,-0.8728084241667845,-0.14400066536997788,-0.7036201122017277,0,1,0,0,1,0,0,0,0,0,0,0,1,0,1,0,1,0,0,0,0,0,0,1,0,1,0
0,-0.7098325790615434,-0.1772381326739129,-0.624647455898989,0,1,1,1,1,0,1,0,0,0,0,0,0,0,1,0,1,0,0,0,0,0,0,1,0,0,0
0,1.6125732136881425,-0.011050796154237758,1.086720889343041,0,1,1,0,0,1,0,0,0,0,1,0,1,0,1,0,1,0,1,0,1,0,1,1,0,1,0
0,-0.13941712119319946,-1.3073120210077038,-0.6930315996248242,1,0,0,0,0,1,0,0,0,0,0,0,0,0,0,0,0,0,0,0,0,0,0,1,1,0,0
0,-1.2802480369298874,-0.5428502730171982,-0.9859804475858213,1,1,0,1,1,0,0,0,0,0,0,0,0,0,1,0,0,0,0,0,0,0,0,0,0,1,0
0,-1.076528230548336,-0.3434254691935881,-0.8505357242062639,0,0,1,1,1,0,0,0,0,0,0,0,0,0,0,0,0,0,1,0,0,0,0,0,0,1,0
0,-1.2802480369298874,-0.6425626749290033,-0.9873040116579342,1,1,0,0,1,0,0,0,0,0,0,0,0,0,0,0,0,0,0,0,0,0,0,0,0,1,0
0,1.24587756220135,0.8863608210520081,1.5358502978133648,0,1,1,1,1,0,1,1,0,0,0,0,1,0,0,0,0,0,0,0,1,1,0,1,0,1,0
0,-1.2395040756535771,0.6869360172283978,-0.9334790727253414,1,1,0,0,1,0,0,1,0,0,0,0,0,0,1,0,0,0,0,0,1,0,0,1,0,1,0
0,-0.5876006952326126,-1.3073120210077038,-0.8183289984515157,0,0,1,1,1,0,1,0,1,1,0,1,0,1,0,1,0,1,0,1,0,0,1,0,0,0,1
0,0.4309983366751445,-1.0081748152722887,-0.3431694965629707,0,0,1,0,0,1,0,0,0,0,1,0,0,0,0,0,1,0,0,0,0,0,0,0,0,0,0
0,-0.7098325790615434,-0.6425626749290033,-0.7014141720815394,0,0,0,0,0,1,0,0,0,0,1,0,1,0,1,0,1,0,0,0,0,1,0,0,0,0,1
0,-0.9135523854430948,1.0193106902677482,-0.5968526103846173,1,1,0,1,1,0,1,1,0,0,0,0,0,0,0,0,0,0,1,0,1,0,0,0,0,1,0
0,0.9199258719908678,-1.4734993575273791,-0.48787916844731866,0,1,1,1,1,0,0,0,1,1,0,1,0,1,0,1,0,1,0,1,0,0,1,0,0,0,1
0,0.6754621043330061,1.1854980267874233,1.2292246211072007,1,1,0,1,1,0,1,1,0,0,0,0,0,0,0,0,1,0,1,0,1,1,0,1,0,0,0
0,-1.076528230548336,-0.310188001889653,-0.864212552951431,1,1,1,1,1,0,0,0,0,0,0,0,1,0,1,0,0,0,0,0,0,0,0,1,0,0,1
0,1.5310852911355222,-1.4734993575273791,-0.3639053336927401,0,1,1,1,1,0,0,0,1,1,0,1,0,1,0,1,0,1,0,1,0,0,1,0,1,0,0
1,-1.2395040756535771,0.32132387688511255,-0.9383321409897555,1,1,0,0,1,0,1,1,0,0,0,0,0,0,0,0,0,0,0,0,0,0,0,1,0,0,1
1,1.24587756220135,-0.9416998806644186,0.006692606498882791,0,1,1,0,0,1,0,0,0,0,1,0,0,0,0,0,1,0,0,0,0,1,0,0,0,0,0
0,-0.3023929662984406,0.022186671149697273,-0.26640278038042026,0,0,0,0,1,0,0,0,0,0,0,0,1,0,0,0,1,0,0,0,1,0,0,1,0,0,0
1,-0.5876006952326126,-1.4734993575273791,-0.8443590918697368,0,0,0,0,1,0,0,0,1,1,0,1,0,1,0,1,0,1,0,1,0,1,0,0,0,0,0
1,-0.18016108246950976,1.3516853633070984,0.31552422332523516,0,1,1,0,1,0,1,1,0,0,0,0,1,0,0,0,1,0,1,0,1,0,0,1,0,1,0
1,0.8384379494382472,1.052548157571683,1.289667380400358,0,0,0,0,1,0,0,1,0,0,1,0,1,0,0,0,1,0,0,0,1,1,0,1,0,0,1
0,0.10504664646466222,1.2519729613952935,0.5925903024208771,1,1,0,0,1,0,0,1,0,0,0,0,1,0,1,0,0,0,1,0,1,1,0,1,0,0,0
0,-1.2802480369298874,-1.340549488311639,-0.9965689601627248,0,1,0,0,0,1,0,0,0,0,0,0,0,0,0,0,0,0,0,0,0,0,0,0,0,0,1
0,1.5310852911355222,1.6840600363464486,2.508228702792337,1,1,1,0,1,0,1,1,0,0,1,0,1,0,1,0,1,0,1,0,1,1,0,0,1,0,0
0,-1.2395040756535771,0.4875112134047877,-0.940096893085906,1,1,0,0,1,0,0,1,0,0,0,0,0,0,1,0,1,0,0,0,0,0,0,1,0,1,0
0,-0.26164900502213034,0.2880864095811775,-0.1428701336498793,0,0,1,0,1,0,0,0,0,0,0,0,1,0,0,0,1,0,1,0,1,0,0,1,0,1,0
0,0.06430268518835193,-0.011050796154237758,-0.10139845939034055,0,0,0,0,1,0,0,0,0,0,1,0,1,0,0,0,0,0,0,0,1,1,0,0,0,1,0
0,-0.5468567339563023,-1.4734993575273791,-0.8315646391726451,0,0,0,1,1,0,0,0,1,1,0,1,0,1,0,1,0,1,0,1,0,0,1,0,0,0,1
0,-0.7098325790615434,0.3877988114929826,-0.508615005577088,1,1,0,0,1,0,1,1,0,0,0,0,0,0,0,0,0,0,0,0,0,0,0,1,0,0,1
0,1.2051336009250397,-0.3434254691935881,0.5039115095893101,0,0,1,1,1,0,0,0,0,0,1,0,0,0,1,0,0,0,0,0,0,1,0,0,1,0,0
1,0.3902543753988342,1.3184478960031634,0.9000983551751165,1,0,0,0,1,0,1,1,0,0,0,0,1,0,1,0,0,0,1,0,1,0,0,1,0,0,0
0,-0.9542963467194051,0.32132387688511255,-0.697002291841163,1,0,0,0,1,0,0,0,0,0,1,0,1,0,0,0,0,0,1,0,1,0,0,1,0,1,0
0,-0.3431369275747509,-0.44313787110539316,-0.44464274209162935,0,1,0,0,1,0,0,0,0,0,1,0,0,0,0,0,0,0,0,0,0,0,0,1,0,1,0
1,1.4495973685829016,-0.7755125441447435,0.30096501853199287,0,1,1,0,0,1,0,0,0,0,1,0,1,0,1,0,0,0,0,0,0,0,1,1,0,1,0
0,-0.05792919864057891,-0.3434254691935881,-0.2805207971496249,0,1,1,1,1,0,0,0,0,0,0,0,0,0,1,0,1,0,0,0,0,0,0,0,0,0,1
0,-1.2802480369298874,-0.276950534585718,-0.9824509433935201,1,0,0,0,1,0,0,0,0,0,0,0,0,0,0,0,0,0,0,0,1,0,0,1,0,1,0
0,-0.46536881140368175,1.3849228306110335,-0.014925606678961876,1,1,1,0,1,0,1,1,0,0,0,0,0,0,1,0,1,0,1,0,1,0,0,1,0,1,0
0,1.24587756220135,1.052548157571683,1.6880601661063528,0,0,1,0,1,0,0,1,0,0,0,0,1,0,0,0,0,0,1,0,1,1,0,1,0,1,0
1,-1.2395040756535771,0.4875112134047877,-0.9370085769176425,1,0,0,0,1,0,0,1,0,0,0,0,0,0,0,0,0,0,0,0,1,0,0,1,0,0,0
0,1.1643896396487294,-0.11076319806604285,0.6477388054255828,0,0,1,1,0,1,0,0,0,0,0,0,1,0,1,0,1,0,1,0,1,0,1,1,0,0,0
0,-1.2802480369298874,0.12189907306150236,-0.9771566871050683,1,0,0,0,1,0,0,1,0,0,0,0,0,0,0,0,0,0,0,0,0,0,0,0,0,1,0
0,-0.5876006952326126,-1.506736824831314,-0.8258291948601557,0,1,0,0,1,0,0,0,1,1,0,1,0,1,0,1,0,1,0,1,0,1,0,0,0,0,1
0,-1.076528230548336,-1.506736824831314,-0.9608327302156755,0,0,1,1,1,0,0,0,1,1,0,1,0,1,0,1,0,1,0,1,0,1,0,0,1,0,0
0,0.02355872391204165,1.1854980267874233,0.4575867670653573,0,0,0,0,1,0,1,1,0,0,0,0,1,0,0,0,0,0,1,0,1,0,0,1,0,1,0
0,-0.6690886177852331,-1.4734993575273791,-0.862888988879318,1,1,0,0,1,0,0,0,1,1,0,1,0,1,0,1,0,1,0,1,0,0,0,0,0,0,0
0,0.9606698332671781,1.1190230921795532,1.4939374355297883,0,0,1,0,1,0,0,1,0,0,0,0,0,0,1,0,1,0,1,0,1,0,0,1,0,1,0
0,-0.38388088885106114,-1.506736824831314,-0.8020050415621228,0,1,0,1,1,0,0,0,1,1,0,1,0,1,0,1,0,1,0,1,0,1,0,0,0,0,1
0,-0.9542963467194051,0.2880864095811775,-0.6965611038171253,0,1,0,0,1,0,0,1,0,0,0,0,0,0,1,0,0,0,0,0,0,0,0,1,0,1,0
1,-0.7505765403378537,1.1854980267874233,-0.40317106783209056,1,0,1,0,1,0,1,1,0,0,0,0,1,0,0,0,0,0,1,0,1,0,0,1,0,1,0
0,-0.7098325790615434,0.32132387688511255,-0.5187623301299539,1,1,1,1,1,0,1,1,0,0,0,0,0,0,0,0,0,0,0,0,0,0,0,1,0,0,0
0,-1.1172721918246462,-1.4734993575273791,-0.9652446104560519,0,1,0,0,1,0,0,0,1,1,0,1,0,1,0,1,0,1,0,1,0,0,0,0,1,0,0
0,1.1643896396487294,1.3849228306110335,1.8054161805003666,0,1,1,0,1,0,1,1,0,0,1,0,1,0,0,0,0,0,1,0,1,0,0,1,0,1,0
0,1.5310852911355222,1.7172975036503837,2.589407299215264,0,1,1,1,1,0,1,1,0,0,1,0,1,0,1,0,1,0,1,0,1,0,1,1,1,0,0
0,-0.7098325790615434,1.1522605594834883,-0.31625702709667425,0,1,0,0,1,0,1,1,0,0,1,0,0,0,0,0,0,0,1,0,1,0,0,1,0,1,0
0,-0.9950403079957154,-1.506736824831314,-0.9498030296147343,0,1,1,1,1,0,0,0,1,1,0,1,0,1,0,1,0,1,0,1,0,0,1,0,0,0,1
0,-0.9950403079957154,-1.506736824831314,-0.9356850128455296,0,0,1,1,1,0,0,0,1,1,0,1,0,1,0,1,0,1,0,1,0,0,1,0,0,0,1
0,-1.1580161531009565,-1.1743621517919638,-0.9586267900954872,0,0,0,0,0,1,0,0,0,0,1,0,0,0,0,0,0,0,0,0,0,0,0,1,0,0,1
0,0.06430268518835193,-0.310188001889653,-0.1755180474286651,0,0,0,0,1,0,0,0,0,0,1,0,1,0,0,0,0,0,0,0,0,1,0,0,0,0,1
0,1.4495973685829016,0.853123353748073,1.7732094547456183,0,1,1,0,1,0,1,0,0,0,1,0,1,0,1,0,1,0,1,0,1,0,1,1,1,0,0
0,0.512486259227765,-0.44313787110539316,-0.008307786318397181,0,0,1,1,0,1,0,0,0,0,0,0,1,0,1,0,1,0,0,0,1,1,0,0,0,0,0
1,-0.9542963467194051,0.853123353748073,-0.647148045124909,0,0,0,0,1,0,1,1,0,0,0,0,0,0,1,0,0,0,1,0,0,0,0,1,0,1,0
0,-0.42462485012737144,-0.1772381326739129,-0.45434887862045753,0,0,0,0,1,0,1,0,0,0,1,0,0,0,0,0,1,0,0,0,0,0,0,1,0,0,1
0,-1.2395040756535771,-1.4734993575273791,-0.9890687637540848,0,0,0,0,1,0,0,0,1,1,0,1,0,1,0,1,0,1,0,1,0,0,0,0,0,0,1
0,1.5310852911355222,0.2548489422772425,1.3156974738185792,0,1,1,0,1,0,1,0,0,0,0,0,1,0,1,0,1,0,1,0,0,0,1,0,0,0,0
0,-0.9135523854430948,0.2880864095811775,-0.7014141720815394,0,0,0,1,1,0,1,0,0,0,1,0,0,0,1,0,1,0,0,0,1,1,0,0,1,0,0
0,1.6125732136881425,0.6536985499244629,1.6386471074141362,0,1,0,0,1,0,1,0,0,0,1,0,0,0,1,0,1,0,1,0,1,0,1,0,1,0,0
0,0.6754621043330061,0.45427374610085264,0.679945531180331,0,0,1,1,1,0,0,0,0,0,0,0,1,0,1,0,0,0,1,0,1,1,0,0,1,0,0
1,0.8791819107145575,0.2548489422772425,0.7072991886706651,0,0,0,0,1,0,1,0,0,0,0,0,1,0,0,0,1,0,1,0,0,1,0,0,0,0,1
0,1.5718292524118322,1.3849228306110335,2.2060149063265495,0,0,0,0,1,0,1,1,0,0,1,0,1,0,1,0,0,0,1,0,1,0,1,1,1,0,0
0,-0.42462485012737144,-1.506736824831314,-0.825388006836118,0,0,0,0,1,0,0,0,1,1,0,1,0,1,0,1,0,1,0,1,0,1,0,1,0,0,1
0,0.7162060656093164,-1.4734993575273791,-0.5350862870193468,0,0,1,1,1,0,0,0,1,1,0,1,0,1,0,1,0,1,0,1,0,0,1,0,1,0,0
0,0.4309983366751445,-1.4734993575273791,-0.6467068571008713,0,0,1,1,1,0,0,0,1,1,0,1,0,1,0,1,0,1,0,1,0,1,0,0,0,0,1
0,0.512486259227765,-1.340549488311639,-0.49052629659154456,0,0,1,1,1,0,1,0,1,1,0,1,0,1,0,1,0,1,0,1,0,0,1,1,1,0,0
1,1.2866215234776603,1.2852104286992283,1.8817417086588797,0,1,0,0,1,0,1,1,0,0,1,0,1,0,0,0,0,0,1,0,1,0,0,1,0,0,0
0,-0.38388088885106114,-1.373786955615574,-0.7314149577160994,0,0,1,1,1,0,1,0,1,1,0,1,0,1,0,1,0,1,0,1,0,0,1,0,0,0,1
0,1.4495973685829016,-1.3073120210077038,-0.1640471588036863,0,0,1,0,1,0,1,0,1,1,0,1,0,1,0,1,0,1,0,1,0,0,1,0,1,0,0
0,-1.2802480369298874,0.18837400766937243,-0.976274311056993,1,0,0,0,1,0,0,1,0,0,0,0,0,0,0,0,0,0,0,0,0,0,0,1,0,1,0
0,-1.2395040756535771,0.1551365403654374,-0.9480382775185837,1,1,0,0,1,0,0,1,0,0,0,0,0,0,0,0,0,0,0,0,0,0,0,1,1,0,0
0,-0.26164900502213034,-0.1772381326739129,-0.3422871205148954,0,1,0,0,1,0,0,0,0,0,0,0,0,0,0,0,1,0,1,0,0,1,0,0,1,0,0
0,0.9199258719908678,-0.3434254691935881,0.30670046284448227,1,1,1,0,0,1,0,0,0,0,0,0,0,0,1,0,1,0,1,0,1,0,0,1,0,0,0
0,-0.7505765403378537,-1.4734993575273791,-0.8752422535523721,0,1,0,0,1,0,0,0,1,1,0,1,0,1,0,1,0,1,0,1,0,0,0,1,0,1,0
0,1.5718292524118322,0.5872236153165927,1.5658510834479247,0,1,1,0,1,0,0,0,0,0,1,0,0,0,1,0,1,0,1,0,1,0,1,1,0,1,0
0,1.2866215234776603,0.5539861480126578,1.4489362570779485,0,1,0,0,1,0,1,0,0,0,1,0,1,0,1,0,1,0,1,0,0,1,0,0,0,1,0
0,-1.0357842692720256,0.18837400766937243,-0.8086228619226875,1,0,0,0,1,0,0,0,0,0,0,0,0,0,0,0,1,0,1,0,1,0,0,1,1,0,0
0,1.0014137945434884,0.32132387688511255,0.830831835401206,0,0,0,0,1,0,0,0,0,0,1,0,1,0,1,0,1,0,1,0,0,0,1,1,1,0,0
0,-0.791320501614164,0.9860732229638132,-0.4711140235338881,1,0,1,0,1,0,1,1,0,0,0,0,1,0,1,0,0,0,1,0,0,0,0,0,0,1,0
0,-1.1987601143772668,-1.1743621517919638,-0.9670093625522025,1,0,1,1,0,1,0,0,0,0,1,0,0,0,0,0,0,0,0,0,0,0,0,0,1,0,0
1,1.6125732136881425,1.4846352325228385,2.477345541109702,0,1,1,0,1,0,1,1,0,0,0,0,1,0,1,0,1,0,1,0,1,0,1,0,1,0,0
0,0.3087664528462136,1.052548157571683,0.7200936413677568,0,0,1,1,1,0,1,1,0,0,0,0,1,0,1,0,0,0,1,0,0,0,0,1,1,0,0
0,-0.7505765403378537,0.0554241384536323,-0.5752343972067726,0,1,1,0,1,0,1,0,0,0,0,0,0,0,0,0,1,0,1,0,0,0,0,1,1,0,0
0,-1.2395040756535771,-0.6758001422329384,-0.9674505505762402,0,1,1,1,1,0,0,0,0,0,0,0,0,0,0,0,0,0,0,0,0,0,0,1,0,1,0
1,1.368109446030281,1.5178726998267735,2.2717519219081588,1,1,0,0,1,0,1,1,0,0,0,0,1,0,1,0,1,0,1,0,1,1,0,0,1,0,0
0,0.22727853029359305,1.3516853633070984,0.7690655120359355,1,0,1,0,1,0,1,1,0,0,0,0,0,0,1,0,1,0,1,0,1,0,0,1,0,1,0
0,-1.2802480369298874,-1.3073120210077038,-0.9961277721386872,1,1,0,1,0,1,0,0,0,0,0,0,0,0,0,0,0,0,0,0,0,0,0,1,0,1,0
0,-0.42462485012737144,-0.310188001889653,-0.48082016006271633,1,1,0,0,1,0,0,0,0,0,0,0,1,0,0,0,1,0,0,0,0,1,0,1,1,0,0
0,-1.2802480369298874,-1.4734993575273791,-0.9983337122588753,1,1,0,0,1,0,0,0,1,1,0,1,0,1,0,1,0,1,0,1,0,0,0,1,0,0,1
0,-1.1172721918246462,0.5207486807087227,-0.8315646391726451,0,1,0,0,1,0,0,1,0,0,0,0,0,0,0,0,0,0,1,0,0,0,0,1,0,0,1
0,-0.13941712119319946,0.1551365403654374,-0.14331132167391694,0,1,1,1,1,0,1,0,0,0,1,0,0,0,0,0,1,0,1,0,0,1,0,0,0,0,0
0,-1.2802480369298874,0.1551365403654374,-0.9767154990810307,1,1,1,1,1,0,0,1,0,0,0,0,0,0,0,0,0,0,0,0,0,0,0,1,0,0,1
0,-1.1987601143772668,-1.4734993575273791,-0.9793626272252566,0,0,0,0,1,0,0,0,1,1,0,1,0,1,0,1,0,1,0,1,0,0,0,0,0,0,1
0,1.5718292524118322,-1.506736824831314,-0.43317185346665055,0,1,1,1,1,0,0,0,1,1,0,1,0,1,0,1,0,1,0,1,0,0,1,0,1,0,0
0,-0.9542963467194051,-0.47637533840932816,-0.7936224691054076,0,1,0,1,1,0,0,0,0,0,0,0,1,0,0,0,0,0,0,0,0,0,0,1,0,1,0
0,0.4309983366751445,1.2187354940913584,0.9905419001028339,1,1,0,0,1,0,1,1,0,0,0,0,1,0,0,0,0,0,1,0,1,0,0,1,0,1,0
0,0.6347181430566958,0.6204610826205278,0.7077403766947027,0,0,0,0,1,0,1,0,0,0,1,0,1,0,1,0,0,0,1,0,1,1,0,1,1,0,0
0,-0.26164900502213034,0.7201734845323329,-0.03301431566450537,0,1,0,0,1,0,1,1,0,0,1,0,1,0,0,0,0,0,0,0,0,0,0,1,1,0,0
0,-0.9542963467194051,-1.4734993575273791,-0.9021547230186685,0,0,0,0,1,0,0,0,1,1,0,1,0,1,0,1,0,1,0,1,0,0,0,0,0,0,0
0,-1.2802480369298874,0.5207486807087227,-0.9718624308166166,1,1,0,0,1,0,0,1,0,0,0,0,0,0,0,0,0,0,0,0,1,0,0,1,0,1,0
0,0.5532302205040753,-1.506736824831314,-0.5844993457115631,0,0,1,1,1,0,0,0,1,1,0,1,0,1,0,1,0,1,0,1,0,0,1,0,1,0,0
0,-1.2395040756535771,-0.07752573076210782,-0.9550972859031861,1,1,0,0,1,0,1,0,0,0,0,0,0,0,0,0,0,0,0,0,1,0,0,0,0,0,0
1,-1.2802480369298874,0.3877988114929826,-0.9736271829127672,1,1,0,0,1,0,1,1,0,0,0,0,0,0,0,0,0,0,0,0,0,0,0,1,0,1,0
0,1.2866215234776603,-0.14400066536997788,0.6892104796851215,0,1,1,1,0,1,0,0,0,0,1,0,0,0,1,0,1,0,1,0,1,0,1,1,0,0,0
1,-0.8320644628904743,0.8863608210520081,-0.5244977744424433,1,0,0,0,1,0,1,1,0,0,0,0,1,0,0,0,0,0,1,0,0,0,0,1,0,1,0
1,-1.076528230548336,1.0193106902677482,-0.754356734966057,1,1,1,0,1,0,0,1,0,0,0,0,0,0,1,0,0,0,1,0,1,0,0,1,0,1,0
0,1.082901717096109,-1.4734993575273791,-0.4481722462839305,0,0,1,0,1,0,0,0,1,1,0,1,0,1,0,1,0,1,0,1,0,1,0,0,0,0,1
0,-1.0357842692720256,0.9860732229638132,-0.7278854535237982,0,0,0,0,1,0,0,1,0,0,0,0,1,0,0,0,0,0,1,0,1,1,0,1,0,0,1
1,1.6125732136881425,0.6536985499244629,1.6968839265871056,0,0,1,0,1,0,1,0,0,0,1,0,1,0,1,0,0,0,1,0,1,0,1,1,1,0,0
1,-0.6690886177852331,0.45427374610085264,-0.46979045946177517,0,1,0,0,1,0,0,1,0,0,0,0,0,0,0,0,0,0,0,0,1,0,0,1,0,1,0
0,-0.3023929662984406,-0.310188001889653,-0.38728829896673533,0,1,1,0,1,0,1,0,0,0,0,0,0,0,1,0,0,0,0,0,0,0,0,0,1,0,0
0,0.06430268518835193,-0.07752573076210782,-0.0038959060780207186,1,0,1,0,1,0,1,0,0,0,1,0,1,0,0,0,1,0,0,0,0,0,0,0,0,1,0
0,-1.2802480369298874,0.32132387688511255,-0.9745095589608425,1,0,0,0,1,0,1,1,0,0,0,0,0,0,0,0,0,0,0,0,0,0,0,1,0,1,0
0,-0.9135523854430948,1.2519729613952935,-0.5359686630674221,1,0,1,1,1,0,1,1,0,0,0,0,1,0,1,0,0,0,1,0,1,0,0,1,1,0,0
0,-0.3431369275747509,-1.4734993575273791,-0.7720042559275628,0,1,1,0,1,0,0,0,1,1,0,1,0,1,0,1,0,1,0,1,0,1,0,0,0,0,1
0,-0.9135523854430948,0.18837400766937243,-0.7089143684901794,0,0,1,1,1,0,1,0,0,0,1,0,1,0,0,0,0,0,1,0,0,1,0,0,0,1,0
0,1.4903413298592119,-0.3766629364975231,0.671121770699578,0,1,1,0,1,0,0,0,0,0,1,0,1,0,0,0,0,0,0,0,0,1,0,1,1,0,0
0,1.0014137945434884,-1.4734993575273791,-0.5139092618655398,0,1,0,0,1,0,0,0,1,1,0,1,0,1,0,1,0,1,0,1,0,0,1,0,0,0,1
0,0.7162060656093164,1.2852104286992283,1.3029030211214876,0,1,1,1,1,0,0,1,0,0,0,0,1,0,1,0,1,0,1,0,1,1,0,1,0,0,0
0,-0.18016108246950976,-0.47637533840932816,-0.3956708714234506,0,1,1,1,0,1,0,0,0,0,1,0,0,0,1,0,1,0,1,0,0,1,0,0,0,0,1
0,-0.6690886177852331,-0.47637533840932816,-0.6709721984229419,1,0,0,0,1,0,0,0,0,0,1,0,0,0,0,0,0,0,0,0,0,0,0,1,0,1,0
0,-0.3023929662984406,0.4875112134047877,-0.16801785102002512,0,1,0,0,1,0,0,0,0,0,1,0,1,0,0,0,1,0,1,0,1,0,0,1,0,0,1
1,-1.1987601143772668,0.32132387688511255,-0.9017135349946308,0,0,1,0,1,0,0,1,0,0,0,0,1,0,0,0,0,0,0,0,0,0,0,1,0,0,0
0,1.1643896396487294,1.052548157571683,1.4957021876259389,0,1,1,0,1,0,1,1,0,0,0,0,0,0,0,0,0,0,1,0,1,1,0,1,0,0,0
0,-1.2395040756535771,-1.4734993575273791,-0.9899511398021601,0,0,0,0,1,0,0,0,1,1,0,1,0,1,0,1,0,1,0,1,0,0,0,0,0,0,1
0,0.7569500268856267,-1.506736824831314,-0.5672930127740949,0,1,1,1,1,0,0,0,1,1,0,1,0,1,0,1,0,1,0,1,0,1,0,0,0,0,1
0,1.5718292524118322,0.42103627879691763,1.452024573246212,0,0,1,1,1,0,0,0,0,0,1,0,0,0,1,0,0,0,1,0,1,0,1,0,1,0,0
0,-0.506112772679992,-1.4734993575273791,-0.828035134980344,0,0,1,1,1,0,0,0,1,1,0,1,0,1,0,1,0,1,0,1,0,0,0,0,0,0,1
0,-1.076528230548336,-1.506736824831314,-0.9462735254224331,0,1,1,1,1,0,0,0,1,1,0,1,0,1,0,1,0,1,0,1,0,0,0,0,1,0,0
0,-1.076528230548336,-1.4734993575273791,-0.9528913457829978,0,0,0,0,1,0,0,0,1,1,0,1,0,1,0,1,0,1,0,1,0,0,0,0,0,0,1
0,-0.13941712119319946,0.08866160575756733,-0.2125778414478274,0,0,0,0,1,0,1,0,0,0,1,0,1,0,0,0,1,0,0,0,0,0,0,0,0,0,1
0,0.1457906077409725,-1.539974292135249,-0.70317892417769,0,1,0,0,1,0,0,0,1,1,0,1,0,1,0,1,0,1,0,1,0,0,1,1,1,0,0
0,-0.18016108246950976,-1.1743621517919638,-0.6586189337498878,0,0,0,0,0,1,0,0,0,0,0,0,0,0,1,0,0,0,0,0,0,0,0,1,0,0,1
0,-1.0357842692720256,0.7201734845323329,-0.7503860427497182,1,0,1,0,1,0,1,1,0,0,0,0,0,0,0,0,0,0,1,0,0,0,0,1,0,1,0
0,1.24587756220135,-1.340549488311639,-0.29331524984671664,0,0,0,0,1,0,1,0,1,1,0,1,0,1,0,1,0,1,0,1,0,0,1,0,0,0,1
0,0.6347181430566958,-1.373786955615574,-0.4896439205434692,0,1,1,1,1,0,1,0,1,1,0,1,0,1,0,1,0,1,0,1,0,0,1,0,0,0,1
0,0.6754621043330061,-1.4734993575273791,-0.6100882511057467,0,0,1,0,1,0,0,0,1,1,0,1,0,1,0,1,0,1,0,1,0,1,0,0,0,0,0
1,-0.22090504374582004,0.5539861480126578,-0.07095648573174294,1,1,0,0,1,0,1,1,0,0,0,0,1,0,0,0,0,0,0,0,0,0,0,1,0,1,0
0,1.6125732136881425,0.919598288355943,1.9571848607693172,0,1,1,0,1,0,1,0,0,0,1,0,1,0,1,0,1,0,1,0,1,0,1,0,1,0,0
0,-1.2802480369298874,0.1551365403654374,-0.9767154990810307,1,1,1,0,1,0,0,1,0,0,0,0,0,0,0,0,0,0,0,0,0,0,0,1,0,1,0
0,1.6125732136881425,-0.3766629364975231,0.6622980102188252,0,0,1,1,0,1,0,0,0,0,0,0,1,0,0,0,1,0,1,0,1,0,1,0,1,0,0
0,0.5939741817803856,-0.8419874787526135,-0.21390140551994033,0,0,0,0,0,1,0,0,0,0,1,0,1,0,0,0,1,0,0,0,0,1,0,0,1,0,0
0,-1.2802480369298874,-0.3434254691935881,-0.9833333194415954,0,0,0,0,1,0,0,0,0,0,0,0,0,0,0,0,0,0,1,0,0,0,0,1,0,1,0
0,0.1457906077409725,1.3184478960031634,0.7072991886706651,0,0,0,0,1,0,1,1,0,0,0,0,1,0,1,0,0,0,1,0,1,1,0,1,0,0,0
0,0.4309983366751445,-1.1743621517919638,-0.4671433313175493,0,1,1,1,0,1,0,0,0,0,0,0,1,0,0,0,0,0,0,0,0,0,0,0,1,0,0
1,-0.22090504374582004,0.6204610826205278,0.011986862787334547,0,0,1,0,1,0,1,0,0,0,0,0,1,0,1,0,1,0,1,0,1,0,0,0,0,1,0
0,-0.9542963467194051,0.4875112134047877,-0.6881785313604101,1,0,0,0,1,0,0,1,0,0,0,0,0,0,0,0,0,0,0,0,1,0,0,1,0,1,0
0,0.22727853029359305,1.2852104286992283,0.7523003671225049,0,0,0,0,1,0,1,1,0,0,0,0,0,0,1,0,1,0,1,0,1,0,0,1,0,1,0
1,0.10504664646466222,1.1522605594834883,0.5608247646901665,0,0,0,0,1,0,1,1,0,0,1,0,0,0,0,0,0,0,1,0,1,0,0,1,0,1,0
0,1.082901717096109,1.1854980267874233,1.6549710643035291,0,0,1,0,1,0,0,1,0,0,0,0,1,0,0,0,1,0,1,0,1,0,1,1,0,0,1
0,-0.22090504374582004,-1.4734993575273791,-0.7728866319756381,0,1,0,0,1,0,0,0,1,1,0,1,0,1,0,1,0,1,0,1,0,0,1,0,1,0,0
1,-1.2395040756535771,-0.7090376095368733,-0.9696564906964283,0,0,0,0,1,0,0,0,0,0,0,0,0,0,0,0,0,0,0,0,0,0,0,0,0,1,0
0,-1.0357842692720256,-1.373786955615574,-0.9308319445811155,0,1,0,0,1,0,1,0,1,1,0,1,0,1,0,1,0,1,0,1,0,0,0,0,0,0,1
0,0.1457906077409725,0.18837400766937243,0.10066565561890145,0,0,0,0,1,0,1,0,0,0,0,0,1,0,0,0,1,0,0,0,1,1,0,1,0,0,1
0,0.3495104141225239,0.9860732229638132,0.7103875048389285,0,0,1,1,1,0,1,1,0,0,1,0,1,0,0,0,0,0,1,0,0,0,0,1,0,0,0
0,-0.791320501614164,-1.1743621517919638,-0.8496533481581886,0,0,0,0,0,1,0,0,0,0,0,0,1,0,0,0,0,0,0,0,0,0,0,0,0,1,0
0,-0.5468567339563023,-1.4734993575273791,-0.8011226655140475,0,1,0,1,1,0,0,0,1,1,0,1,0,1,0,1,0,1,0,1,0,0,1,0,1,0,0
0,1.1236456783724194,-0.9084624133604835,0.002280726258506329,0,0,1,0,0,1,0,0,0,0,1,0,1,0,0,0,1,0,0,0,0,0,1,0,0,0,0
0,0.6347181430566958,1.0193106902677482,1.034219514482561,1,0,0,1,1,0,0,1,0,0,0,0,1,0,1,0,1,0,1,0,0,0,1,1,0,0,1
1,-1.1987601143772668,0.8863608210520081,-0.8796541337927486,1,1,0,0,1,0,1,1,0,0,0,0,0,0,1,0,0,0,1,0,0,0,0,0,0,1,0
0,1.4903413298592119,0.919598288355943,1.8429171625435667,0,1,1,0,1,0,1,1,0,0,0,0,1,0,0,0,1,0,1,0,0,0,1,1,0,0,1
0,0.4309983366751445,-0.6758001422329384,-0.1552233983229334,0,1,0,0,0,1,0,0,0,0,0,0,0,0,1,0,1,0,0,0,1,1,0,0,0,1,0
0,-0.8728084241667845,-0.9416998806644186,-0.8297998870764945,0,0,0,1,0,1,0,0,0,0,1,0,0,0,0,0,1,0,0,0,0,1,0,1,0,0,1
0,0.512486259227765,-0.47637533840932816,-0.02727887135201597,0,0,1,0,1,0,0,0,0,0,0,0,0,0,1,0,0,0,0,0,0,0,0,1,1,0,0
0,1.6125732136881425,1.4846352325228385,2.4155792177444315,0,1,1,0,1,0,1,1,0,0,0,0,1,0,1,0,1,0,1,0,1,0,1,1,1,0,0
1,-1.2395040756535771,0.4875112134047877,-0.9312731326051531,1,0,1,0,1,0,1,1,0,0,0,0,0,0,1,0,0,0,0,0,0,0,0,0,0,1,0
0,-0.8320644628904743,-1.4734993575273791,-0.9083313553551956,0,0,1,1,1,0,0,0,1,1,0,1,0,1,0,1,0,1,0,1,0,0,1,0,0,0,0
0,1.4088534073065913,1.5843476344346437,2.2523396488505023,0,0,1,1,1,0,1,1,0,0,0,0,1,0,1,0,1,0,1,0,1,1,0,1,1,0,0
0,0.18653456901728277,0.9860732229638132,0.5193530904306277,0,1,1,0,1,0,1,1,0,0,0,0,0,0,1,0,1,0,1,0,0,0,1,0,0,0,1
0,0.2680224915699033,-0.7755125441447435,-0.25713783187562966,0,0,0,0,0,1,0,0,0,0,1,0,1,0,0,0,1,0,0,0,0,1,0,0,0,0,0
0,0.3495104141225239,0.32132387688511255,0.3561135215366986,0,0,0,0,1,0,1,0,0,0,1,0,0,0,1,0,1,0,0,0,1,0,0,1,0,0,0
0,-0.3023929662984406,-0.5428502730171982,-0.4367013576589517,0,0,0,0,0,1,0,0,0,0,0,0,0,0,1,0,0,0,1,0,1,0,0,1,0,1,0
0,-0.9950403079957154,0.3877988114929826,-0.7225911972353465,0,1,1,1,1,0,1,0,0,0,1,0,1,0,0,0,1,0,0,0,1,0,1,1,1,0,0
0,1.5718292524118322,0.22161147497330744,1.2976087648330357,0,0,1,1,1,0,1,0,0,0,1,0,1,0,1,0,1,0,0,0,0,0,1,0,0,0,1
0,-1.1172721918246462,1.052548157571683,-0.7865634607208052,0,1,0,0,1,0,1,1,0,0,0,0,1,0,1,0,0,0,0,0,1,0,0,0,0,1,0
0,-0.09867315991688919,0.4875112134047877,0.06360586159973916,0,0,0,0,1,0,1,0,0,0,1,0,0,0,1,0,0,0,1,0,1,1,0,1,1,0,0
0,0.3087664528462136,0.819885886444138,0.5317063551036818,0,1,0,0,1,0,0,1,0,0,0,0,1,0,0,0,1,0,0,0,1,1,0,1,1,0,0
0,0.8791819107145575,-1.4734993575273791,-0.5505278678606644,0,0,0,0,1,0,0,0,1,1,0,1,0,1,0,1,0,1,0,1,0,0,1,1,0,0,1
0,1.6125732136881425,1.3849228306110335,2.3304299291051658,0,1,1,0,1,0,1,1,0,0,0,0,1,0,1,0,0,0,1,0,1,0,1,1,0,0,0
0,-0.18016108246950976,1.1854980267874233,0.22772780654174357,0,1,1,1,1,0,0,1,0,0,0,0,1,0,1,0,0,0,1,0,1,1,0,0,0,0,0
0,-0.5876006952326126,0.6869360172283978,-0.30081544625535667,0,1,1,1,1,0,0,1,0,0,0,0,0,0,0,0,1,0,0,0,1,0,0,1,0,1,0
0,-1.2395040756535771,-0.6425626749290033,-0.9696564906964283,1,0,0,0,0,1,0,0,0,0,0,0,0,0,0,0,0,0,1,0,1,0,0,1,0,1,0
0,1.082901717096109,1.3849228306110335,1.7529148056398867,0,0,1,1,1,0,1,1,0,0,0,0,1,0,1,0,0,0,1,0,1,1,0,1,0,1,0
0,-0.42462485012737144,-0.44313787110539316,-0.4636138271252481,0,1,1,1,1,0,0,0,0,0,0,0,0,0,0,0,1,0,0,0,0,0,0,1,0,1,0
0,-1.2802480369298874,-1.506736824831314,-0.998774900282913,0,0,0,0,1,0,0,0,1,1,0,1,0,1,0,1,0,1,0,1,0,0,0,0,0,0,1
1,1.6125732136881425,-1.3073120210077038,-0.1525762701787075,0,0,1,0,1,0,1,0,1,1,0,1,0,1,0,1,0,1,0,1,0,0,1,1,1,0,0
1,-0.7505765403378537,0.32132387688511255,-0.523615398394368,1,0,0,0,1,0,1,1,0,0,0,0,0,0,0,0,0,0,0,0,0,0,0,1,0,1,0
0,0.7162060656093164,1.1522605594834883,1.2248127408668241,0,1,1,0,1,0,1,1,0,0,0,0,0,0,0,0,1,0,1,0,1,1,0,0,0,1,0
0,0.6347181430566958,0.1551365403654374,0.3265539239261763,0,0,1,1,1,0,0,0,0,0,1,0,0,0,1,0,1,0,1,0,0,1,0,0,0,0,0
0,0.6754621043330061,1.1190230921795532,1.1498107767804242,0,0,1,1,1,0,1,1,0,0,0,0,1,0,0,0,0,0,1,0,1,0,0,1,0,1,0
0,-0.18016108246950976,0.6869360172283978,0.0027219142825439754,0,1,1,1,1,0,0,1,0,0,0,0,0,0,1,0,0,0,1,0,0,0,0,0,0,1,0
1,1.4495973685829016,1.0193106902677482,1.8618882475771854,0,1,0,0,1,0,1,1,0,0,0,0,1,0,1,0,0,0,0,0,1,0,0,1,0,1,0
0,-0.791320501614164,1.1854980267874233,-0.4278775971781988,0,1,0,0,1,0,1,1,0,0,0,0,0,0,0,0,1,0,1,0,1,0,0,0,0,1,0
0,-0.8728084241667845,0.819885886444138,-0.5703813289423585,0,0,0,0,1,0,1,1,0,0,0,0,0,0,1,0,0,0,1,0,0,0,0,1,0,1,0
0,-1.1987601143772668,0.32132387688511255,-0.9065666032590449,1,0,1,0,1,0,1,1,0,0,0,0,0,0,0,0,0,0,0,0,0,0,0,1,1,0,0
1,1.0014137945434884,1.1854980267874233,1.5279089133806871,1,1,1,0,1,0,1,1,0,0,0,0,0,0,1,0,0,0,1,0,1,0,0,0,0,1,0
0,-1.1987601143772668,0.35456134418904756,-0.9149491757157603,1,1,0,0,1,0,1,1,0,0,0,0,0,0,0,0,0,0,0,0,0,0,0,0,0,0,1
0,1.6125732136881425,-1.3073120210077038,-0.18478299593345568,0,1,1,0,1,0,1,0,1,1,0,1,0,1,0,1,0,1,0,1,0,0,1,0,1,0,0
0,1.5310852911355222,0.6536985499244629,1.6307057229814588,0,1,1,1,1,0,1,0,0,0,0,0,1,0,1,0,1,0,1,0,1,0,1,1,0,1,0
0,0.6754621043330061,0.4875112134047877,0.7143581970552674,0,0,1,1,1,0,1,0,0,0,0,0,1,0,0,0,1,0,1,0,1,0,1,0,0,0,0
1,1.4088534073065913,1.4181602979149686,2.1438073949372414,0,0,1,0,1,0,1,1,0,0,1,0,0,0,1,0,0,0,1,0,1,1,0,1,1,0,0
0,0.5532302205040753,-1.4734993575273791,-0.6092058750576714,0,1,0,0,1,0,0,0,1,1,0,1,0,1,0,1,0,1,0,1,0,0,1,0,0,0,0
1,1.2866215234776603,0.18837400766937243,0.9698060629730646,1,0,0,0,1,0,0,0,0,0,1,0,1,0,0,0,1,0,1,0,0,0,1,1,1,0,0
0,0.18653456901728277,-1.506736824831314,-0.6520011133893231,0,0,1,0,1,0,0,0,1,1,0,1,0,1,0,1,0,1,0,1,0,0,0,0,0,0,0
1,-1.2395040756535771,0.18837400766937243,-0.9392145170378308,1,0,0,0,1,0,0,1,0,0,0,0,0,0,0,0,0,0,0,0,0,0,0,0,0,1,0
1,-0.791320501614164,-0.6425626749290033,-0.7742101960477511,0,0,1,0,0,1,0,0,0,0,0,0,0,0,0,0,0,0,1,0,1,0,0,0,0,1,0
0,1.6125732136881425,1.6840600363464486,2.6763213399506807,0,0,1,0,1,0,1,1,0,0,1,0,1,0,1,0,1,0,1,0,1,0,1,0,0,1,0
0,1.4495973685829016,0.2548489422772425,1.1780468103188335,0,1,1,1,1,0,0,0,0,0,0,0,0,0,1,0,1,0,1,0,1,0,1,1,0,0,0
0,-0.7098325790615434,-1.506736824831314,-0.8606830487591297,0,1,1,1,1,0,0,0,1,1,0,1,0,1,0,1,0,1,0,1,0,1,0,0,0,0,1
0,-0.3431369275747509,-1.506736824831314,-0.7997991014419346,0,0,0,0,1,0,0,0,1,1,0,1,0,1,0,1,0,1,0,1,0,0,1,1,0,0,0
0,-0.3431369275747509,0.819885886444138,-0.010513726438585412,0,0,0,0,1,0,1,1,0,0,0,0,0,0,0,0,1,0,0,0,1,0,0,1,0,1,0
0,-0.22090504374582004,-0.47637533840932816,-0.3846411708225094,0,1,0,0,1,0,0,0,0,0,1,0,0,0,0,0,0,0,0,0,0,0,0,0,0,0,1
0,-0.8320644628904743,-0.47637533840932816,-0.7455329744853041,1,1,0,0,1,0,0,0,0,0,0,0,0,0,0,0,1,0,0,0,0,0,0,0,0,0,0
0,1.5718292524118322,0.7534109518362679,1.784680343370597,0,0,1,1,1,0,0,0,0,0,1,0,1,0,1,0,1,0,1,0,1,0,1,0,1,0,0
0,1.4088534073065913,-1.4734993575273791,-0.3846411708225094,0,1,1,1,1,0,0,0,1,1,0,1,0,1,0,1,0,1,0,1,0,0,1,1,0,0,1
0,1.24587756220135,1.4846352325228385,2.01100979970191,0,0,1,0,1,0,1,1,0,0,0,0,1,0,1,0,1,0,1,0,1,0,1,1,0,0,0
0,-1.2802480369298874,-1.4734993575273791,-0.9983337122588753,0,1,0,0,1,0,0,0,1,1,0,1,0,1,0,1,0,1,0,1,0,0,0,0,0,0,1
0,-1.1580161531009565,-0.310188001889653,-0.9021547230186685,0,1,0,0,1,0,0,0,0,0,0,0,0,0,0,0,0,0,0,0,1,0,0,1,0,1,0
1,0.3087664528462136,0.4875112134047877,0.41920340897408204,1,0,0,0,1,0,0,1,0,0,1,0,1,0,0,0,0,0,0,0,0,0,0,1,1,0,0
0,-0.8320644628904743,1.052548157571683,-0.5386157912116479,1,0,0,0,1,0,0,1,0,0,0,0,0,0,1,0,0,0,1,0,1,0,0,1,0,1,0
0,0.797693988161937,0.4875112134047877,0.764653631795559,0,1,1,1,1,0,0,0,0,0,1,0,1,0,1,0,0,0,1,0,1,0,1,0,0,1,0
0,-0.9135523854430948,-1.340549488311639,-0.9074489793071202,0,1,0,0,1,0,1,0,1,1,0,1,0,1,0,1,0,1,0,1,0,0,0,1,0,1,0
0,1.4495973685829016,1.2187354940913584,2.129689378168037,0,1,0,0,1,0,1,1,0,0,1,0,1,0,1,0,0,0,1,0,0,1,0,0,0,0,0
0,0.8791819107145575,1.1854980267874233,1.3929053780251672,1,0,0,0,1,0,1,1,0,0,0,0,0,0,0,0,1,0,1,0,1,0,0,1,0,1,0
0,-1.1580161531009565,-0.276950534585718,-0.9034782870907815,1,0,1,1,1,0,0,0,0,0,0,0,1,0,0,0,1,0,0,0,0,0,0,0,0,0,1
0,0.797693988161937,-0.9749373479683536,-0.14331132167391694,0,0,1,0,0,1,0,0,0,0,1,0,0,0,1,0,0,0,0,0,0,1,0,0,0,0,1
1,-1.2802480369298874,0.6869360172283978,-0.9696564906964283,1,0,0,0,1,0,0,1,0,0,0,0,0,0,1,0,0,0,0,0,1,0,0,1,0,1,0
0,1.5310852911355222,0.4875112134047877,1.4317299241404802,0,1,1,0,1,0,1,0,0,0,1,0,1,0,1,0,1,0,1,0,0,1,0,0,0,0,0
0,0.4309983366751445,-0.9749373479683536,-0.3616993935725518,0,1,0,0,0,1,0,0,0,0,1,0,0,0,1,0,0,0,0,0,0,1,0,1,1,0,0
0,0.797693988161937,-1.506736824831314,-0.5549397481010409,0,1,0,0,1,0,0,0,1,1,0,1,0,1,0,1,0,1,0,1,0,0,1,0,0,0,1
0,-0.8320644628904743,-0.5096128057132632,-0.7636216834708476,0,0,0,0,0,1,0,0,0,0,1,0,0,0,1,0,1,0,0,0,1,0,1,0,0,0,1
0,0.9606698332671781,0.12189907306150236,0.6759748389639921,0,0,1,1,1,0,1,0,0,0,1,0,1,0,0,0,0,0,0,0,1,1,0,0,0,0,0
0,0.3902543753988342,0.4875112134047877,0.45449845089709373,0,1,0,0,1,0,1,1,0,0,0,0,0,0,1,0,0,0,0,0,0,0,0,0,0,1,0
1,-0.42462485012737144,0.819885886444138,-0.15213508215466987,0,1,1,0,1,0,0,1,0,0,0,0,0,0,0,0,0,0,1,0,1,0,0,1,0,0,0
0,0.7569500268856267,-0.1772381326739129,0.3225832317098375,1,1,1,1,0,1,0,0,0,0,1,0,1,0,1,0,0,0,1,0,1,1,0,0,0,1,0
0,-0.22090504374582004,-1.506736824831314,-0.804210981682311,0,1,0,0,1,0,0,0,1,1,0,1,0,1,0,1,0,1,0,1,0,0,0,1,1,0,0
1,0.7569500268856267,0.9528357556598781,1.127751375578542,0,1,1,0,1,0,1,1,0,0,1,0,0,0,1,0,0,0,0,0,1,1,0,1,0,0,0
0,-1.1580161531009565,-0.5096128057132632,-0.9259788763167014,1,1,0,1,1,0,0,0,0,0,1,0,0,0,0,0,0,0,0,0,0,0,0,1,0,1,0
0,-1.2802480369298874,-1.506736824831314,-0.998774900282913,0,1,0,0,1,0,0,0,1,1,0,1,0,1,0,1,0,1,0,1,0,0,0,1,0,0,1
0,0.10504664646466222,-0.310188001889653,-0.12036954442395933,1,1,0,0,1,0,0,0,0,0,0,0,0,0,0,0,0,0,1,0,0,0,0,0,0,0,1
1,1.5718292524118322,0.2548489422772425,1.2601077827898357,0,1,1,1,1,0,1,0,0,0,0,0,1,0,1,0,1,0,0,0,1,1,0,1,0,0,0
0,-1.2802480369298874,0.1551365403654374,-0.9767154990810307,1,0,0,0,1,0,0,1,0,0,0,0,0,0,0,0,0,0,0,0,0,0,0,1,0,1,0
0,1.4903413298592119,-1.3073120210077038,-0.2690499085246461,0,0,1,1,1,0,1,0,1,1,0,1,0,1,0,1,0,1,0,1,0,0,1,1,0,0,0
0,-0.7505765403378537,-1.506736824831314,-0.8708303733119956,0,1,1,1,1,0,0,0,1,1,0,1,0,1,0,1,0,1,0,1,0,1,0,0,0,0,1
0,1.0014137945434884,-0.310188001889653,0.39184975148374795,0,1,1,0,1,0,0,0,0,0,1,0,0,0,0,0,1,0,0,0,0,0,0,0,0,1,0
0,1.6125732136881425,1.7505349709543188,2.817942695666765,0,0,1,1,1,0,1,1,0,0,1,0,1,0,1,0,1,0,1,0,1,0,1,0,1,0,0
0,0.6347181430566958,-1.506736824831314,-0.6030292427211443,0,1,0,0,1,0,0,0,1,1,0,1,0,1,0,1,0,1,0,1,0,0,1,0,1,0,0
0,-1.1580161531009565,0.45427374610085264,-0.8752422535523721,0,0,1,1,1,0,0,1,0,0,0,0,0,0,0,0,0,0,1,0,0,0,0,1,0,0,1
0,-0.05792919864057891,-1.4734993575273791,-0.6974434798652006,0,1,1,1,1,0,0,0,1,1,0,1,0,1,0,1,0,1,0,1,0,0,0,1,0,1,0
0,0.22727853029359305,-0.07752573076210782,0.03139913584499098,1,1,0,0,1,0,0,0,0,0,0,0,0,0,1,0,1,0,0,0,1,1,0,1,0,0,1
1,0.18653456901728277,0.919598288355943,0.5250885347431171,1,1,1,0,1,0,1,1,0,0,0,0,0,0,0,0,0,0,1,0,1,0,0,1,0,1,0
0,-1.2802480369298874,-1.506736824831314,-0.998774900282913,0,0,0,0,1,0,0,0,1,1,0,1,0,1,0,1,0,1,0,1,0,0,0,0,0,0,1
1,1.0014137945434884,0.4875112134047877,0.9508349779394458,0,1,0,0,1,0,1,0,0,0,0,0,1,0,1,0,0,0,1,0,1,0,1,1,0,0,0
1,1.2051336009250397,0.4875112134047877,1.118927615097789,0,0,1,0,1,0,0,0,0,0,1,0,0,0,1,0,1,0,1,0,1,0,1,1,1,0,0
0,-1.1987601143772668,-1.1743621517919638,-0.9665681745281649,0,1,1,0,0,1,0,0,0,0,0,0,0,0,0,0,1,0,0,0,0,0,0,1,0,1,0
0,1.6125732136881425,-1.506736824831314,-0.3158158390726366,0,0,0,1,1,0,0,0,1,1,0,1,0,1,0,1,0,1,0,1,0,0,1,1,0,0,1
0,-0.13941712119319946,-0.6425626749290033,-0.45920194688487165,0,1,0,1,0,1,0,0,0,0,1,0,1,0,1,0,1,0,0,0,0,0,0,1,0,0,1
0,-0.791320501614164,-0.6758001422329384,-0.760533367302584,0,1,1,1,1,0,0,0,0,0,0,0,0,0,0,0,0,0,0,0,0,0,0,0,0,0,0
0,-1.1987601143772668,0.1551365403654374,-0.9100961074513462,1,1,0,1,1,0,0,1,0,0,0,0,0,0,0,0,0,0,0,0,0,0,0,0,0,1,0
0,-0.8728084241667845,-0.44313787110539316,-0.7728866319756381,0,0,0,0,1,0,0,0,0,0,0,0,1,0,0,0,0,0,0,0,0,0,0,0,0,1,0
0,-0.46536881140368175,-0.3766629364975231,-0.4852320403030928,0,0,0,1,0,1,0,0,0,0,1,0,1,0,1,0,1,0,1,0,0,0,1,0,0,0,1
0,-0.5468567339563023,-1.340549488311639,-0.8020050415621228,0,0,0,0,1,0,1,0,1,1,0,1,0,1,0,1,0,1,0,1,0,0,0,0,0,0,0
0,1.1643896396487294,1.5511101671307086,2.0264513805432274,1,1,0,0,1,0,1,1,0,0,1,0,0,0,1,0,1,0,1,0,1,0,1,1,1,0,0
0,-0.8728084241667845,-0.5428502730171982,-0.7861222726967675,1,0,0,0,1,0,0,0,0,0,1,0,0,0,0,0,0,0,0,0,0,0,0,0,1,0,0
0,0.10504664646466222,1.4846352325228385,0.6614156341707499,0,1,1,1,1,0,1,1,0,0,0,0,1,0,1,0,1,0,1,0,1,0,0,1,0,1,0
0,-0.3023929662984406,-1.4734993575273791,-0.804210981682311,0,1,0,1,1,0,0,0,1,1,0,1,0,1,0,1,0,1,0,1,0,0,0,0,0,0,1
0,-1.2802480369298874,-1.4734993575273791,-0.9983337122588753,1,0,0,0,1,0,0,0,1,1,0,1,0,1,0,1,0,1,0,1,0,0,0,1,0,0,1
0,1.4088534073065913,-1.3073120210077038,-0.21743090971224152,0,0,0,0,1,0,1,0,1,1,0,1,0,1,0,1,0,1,0,1,0,0,1,1,0,0,0
0,-0.5468567339563023,-0.8419874787526135,-0.6837666511200337,1,1,0,0,0,1,0,0,0,0,0,0,0,0,1,0,0,0,1,0,0,0,0,1,0,1,0
0,0.9606698332671781,-1.340549488311639,-0.4186126486734082,1,1,0,0,1,0,1,0,1,1,0,1,0,1,0,1,0,1,0,1,0,1,0,0,0,1,0
0,1.6125732136881425,1.4513977652189036,2.4195499099607702,0,1,1,1,1,0,1,1,0,0,1,0,1,0,1,0,0,0,1,0,1,0,1,1,1,0,0
0,0.4309983366751445,-1.506736824831314,-0.6206767636826502,0,1,0,0,1,0,0,0,1,1,0,1,0,1,0,1,0,1,0,1,0,0,1,0,0,0,1
0,0.9199258719908678,0.6869360172283978,1.0223074378335444,0,0,1,1,1,0,1,1,0,0,1,0,1,0,0,0,0,0,0,0,0,0,0,1,0,1,0
0,-1.2395040756535771,-0.276950534585718,-0.9573032260233743,1,1,1,1,1,0,1,0,0,0,1,0,0,0,0,0,0,0,0,0,0,0,0,0,0,0,1
0,-0.22090504374582004,0.1551365403654374,-0.21610734564012857,0,1,0,0,1,0,0,1,0,0,0,0,0,0,0,0,0,0,0,0,0,0,0,1,0,0,1
0,-0.791320501614164,0.18837400766937243,-0.6162648834422737,0,0,0,0,1,0,0,1,0,0,0,0,0,0,0,0,0,0,0,0,0,0,0,1,0,0,1
0,1.5310852911355222,1.5511101671307086,2.406314269239641,0,0,0,0,1,0,1,1,0,0,1,0,1,0,1,0,0,0,1,0,1,0,1,1,0,0,1
0,-0.7505765403378537,1.3516853633070984,-0.41243601633688115,1,0,1,0,1,0,0,1,0,0,1,0,1,0,0,0,1,0,1,0,1,1,0,0,0,0,1
0,-0.5468567339563023,0.819885886444138,-0.2633144642121567,0,0,1,1,1,0,1,1,0,0,0,0,0,0,0,0,1,0,0,0,1,1,0,1,0,0,0
0,-0.506112772679992,0.819885886444138,-0.178165175572891,0,0,0,0,1,0,1,1,0,0,1,0,0,0,0,0,0,0,1,0,0,0,0,1,0,0,0
0,0.4309983366751445,0.8863608210520081,0.7633300677234461,0,1,1,1,1,0,1,1,0,0,1,0,0,0,1,0,1,0,0,0,0,1,0,1,1,0,0
0,-1.1172721918246462,0.853123353748073,-0.8156818703072898,0,1,1,1,1,0,0,1,0,0,1,0,0,0,1,0,0,0,0,0,1,0,0,1,0,0,1
1,1.5310852911355222,1.3516853633070984,2.1671903602112366,0,0,1,0,1,0,1,1,0,0,0,0,1,0,0,0,1,0,1,0,1,1,0,1,0,0,0
0,0.3087664528462136,-1.506736824831314,-0.6630308139902642,0,0,1,0,1,0,0,0,1,1,0,1,0,1,0,1,0,1,0,1,0,0,1,0,0,0,1
0,-1.076528230548336,-1.4734993575273791,-0.9599503541676001,0,1,1,1,1,0,0,0,1,1,0,1,0,1,0,1,0,1,0,1,0,0,1,1,1,0,0
0,0.2680224915699033,1.1854980267874233,0.6697982066274651,0,1,0,0,1,0,0,1,0,0,1,0,0,0,1,0,0,0,1,0,1,0,1,1,0,1,0
1,-1.1580161531009565,0.32132387688511255,-0.8712715613360332,1,1,1,0,1,0,1,1,0,0,0,0,0,0,0,0,0,0,0,0,0,0,0,0,0,1,0
0,-0.7098325790615434,-1.1743621517919638,-0.8139171182111392,1,1,0,0,0,1,0,0,0,0,0,0,0,0,0,0,1,0,0,0,0,0,0,1,0,1,0
0,-1.2802480369298874,-0.47637533840932816,-0.985098071537746,1,1,1,0,0,1,0,0,0,0,0,0,0,0,1,0,0,0,1,0,1,0,0,1,0,1,0
1,0.512486259227765,0.6869360172283978,0.6596508820745992,0,0,0,0,1,0,0,1,0,0,1,0,1,0,0,0,1,0,0,0,0,0,0,1,0,0,0
0,1.2866215234776603,-0.5760877403211333,0.3812612389068445,1,0,1,0,0,1,0,0,0,0,1,0,0,0,1,0,1,0,0,0,1,0,1,0,0,1,0
1,1.0014137945434884,0.9860732229638132,1.392023001977092,0,0,1,0,1,0,1,1,0,0,0,0,1,0,1,0,0,0,0,0,1,0,0,0,1,0,0
0,1.6125732136881425,0.1551365403654374,1.243783825900443,0,1,1,1,1,0,1,0,0,0,1,0,1,0,1,0,1,0,0,0,0,0,1,0,0,0,0
0,-1.2802480369298874,0.18837400766937243,-0.976274311056993,1,1,0,0,1,0,0,1,0,0,0,0,0,0,0,0,0,0,0,0,0,0,0,1,0,1,0
0,1.6125732136881425,-1.3073120210077038,-0.18125349174115452,0,1,1,0,1,0,1,0,1,1,0,1,0,1,0,1,0,1,0,1,0,0,1,0,1,0,0
0,-1.1987601143772668,0.22161147497330744,-0.9131844236196096,0,0,0,0,1,0,0,0,0,0,1,0,1,0,0,0,1,0,0,0,1,0,1,0,0,0,1
1,0.9199258719908678,1.1190230921795532,1.4709956582798307,1,1,0,0,1,0,1,1,0,0,1,0,0,0,0,0,0,0,1,0,1,0,0,1,0,1,0
0,1.082901717096109,0.9528357556598781,1.3690812247271344,0,0,1,0,1,0,1,1,0,0,0,0,0,0,1,0,1,0,1,0,0,0,0,0,0,1,0
0,-0.5876006952326126,1.1522605594834883,-0.22360754204876856,1,0,0,0,1,0,1,1,0,0,0,0,0,0,0,0,1,0,1,0,1,0,0,1,0,0,0
1,-0.01718523736426863,0.5207486807087227,0.08831239094584735,1,1,1,0,1,0,0,1,0,0,0,0,0,0,0,0,0,0,0,0,1,0,0,1,1,0,0
0,-1.1580161531009565,-0.47637533840932816,-0.9034782870907815,0,0,0,0,1,0,0,0,0,0,1,0,0,0,0,0,0,0,0,0,0,0,0,1,0,0,0
1,1.368109446030281,0.5207486807087227,1.2976087648330357,1,0,0,0,1,0,1,1,0,0,0,0,1,0,0,0,0,0,0,0,0,0,0,1,1,0,0
0,-0.22090504374582004,0.5539861480126578,-0.004778282126096011,0,1,0,0,1,0,1,1,0,0,0,0,0,0,1,0,0,0,0,0,0,0,0,1,0,1,0
0,-1.1580161531009565,-1.4734993575273791,-0.9705388667445036,0,1,0,0,1,0,0,0,1,1,0,1,0,1,0,1,0,1,0,1,0,0,0,1,1,0,0
0,1.1236456783724194,0.4875112134047877,1.050102283347916,0,1,1,1,1,0,0,0,0,0,1,0,1,0,0,0,1,0,1,0,1,0,0,1,1,0,0
0,-0.9950403079957154,-1.506736824831314,-0.9184786799080614,0,0,1,1,1,0,0,0,1,1,0,1,0,1,0,1,0,1,0,1,0,0,1,0,0,0,1
0,-0.9950403079957154,-1.506736824831314,-0.9520089697349225,0,1,1,1,1,0,0,0,1,1,0,1,0,1,0,1,0,1,0,1,0,0,1,0,1,0,0
0,0.10504664646466222,-1.4734993575273791,-0.7053848642978783,0,1,0,0,1,0,0,0,1,1,0,1,0,1,0,1,0,1,0,1,0,0,1,1,0,0,1
0,-1.0357842692720256,0.7201734845323329,-0.7336208978362876,1,1,0,0,1,0,1,1,0,0,0,0,0,0,0,0,0,0,0,0,1,0,0,1,0,1,0
0,0.8384379494382472,-1.4734993575273791,-0.5015559971924857,0,0,1,1,1,0,0,0,1,1,0,1,0,1,0,1,0,1,0,1,0,0,1,0,0,0,1
1,-0.5876006952326126,1.2852104286992283,-0.21037190132763917,0,0,0,0,1,0,1,1,0,0,0,0,1,0,0,0,1,0,1,0,1,0,0,1,1,0,0
0,-0.7098325790615434,-0.8752249460565485,-0.7411210942449277,0,0,0,0,0,1,0,0,0,0,0,0,1,0,0,0,0,0,0,0,1,0,1,1,0,0,1
0,1.4088534073065913,0.7866484191402029,1.5508506906306447,0,1,1,0,1,0,1,1,0,0,0,0,1,0,0,0,0,0,1,0,0,1,0,1,0,0,0
1,-1.076528230548336,0.6536985499244629,-0.7781808882640899,1,1,1,0,1,0,0,1,0,0,0,0,1,0,0,0,0,0,0,0,1,0,0,1,0,1,0
1,-1.076528230548336,0.4875112134047877,-0.7878870247929182,0,1,0,0,1,0,0,1,0,0,0,0,0,0,0,0,0,0,1,0,0,0,0,1,0,1,0
0,-0.791320501614164,1.1522605594834883,-0.43317185346665055,1,1,0,0,1,0,1,1,0,0,0,0,0,0,0,0,1,0,1,0,1,0,0,1,0,0,1
0,-0.8728084241667845,1.1854980267874233,-0.5090561936011256,1,0,0,0,1,0,1,1,0,0,0,0,0,0,1,0,0,0,1,0,1,0,0,1,0,1,0
0,-1.2802480369298874,-1.506736824831314,-0.998774900282913,0,1,0,1,1,0,0,0,1,1,0,1,0,1,0,1,0,1,0,1,0,0,0,1,0,0,1
0,-1.1172721918246462,-0.310188001889653,-0.8898014583456144,0,1,0,0,1,0,0,0,0,0,1,0,0,0,0,0,1,0,0,0,0,0,0,1,0,0,1
0,-0.791320501614164,-1.506736824831314,-0.8937721505619532,0,1,0,0,1,0,0,0,1,1,0,1,0,1,0,1,0,1,0,1,0,1,0,1,0,0,1
0,-0.9542963467194051,0.8863608210520081,-0.6255298319470642,1,0,1,0,1,0,1,1,0,0,1,0,1,0,1,0,0,0,0,0,0,0,0,0,0,0,0
0,-0.13941712119319946,0.819885886444138,0.15007871431111783,0,1,0,0,1,0,0,1,0,0,0,0,1,0,0,0,1,0,1,0,0,0,0,0,0,0,1
1,-1.2802480369298874,-0.6425626749290033,-0.9873040116579342,0,1,0,0,1,0,0,0,0,0,0,0,0,0,0,0,0,0,0,0,0,0,0,1,0,0,1
0,-1.2802480369298874,0.4875112134047877,-0.9723036188406543,1,0,0,0,1,0,1,1,0,0,0,0,0,0,1,0,0,0,0,0,0,0,0,1,0,0,1
0,-0.5876006952326126,-0.310188001889653,-0.5297920307308951,0,0,1,1,1,0,0,0,0,0,0,0,0,0,0,0,0,0,1,0,0,0,0,0,0,0,1
0,-1.2395040756535771,0.1551365403654374,-0.9423028332060943,0,0,1,0,1,0,0,0,0,0,0,0,0,0,1,0,0,0,1,0,1,0,0,0,1,0,0
0,-0.09867315991688919,0.6204610826205278,0.12669574903712258,0,1,1,1,1,0,1,1,0,0,0,0,1,0,0,0,1,0,0,0,0,0,0,1,0,0,0
0,1.368109446030281,0.022186671149697273,0.924363696497187,0,1,0,1,1,0,1,0,0,0,1,0,1,0,0,0,1,0,0,0,0,0,1,0,0,0,0
0,0.22727853029359305,0.9860732229638132,0.5881784221805005,0,1,1,1,1,0,1,1,0,0,0,0,0,0,1,0,1,0,1,0,0,0,1,1,0,0,0
0,0.4717422979514547,-0.11076319806604285,0.2828763095464493,0,1,1,1,1,0,0,0,0,0,0,0,1,0,1,0,1,0,0,0,0,0,0,1,0,0,1
0,0.8791819107145575,1.5511101671307086,1.6461473038227763,1,0,0,0,1,0,1,1,0,0,0,0,1,0,1,0,1,0,1,0,1,0,0,0,0,1,0
0,-1.2395040756535771,-1.4734993575273791,-0.9930394559704236,0,1,0,0,1,0,0,0,1,1,0,1,0,1,0,1,0,1,0,1,0,0,0,0,0,0,1
0,0.3902543753988342,0.08866160575756733,0.2643464125368682,0,0,0,0,1,0,0,0,0,0,1,0,1,0,0,0,1,0,0,0,1,1,0,1,0,0,1
0,1.0421577558197987,-1.3073120210077038,-0.3414047444668201,0,0,1,1,1,0,1,0,1,1,0,1,0,1,0,1,0,1,0,1,0,0,1,0,1,0,0
0,1.0421577558197987,0.919598288355943,1.333344994780085,0,1,1,1,1,0,0,1,0,0,0,0,1,0,0,0,0,0,1,0,1,0,0,1,0,1,0
0,-0.3023929662984406,0.819885886444138,0.03757576818151803,1,0,1,1,1,0,1,1,0,0,0,0,0,0,1,0,0,0,0,0,1,0,0,1,0,1,0
0,1.5718292524118322,1.5511101671307086,2.5157288992009774,0,0,0,0,1,0,1,1,0,0,1,0,1,0,1,0,1,0,1,0,1,0,1,0,0,0,1
0,0.18653456901728277,1.2187354940913584,0.5568540724738277,1,0,0,0,1,0,1,1,0,0,0,0,1,0,1,0,0,0,1,0,1,0,0,1,0,0,0
0,-0.7505765403378537,0.8863608210520081,-0.43317185346665055,1,0,1,1,1,0,1,1,0,0,0,0,0,0,0,0,1,0,1,0,0,0,0,1,0,1,0
1,-1.1580161531009565,0.7866484191402029,-0.8430355277976239,1,0,0,0,1,0,1,1,0,0,0,0,0,0,1,0,0,0,0,0,1,0,0,1,0,1,0
0,0.6347181430566958,-0.14400066536997788,0.30978877901274576,0,0,1,0,1,0,1,0,0,0,1,0,0,0,0,0,1,0,0,0,0,1,0,1,0,0,0
1,-1.1987601143772668,-1.3073120210077038,-0.9731859948887296,1,0,0,0,0,1,0,0,0,0,0,0,0,0,0,0,0,0,0,0,0,0,0,0,0,1,0
0,-0.9950403079957154,0.022186671149697273,-0.7583274271823959,0,0,1,0,1,0,0,0,0,0,1,0,0,0,0,0,1,0,0,0,1,0,1,0,0,0,1
0,-1.2802480369298874,1.0193106902677482,-0.9652446104560519,1,1,0,0,1,0,1,1,0,0,0,0,0,0,0,0,0,0,1,0,1,0,0,1,0,1,0
0,1.4088534073065913,-1.506736824831314,-0.42875997322627407,0,1,0,0,1,0,0,0,1,1,0,1,0,1,0,1,0,1,0,1,0,0,1,0,0,0,0
0,-0.791320501614164,0.8863608210520081,-0.5064090654568998,1,1,0,0,1,0,0,1,0,0,0,0,0,0,0,0,0,0,1,0,1,0,0,1,0,1,0
0,0.512486259227765,-0.3434254691935881,0.015957555003673362,1,0,1,1,1,0,0,0,0,0,0,0,1,0,0,0,1,0,0,0,0,1,0,1,1,0,0
0,0.6754621043330061,0.32132387688511255,0.6340619766804158,0,1,0,0,1,0,1,1,0,0,0,0,0,0,0,0,0,0,0,0,0,0,0,1,0,0,0
0,0.797693988161937,0.9860732229638132,1.2098123480495442,0,0,1,0,1,0,1,1,0,0,0,0,1,0,1,0,0,0,1,0,0,0,0,0,0,0,0
0,1.24587756220135,0.5539861480126578,1.2976087648330357,0,0,1,0,1,0,0,1,0,0,1,0,0,0,1,0,0,0,0,0,0,1,0,1,1,0,0
0,1.4495973685829016,0.819885886444138,1.7215904559332138,0,0,1,1,1,0,1,0,0,0,1,0,1,0,1,0,1,0,1,0,1,0,1,1,0,0,0
0,-0.05792919864057891,-0.5096128057132632,-0.34625781273123424,0,0,1,0,1,0,0,0,0,0,0,0,0,0,0,0,1,0,0,0,0,0,0,1,0,0,1
0,1.2866215234776603,-1.506736824831314,-0.47420233970215164,0,0,1,0,1,0,0,0,1,1,0,1,0,1,0,1,0,1,0,1,0,0,1,0,1,0,0
0,1.2051336009250397,1.3184478960031634,1.9104189302213266,0,0,1,0,1,0,0,1,0,0,1,0,0,0,1,0,1,0,1,0,1,1,0,1,0,1,0
0,-1.2802480369298874,0.1551365403654374,-0.9767154990810307,1,0,0,0,1,0,0,1,0,0,0,0,0,0,0,0,0,0,0,0,0,0,0,0,0,0,0
0,-1.076528230548336,0.819885886444138,-0.754356734966057,1,0,0,0,1,0,0,1,0,0,0,0,0,0,0,0,0,0,1,0,1,0,0,1,0,1,0
0,-0.46536881140368175,0.7201734845323329,-0.2050776450391874,0,0,1,0,1,0,0,1,0,0,0,0,0,0,0,0,1,0,1,0,0,0,0,1,0,1,0
0,1.6125732136881425,-1.3073120210077038,-0.21875447378435445,0,0,1,1,1,0,1,0,1,1,0,1,0,1,0,1,0,1,0,1,0,0,1,0,0,0,0
0,-0.01718523736426863,-0.9749373479683536,-0.543468859476062,0,0,1,1,0,1,0,0,0,0,1,0,1,0,0,0,0,0,0,0,0,0,0,1,0,1,0
1,1.5718292524118322,1.1522605594834883,2.1610137278747095,0,0,0,0,1,0,1,1,0,0,1,0,1,0,0,0,1,0,1,0,0,1,0,1,1,0,0
0,0.06430268518835193,1.3516853633070984,0.6199439599112111,0,0,0,1,1,0,0,1,0,0,1,0,1,0,1,0,0,0,1,0,1,0,0,1,0,0,0
0,-1.1987601143772668,-0.9749373479683536,-0.9634798583599014,1,1,1,0,0,1,0,0,0,0,0,0,0,0,0,0,0,0,0,0,1,0,0,1,0,1,0
0,-0.8320644628904743,0.2880864095811775,-0.6228827038028384,1,1,0,1,1,0,1,1,0,0,0,0,0,0,0,0,0,0,0,0,0,0,0,1,1,0,0
1,-0.9950403079957154,1.2187354940913584,-0.6630308139902642,1,0,0,0,1,0,1,1,0,0,0,0,0,0,1,0,0,0,1,0,1,0,0,0,0,1,0
0,0.10504664646466222,-1.340549488311639,-0.6449421050047207,0,0,1,1,1,0,1,0,1,1,0,1,0,1,0,1,0,1,0,1,0,0,1,0,0,0,0
0,-1.1987601143772668,0.5207486807087227,-0.9017135349946308,0,0,1,1,1,0,0,1,0,0,0,0,0,0,0,0,0,0,1,0,0,0,0,1,0,1,0
0,-1.1987601143772668,0.819885886444138,-0.8995075948744427,0,1,0,0,1,0,0,1,0,0,0,0,0,0,1,0,1,0,1,0,0,0,0,1,0,0,1
0,0.8384379494382472,-0.11076319806604285,0.4739107239547502,0,1,0,0,1,0,0,0,0,0,0,0,0,0,1,0,0,0,0,0,1,1,0,1,0,1,0
0,-1.1580161531009565,-1.1743621517919638,-0.950244217638772,0,0,1,0,0,1,0,0,0,0,1,0,0,0,0,0,0,0,0,0,0,0,0,1,0,1,0
0,0.6347181430566958,1.1522605594834883,1.1886353228957371,0,0,1,1,1,0,0,1,0,0,1,0,0,0,1,0,0,0,1,0,1,1,0,1,0,0,0
0,-1.076528230548336,-0.310188001889653,-0.8461238439658875,1,0,1,1,1,0,0,0,0,0,1,0,1,0,0,0,0,0,0,0,0,0,0,0,1,0,0
1,-1.1987601143772668,1.3516853633070984,-0.8598006727110544,1,1,1,0,1,0,1,1,0,0,0,0,1,0,1,0,0,0,1,0,1,0,0,1,0,1,0
0,0.8791819107145575,-0.6093252076250683,0.06228229752762622,0,1,1,1,0,1,0,0,0,0,0,0,0,0,1,0,1,0,0,0,1,0,1,0,1,0,0
0,-1.2802480369298874,-0.7090376095368733,-0.9881863877060095,1,0,0,0,1,0,0,0,0,0,0,0,0,0,0,0,0,0,0,0,0,0,0,0,0,0,1
0,1.2051336009250397,0.5207486807087227,1.1904000749918877,0,1,0,0,1,0,0,0,0,0,0,0,1,0,1,0,1,0,1,0,1,0,0,1,0,0,0
0,-0.42462485012737144,1.1854980267874233,-0.08507450250094763,0,1,1,1,1,0,0,1,0,0,0,0,1,0,1,0,0,0,1,0,1,1,0,1,0,0,1
0,-1.2802480369298874,-0.6425626749290033,-0.9873040116579342,1,1,0,0,1,0,0,0,0,0,0,0,0,0,0,0,0,0,0,0,0,0,0,1,0,0,0
1,0.7569500268856267,0.9860732229638132,1.1568697851650265,0,1,0,0,1,0,0,1,0,0,0,0,0,0,1,0,0,0,1,0,1,1,0,1,0,0,0
0,-0.09867315991688919,0.12189907306150236,-0.10801627975090523,0,0,0,0,1,0,1,0,0,0,0,0,1,0,1,0,0,0,1,0,0,1,0,1,1,0,0
1,0.9606698332671781,0.12189907306150236,0.7637712557474837,0,0,1,0,1,0,1,0,0,0,1,0,1,0,1,0,1,0,0,0,0,1,0,1,1,0,0
0,0.10504664646466222,0.1551365403654374,0.0697824939362662,0,1,1,0,1,0,1,0,0,0,0,0,1,0,0,0,1,0,1,0,0,1,0,1,0,1,0
1,1.2866215234776603,-0.7090376095368733,0.20655078138793653,0,0,0,0,0,1,0,0,0,0,0,0,1,0,0,0,1,0,1,0,0,0,0,1,0,1,0
0,-0.09867315991688919,-0.6758001422329384,-0.43052472532242464,0,1,0,1,0,1,0,0,0,0,0,0,0,0,0,0,0,0,1,0,1,0,0,1,0,1,0
0,-0.3023929662984406,-1.539974292135249,-0.8381824595332098,0,0,1,1,1,0,0,0,1,1,0,1,0,1,0,1,0,1,0,1,0,0,1,1,0,0,1
0,0.3495104141225239,0.18837400766937243,0.25816978020034115,1,0,0,0,1,0,0,1,0,0,0,0,0,0,0,0,0,0,0,0,0,0,0,0,0,0,0
0,-0.9542963467194051,-0.310188001889653,-0.8090640499467251,1,1,0,1,1,0,0,0,0,0,0,0,0,0,0,0,0,0,1,0,0,0,0,0,0,1,0
0,-1.2802480369298874,-0.3766629364975231,-0.9837745074656331,0,0,1,0,1,0,0,0,0,0,1,0,1,0,0,0,0,0,0,0,0,0,0,1,0,0,1
0,1.5310852911355222,1.6508225690425138,2.4702865327251,0,1,0,1,1,0,1,1,0,0,1,0,1,0,1,0,1,0,1,0,1,0,1,1,0,1,0
0,1.0014137945434884,-1.4734993575273791,-0.5275860906107068,0,0,1,1,1,0,0,0,1,1,0,1,0,1,0,1,0,1,0,1,0,0,1,1,0,0,0
0,-0.9542963467194051,0.6869360172283978,-0.6581777457258501,0,1,0,0,1,0,1,1,0,0,0,0,0,0,0,0,0,0,1,0,0,0,0,1,0,1,0
0,1.4903413298592119,1.4513977652189036,2.298664391374455,0,0,1,1,1,0,1,1,0,0,0,0,1,0,1,0,1,0,1,0,1,1,0,1,0,0,0
1,0.4309983366751445,1.2852104286992283,0.9402464653625423,1,1,1,0,1,0,1,1,0,0,0,0,1,0,1,0,0,0,1,0,1,0,0,1,0,1,0
0,1.6125732136881425,1.0857856248756181,2.01100979970191,0,0,1,0,1,0,1,1,0,0,0,0,0,0,1,0,0,0,1,0,1,0,1,1,0,1,0
0,0.4717422979514547,-1.506736824831314,-0.645824481052796,0,1,0,1,1,0,0,0,1,1,0,1,0,1,0,1,0,1,0,1,0,0,1,0,0,0,0
0,1.6125732136881425,0.6536985499244629,1.6629124487362068,0,0,1,0,1,0,1,1,0,0,1,0,1,0,0,0,0,0,0,0,0,0,1,1,0,0,0
0,0.02355872391204165,1.2852104286992283,0.47567547605090077,1,0,1,0,1,0,0,1,0,0,1,0,0,0,1,0,1,0,1,0,1,1,0,1,0,1,0
0,0.8791819107145575,0.819885886444138,1.1409870162996714,0,1,0,0,1,0,1,1,0,0,0,0,0,0,1,0,0,0,0,0,1,0,0,0,1,0,0
0,-0.22090504374582004,-1.506736824831314,-0.7825927685044664,0,1,0,1,1,0,0,0,1,1,0,1,0,1,0,1,0,1,0,1,0,0,1,0,1,0,0
0,0.8791819107145575,0.4875112134047877,0.8934805348145518,0,1,0,0,1,0,1,1,0,0,0,0,1,0,0,0,0,0,0,0,0,0,0,1,0,0,0
0,-1.1987601143772668,0.32132387688511255,-0.9096549194273085,0,1,0,0,1,0,0,1,0,0,0,0,1,0,0,0,0,0,0,0,0,0,0,0,1,0,0
0,0.8384379494382472,0.32132387688511255,0.6839162233966698,0,0,1,0,1,0,1,0,0,0,1,0,1,0,1,0,0,0,0,0,1,1,0,0,0,0,0
0,-1.2802480369298874,0.1551365403654374,-0.9767154990810307,1,1,0,0,1,0,0,1,0,0,0,0,0,0,0,0,0,0,0,0,0,0,0,1,0,1,0
0,-0.7098325790615434,-1.539974292135249,-0.8774481936725603,0,1,1,0,1,0,0,0,1,1,0,1,0,1,0,1,0,1,0,1,0,1,0,0,0,0,1
0,0.9606698332671781,0.2880864095811775,0.7981839216224201,1,0,0,0,1,0,0,1,0,0,0,0,1,0,0,0,0,0,0,0,0,0,0,1,0,1,0
0,-1.1172721918246462,-0.011050796154237758,-0.8677420571437321,0,1,1,1,1,0,1,0,0,0,1,0,1,0,0,0,1,0,0,0,0,0,0,0,1,0,0
0,0.6347181430566958,-0.310188001889653,0.16243197898417192,0,1,1,1,1,0,0,0,0,0,0,0,1,0,1,0,0,0,0,0,0,1,0,1,1,0,0
0,-0.3023929662984406,-1.4734993575273791,-0.799357913417897,0,0,0,1,1,0,0,0,1,1,0,1,0,1,0,1,0,1,0,1,0,0,0,0,1,0,0
0,-1.1987601143772668,0.35456134418904756,-0.9118608595474967,1,0,1,0,1,0,1,1,0,0,0,0,0,0,0,0,0,0,0,0,0,0,0,1,1,0,0
0,1.0421577558197987,1.1522605594834883,1.5164380247557083,0,1,0,0,1,0,0,1,0,0,1,0,1,0,0,0,0,0,1,0,1,1,0,0,0,0,0
0,-0.9135523854430948,-0.276950534585718,-0.7852398966486922,0,1,0,0,1,0,0,0,0,0,0,0,0,0,0,0,0,0,0,0,1,0,0,1,0,0,0
0,-1.2802480369298874,0.1551365403654374,-0.9767154990810307,1,1,0,0,1,0,0,1,0,0,0,0,0,0,0,0,0,0,0,0,0,0,0,1,0,1,0
0,1.5718292524118322,1.3184478960031634,2.2421923242976365,0,1,1,0,1,0,1,1,0,0,0,0,1,0,0,0,1,0,1,0,1,0,1,1,1,0,0
0,1.3273654847539706,1.5178726998267735,2.189249761413119,0,0,1,1,1,0,1,1,0,0,0,0,1,0,1,0,1,0,1,0,1,0,1,1,1,0,0
0,-1.1172721918246462,0.5207486807087227,-0.8373000834851345,1,1,1,1,1,0,1,1,0,0,0,0,1,0,0,0,0,0,0,0,0,0,0,1,0,1,0
0,-0.18016108246950976,-0.9749373479683536,-0.5831757816394503,0,0,0,0,0,1,0,0,0,0,0,0,0,0,1,0,1,0,0,0,0,0,0,1,0,0,1
0,1.4088534073065913,0.1551365403654374,1.028925258194109,0,0,1,1,1,0,1,0,0,0,0,0,0,0,1,0,1,0,0,0,1,0,1,1,0,0,0
0,0.10504664646466222,0.819885886444138,0.42714479340675965,0,1,0,0,1,0,0,1,0,0,1,0,0,0,0,0,1,0,0,0,1,1,0,1,0,1,0
0,1.6125732136881425,-0.310188001889653,0.7046520605264391,0,0,1,1,0,1,0,0,0,0,1,0,1,0,1,0,1,0,0,0,1,0,1,0,1,0,0
0,1.1643896396487294,-0.47637533840932816,0.35523114548862333,0,0,1,1,0,1,0,0,0,0,1,0,1,0,0,0,1,0,0,0,1,1,0,1,0,0,0
1,1.4495973685829016,-1.4734993575273791,-0.3912589911830741,0,1,0,0,1,0,0,0,1,1,0,1,0,1,0,1,0,1,0,1,0,0,1,1,1,0,0
0,-1.2802480369298874,-1.1411246844880287,-0.9939218320184989,1,0,1,1,0,1,0,0,0,0,1,0,0,0,0,0,0,0,0,0,0,0,0,0,0,0,0
0,-1.1987601143772668,-1.506736824831314,-0.9837745074656331,0,1,0,0,1,0,0,0,1,1,0,1,0,1,0,1,0,1,0,1,0,0,0,1,0,0,1
0,1.5310852911355222,1.1190230921795532,2.0189511841345875,1,1,1,1,1,0,1,1,0,0,0,0,1,0,0,0,0,0,1,0,1,0,1,0,0,0,0
0,0.6347181430566958,-0.6425626749290033,-0.07713311806827,0,0,0,1,0,1,0,0,0,0,0,0,1,0,1,0,0,0,0,0,1,0,0,0,1,0,0
0,1.4495973685829016,1.2187354940913584,1.979685449995237,0,1,1,1,1,0,1,1,0,0,0,0,1,0,0,0,0,0,1,0,1,1,0,1,1,0,0
0,0.5939741817803856,1.2852104286992283,1.0796618809584384,0,0,0,0,1,0,0,1,0,0,1,0,0,0,1,0,1,0,1,0,1,1,0,1,0,1,0
0,-0.01718523736426863,-0.9416998806644186,-0.49935005707229746,0,1,1,1,0,1,0,0,0,0,0,0,0,0,1,0,1,0,0,0,0,1,0,1,0,0,1
0,-1.1172721918246462,-0.5096128057132632,-0.9048018511628944,0,0,1,1,1,0,0,0,0,0,1,0,0,0,0,0,0,0,0,0,0,0,0,1,0,0,1
0,0.6754621043330061,-1.506736824831314,-0.5562633121731538,0,1,0,0,1,0,0,0,1,1,0,1,0,1,0,1,0,1,0,1,0,0,1,1,1,0,0
0,0.6347181430566958,1.4181602979149686,1.2521663983571583,1,0,0,0,1,0,1,1,0,0,0,0,1,0,1,0,0,0,1,0,1,0,0,1,0,0,0
1,-0.791320501614164,0.5872236153165927,-0.5099385696492009,1,0,0,0,1,0,1,1,0,0,0,0,0,0,0,0,0,0,0,0,1,0,0,1,0,1,0
0,-0.7098325790615434,-1.506736824831314,-0.8708303733119956,0,1,0,0,1,0,0,0,1,1,0,1,0,1,0,1,0,1,0,1,0,0,0,1,0,0,1
0,-0.8320644628904743,-0.6425626749290033,-0.7764161361679394,0,0,0,0,1,0,0,0,0,0,0,0,0,0,0,0,0,0,0,0,0,0,0,1,0,1,0
1,1.4088534073065913,-0.011050796154237758,0.8678916294203682,0,1,0,0,1,0,1,0,0,0,1,0,1,0,0,0,1,0,0,0,0,0,1,1,0,0,0
0,-0.9542963467194051,0.7201734845323329,-0.6674426942306407,0,1,0,0,1,0,0,1,0,0,0,0,0,0,0,0,1,0,1,0,0,0,0,0,0,1,0
0,-0.791320501614164,-1.506736824831314,-0.8986252188263674,0,0,1,1,1,0,0,0,1,1,0,1,0,1,0,1,0,1,0,1,0,0,1,1,0,0,0
0,0.22727853029359305,0.819885886444138,0.46729290359418546,0,0,0,0,1,0,0,1,0,0,0,0,0,0,0,0,0,0,1,0,1,1,0,1,0,0,1
1,0.3902543753988342,1.0193106902677482,0.7267114617283215,0,0,1,0,1,0,1,1,0,0,0,0,1,0,1,0,0,0,1,0,0,0,0,1,0,1,0
0,-0.3431369275747509,0.35456134418904756,-0.2364019947458603,1,0,1,0,1,0,1,1,0,0,0,0,0,0,0,0,0,0,0,0,0,0,0,1,1,0,0
1,-0.22090504374582004,1.2187354940913584,0.2078743454600495,1,0,1,0,1,0,0,1,0,0,1,0,0,0,1,0,0,0,1,0,1,0,0,1,0,1,0
0,-0.9542963467194051,1.2519729613952935,-0.6114118151778596,0,1,1,1,1,0,1,1,0,0,0,0,1,0,1,0,0,0,1,0,1,0,0,1,1,0,0
0,0.6754621043330061,-0.276950534585718,0.2193452340850283,0,0,1,0,0,1,0,0,0,0,0,0,1,0,0,0,1,0,1,0,1,1,0,1,1,0,0
1,1.1643896396487294,0.9860732229638132,1.5936459289622964,0,0,1,0,1,0,1,1,0,0,1,0,1,0,1,0,1,0,0,0,0,0,0,1,1,0,0
0,0.7162060656093164,-0.7090376095368733,-0.03301431566450537,0,1,0,1,0,1,0,0,0,0,1,0,1,0,0,0,0,0,1,0,0,1,0,1,0,0,0
1,-0.3023929662984406,0.819885886444138,-0.03830857195295713,1,1,0,0,1,0,1,1,0,0,0,0,1,0,0,0,0,0,1,0,0,0,0,1,0,1,0
1,-0.42462485012737144,0.32132387688511255,-0.26066733606793085,1,0,0,0,1,0,1,1,0,0,0,0,0,0,0,0,0,0,0,0,0,0,0,1,0,0,0
0,-1.2802480369298874,-1.4734993575273791,-0.9983337122588753,1,1,0,0,1,0,0,0,1,1,0,1,0,1,0,1,0,1,0,1,0,0,0,0,0,0,1
0,-1.1580161531009565,0.32132387688511255,-0.890242646369652,1,1,0,0,1,0,1,1,0,0,0,0,0,0,0,0,0,0,0,0,0,0,0,1,0,1,0
1,-0.5876006952326126,1.1522605594834883,-0.19713626060650977,1,0,1,0,1,0,1,1,0,0,0,0,0,0,0,0,1,0,1,0,1,0,0,0,0,0,0
1,0.9606698332671781,1.5511101671307086,1.8243872655339857,1,0,0,0,1,0,1,1,0,0,0,0,1,0,1,0,1,0,1,0,1,1,0,1,0,1,0
1,0.8384379494382472,0.9860732229638132,1.1418693923477465,0,0,1,0,1,0,0,1,0,0,0,0,1,0,1,0,1,0,1,0,0,1,0,1,0,1,0
0,0.7569500268856267,1.1190230921795532,1.1753996821746078,0,0,1,0,1,0,1,1,0,0,0,0,0,0,1,0,0,0,1,0,1,1,0,1,0,1,0
0,-0.3431369275747509,-0.011050796154237758,-0.31978653128897544,0,0,1,1,1,0,1,0,0,0,1,0,1,0,1,0,0,0,0,0,0,0,1,0,0,1,0
0,1.2051336009250397,0.2548489422772425,0.8828920222376483,0,0,1,0,1,0,0,0,0,0,1,0,1,0,1,0,0,0,1,0,0,0,1,1,1,0,0
0,-0.3431369275747509,-0.5096128057132632,-0.46979045946177517,0,1,0,0,1,0,0,0,0,0,0,0,1,0,0,0,0,0,0,0,0,0,0,1,0,0,1
0,1.5310852911355222,0.5207486807087227,1.4709956582798307,0,0,1,1,1,0,1,0,0,0,1,0,1,0,1,0,1,0,1,0,0,0,1,0,0,1,0
0,-1.2802480369298874,-1.340549488311639,-0.9965689601627248,0,1,0,1,0,1,0,0,0,0,0,0,0,0,0,0,0,0,0,0,0,0,0,0,0,0,1
1,-0.6690886177852331,-0.8419874787526135,-0.7075908044180665,1,1,0,0,0,1,0,0,0,0,0,0,1,0,0,0,0,0,1,0,0,0,0,1,0,0,1
0,-0.9950403079957154,0.022186671149697273,-0.7627393074227723,0,0,0,0,1,0,0,0,0,0,0,0,1,0,0,0,1,0,1,0,0,0,0,1,0,1,0
0,1.6125732136881425,0.32132387688511255,1.3033442091455252,0,0,1,1,1,0,0,0,0,0,1,0,1,0,1,0,1,0,0,0,1,0,1,1,0,1,0
0,-0.38388088885106114,0.6204610826205278,-0.11066340789513111,0,0,0,0,1,0,0,1,0,0,0,0,1,0,1,0,1,0,0,0,0,0,0,0,0,0,0
0,-0.05792919864057891,-1.3073120210077038,-0.6590601217739254,0,1,0,1,0,1,0,0,0,0,0,0,0,0,0,0,0,0,0,0,0,0,0,0,1,0,0
0,0.18653456901728277,-0.8087500114486784,-0.3343457360822178,0,1,1,1,0,1,0,0,0,0,1,0,0,0,1,0,1,0,0,0,0,1,0,1,0,1,0
0,-0.09867315991688919,0.9860732229638132,0.2299337466619318,1,0,1,0,1,0,1,1,0,0,0,0,1,0,0,0,1,0,1,0,0,0,0,1,1,0,0
1,0.10504664646466222,1.4513977652189036,0.6367091048246416,0,0,0,0,1,0,1,1,0,0,1,0,1,0,1,0,0,0,1,0,1,1,0,1,0,1,0
0,-0.38388088885106114,0.1551365403654374,-0.2783148570294367,0,0,1,1,1,0,1,0,0,0,0,0,1,0,0,0,1,0,1,0,0,0,0,1,1,0,0
0,-0.506112772679992,0.3877988114929826,-0.30655089056784607,0,0,1,1,1,0,1,0,0,0,1,0,0,0,0,0,0,0,1,0,1,1,0,0,0,0,0
0,0.1457906077409725,0.9528357556598781,0.477881416171089,0,1,1,0,1,0,0,1,0,0,1,0,0,0,0,0,0,0,1,0,1,0,0,1,0,1,0
0,-0.9950403079957154,1.0193106902677482,-0.6639131900383395,1,0,0,0,1,0,1,1,0,0,0,0,0,0,0,0,0,0,1,0,1,0,0,0,0,0,0
0,1.5718292524118322,1.1854980267874233,2.1310129422401496,0,1,1,1,1,0,1,1,0,0,0,0,1,0,0,0,0,0,1,0,1,1,0,0,0,0,0
1,0.7162060656093164,0.7866484191402029,0.9195106282327729,1,0,1,0,1,0,1,1,0,0,0,0,1,0,0,0,0,0,1,0,0,0,0,1,0,1,0
0,0.4309983366751445,-1.340549488311639,-0.5690577648702456,0,0,1,1,1,0,1,0,1,1,0,1,0,1,0,1,0,1,0,1,0,1,0,1,0,0,0
0,1.0014137945434884,0.819885886444138,1.2040769037370547,0,1,0,1,1,0,1,0,0,0,1,0,1,0,1,0,1,0,1,0,1,0,1,0,0,0,1
0,0.3495104141225239,0.0554241384536323,0.19640345683507068,1,0,1,1,1,0,0,0,0,0,0,0,1,0,0,0,1,0,0,0,1,1,0,1,0,0,0
0,-0.22090504374582004,0.3877988114929826,-0.08375093842883469,0,0,1,0,1,0,0,1,0,0,0,0,1,0,0,0,0,0,0,0,0,0,0,1,0,1,0
0,-0.791320501614164,0.5207486807087227,-0.561116380437568,0,0,0,0,1,0,0,1,0,0,0,0,0,0,0,0,0,0,0,0,1,0,0,1,0,1,0
0,-1.1987601143772668,-0.9749373479683536,-0.9603915421916378,1,1,0,0,0,1,0,0,0,0,1,0,1,0,0,0,0,0,0,0,0,0,0,1,0,0,1
0,1.4088534073065913,-1.4734993575273791,-0.41464195645706936,0,0,0,0,1,0,0,0,1,1,0,1,0,1,0,1,0,1,0,1,0,1,0,0,0,1,0
0,-1.1987601143772668,-0.5096128057132632,-0.9498030296147343,1,1,0,0,1,0,0,0,0,0,0,0,1,0,0,0,0,0,0,0,0,0,0,1,0,0,1
0,1.2866215234776603,1.3516853633070984,1.9902739625721406,0,0,1,0,1,0,1,1,0,0,0,0,1,0,0,0,1,0,1,0,1,0,1,1,0,0,0
0,-0.26164900502213034,-0.9749373479683536,-0.5562633121731538,0,1,0,0,0,1,0,0,0,0,0,0,0,0,1,0,1,0,0,0,0,0,0,0,0,1,0
0,0.22727853029359305,1.0193106902677482,0.6212675239833241,0,1,0,0,1,0,1,1,0,0,0,0,1,0,1,0,0,0,0,0,1,0,0,1,1,0,0
0,-0.38388088885106114,-1.506736824831314,-0.7927400930573322,0,1,1,0,1,0,0,0,1,1,0,1,0,1,0,1,0,1,0,1,0,1,0,0,1,0,0
0,0.3087664528462136,1.3184478960031634,0.773477392276312,1,1,0,0,1,0,1,1,0,0,0,0,1,0,1,0,0,0,1,0,1,0,0,1,1,0,0
1,1.6125732136881425,-0.044288263458172786,1.0598084198767443,0,1,1,0,0,1,0,0,0,0,1,0,1,0,1,0,1,0,1,0,1,0,1,1,0,0,0
1,-1.1987601143772668,0.35456134418904756,-0.8942133385859908,1,0,0,0,1,0,1,1,0,0,0,0,0,0,0,0,0,0,0,0,0,0,0,1,1,0,0
0,-0.38388088885106114,0.5539861480126578,-0.16140003065946043,1,1,0,0,1,0,1,1,0,0,0,0,0,0,1,0,0,0,0,0,0,0,0,1,0,1,0
1,-1.2802480369298874,0.32132387688511255,-0.9745095589608425,1,0,1,0,1,0,1,1,0,0,0,0,0,0,0,0,0,0,0,0,0,0,0,1,0,1,0
0,-1.1580161531009565,-0.14400066536997788,-0.8871543302013886,1,0,0,0,1,0,0,0,0,0,1,0,1,0,0,0,1,0,0,0,0,0,0,1,0,0,1
0,1.2051336009250397,0.6536985499244629,1.2649608510542498,0,0,1,0,1,0,1,0,0,0,1,0,1,0,0,0,1,0,1,0,1,0,1,1,0,1,0
0,0.3087664528462136,0.9528357556598781,0.6499447455457711,0,0,0,0,1,0,1,1,0,0,0,0,1,0,1,0,0,0,1,0,0,0,0,1,0,0,0
0,0.3495104141225239,0.819885886444138,0.6009728748775923,0,1,0,0,1,0,1,1,0,0,0,0,1,0,0,0,0,0,1,0,0,0,0,1,0,1,0
1,0.06430268518835193,0.6869360172283978,0.26081690834456706,0,1,1,0,1,0,0,1,0,0,0,0,0,0,1,0,0,0,1,0,0,0,0,1,1,0,0
0,-1.2802480369298874,-0.5096128057132632,-0.9855392595617837,0,0,0,0,1,0,0,0,0,0,0,0,1,0,0,0,0,0,0,0,0,0,0,0,0,1,0
0,0.7569500268856267,-1.4734993575273791,-0.5571456882212291,0,0,0,0,1,0,0,0,1,1,0,1,0,1,0,1,0,1,0,1,0,0,1,0,0,0,0
0,-1.2802480369298874,0.18837400766937243,-0.976274311056993,1,1,1,1,1,0,0,1,0,0,0,0,0,0,0,0,0,0,0,0,0,0,0,1,0,0,1
0,0.2680224915699033,-1.4734993575273791,-0.6427361648845324,0,0,0,0,1,0,0,0,1,1,0,1,0,1,0,1,0,1,0,1,0,0,1,0,0,0,1
0,-0.8320644628904743,-1.506736824831314,-0.9017135349946308,0,1,1,1,1,0,0,0,1,1,0,1,0,1,0,1,0,1,0,1,0,0,0,1,0,1,0
0,-0.8320644628904743,-0.1772381326739129,-0.6864137792642595,1,1,0,0,1,0,0,0,0,0,0,0,0,0,0,0,1,0,1,0,0,1,0,1,0,1,0
0,1.6125732136881425,1.3184478960031634,2.321164980600375,0,1,0,0,1,0,1,1,0,0,0,0,1,0,1,0,0,0,1,0,1,1,0,1,0,1,0
1,1.24587756220135,1.2852104286992283,1.851299735000282,0,0,1,0,1,0,1,1,0,0,0,0,1,0,1,0,0,0,1,0,1,0,0,1,0,1,0
0,0.4717422979514547,0.6536985499244629,0.5925903024208771,0,1,1,0,1,0,1,1,0,0,1,0,0,0,1,0,0,0,0,0,0,0,0,1,1,0,0
0,-0.5876006952326126,1.0193106902677482,-0.26640278038042026,0,0,0,0,1,0,1,1,0,0,0,0,0,0,1,0,1,0,0,0,1,0,0,1,0,0,0
0,-0.9542963467194051,-0.6758001422329384,-0.8293586990524568,1,0,0,0,1,0,0,0,0,0,0,0,0,0,0,0,0,0,0,0,0,0,0,1,0,0,0
0,-0.791320501614164,0.2880864095811775,-0.5964114223605796,0,1,0,0,1,0,0,0,0,0,0,0,1,0,0,0,1,0,1,0,1,0,0,0,0,0,1
0,1.4495973685829016,-0.011050796154237758,0.9014219192472294,0,0,1,0,1,0,0,0,0,0,0,0,1,0,0,0,1,0,1,0,0,0,1,0,0,0,0
1,-1.076528230548336,-0.6758001422329384,-0.8911250224177274,0,0,0,0,0,1,0,0,0,0,0,0,0,0,0,0,0,0,1,0,1,0,0,1,0,1,0
0,-1.2395040756535771,-1.4734993575273791,-0.9899511398021601,0,0,0,0,1,0,0,0,1,1,0,1,0,1,0,1,0,1,0,1,0,0,0,1,0,0,1
1,0.9199258719908678,-0.14400066536997788,0.45582201496920666,0,1,1,0,1,0,1,0,0,0,1,0,1,0,0,0,0,0,0,0,0,1,0,0,1,0,0
1,-1.2802480369298874,0.35456134418904756,-0.9740683709368049,1,1,0,0,1,0,1,1,0,0,0,0,0,0,0,0,0,0,0,0,0,0,0,1,0,1,0
0,0.22727853029359305,0.1551365403654374,0.1509610903591931,0,1,0,0,1,0,0,1,0,0,0,0,0,0,0,0,0,0,0,0,0,0,0,1,1,0,0
0,1.4088534073065913,1.2519729613952935,2.030863260783604,1,0,0,0,1,0,1,1,0,0,1,0,1,0,1,0,0,0,1,0,0,0,0,1,1,0,0
0,-0.5468567339563023,0.45427374610085264,-0.34758137680334716,0,1,0,0,1,0,0,1,0,0,0,0,0,0,0,0,0,0,1,0,0,0,0,1,0,0,0
0,-0.8320644628904743,-0.14400066536997788,-0.6793547708796571,0,0,0,0,0,1,0,0,0,0,0,0,1,0,1,0,1,0,1,0,1,1,0,0,0,1,0
0,1.6125732136881425,-1.440261890223444,-0.3811116666302083,0,0,0,0,1,0,0,0,1,1,0,1,0,1,0,1,0,1,0,1,0,0,1,1,0,0,0
0,-0.3431369275747509,0.6536985499244629,-0.12919330490471226,0,1,1,1,1,0,1,0,0,0,1,0,0,0,1,0,1,0,1,0,1,1,0,1,0,0,1
0,1.6125732136881425,1.2852104286992283,2.2408687602255237,0,0,1,1,1,0,1,1,0,0,0,0,1,0,1,0,0,0,1,0,1,1,0,1,1,0,0
0,-0.8728084241667845,-1.1743621517919638,-0.8545064164226027,0,0,1,1,0,1,0,0,0,0,1,0,0,0,0,0,0,0,0,0,0,0,0,1,0,1,0
1,-1.1580161531009565,0.32132387688511255,-0.8721539373841085,1,1,1,0,1,0,1,1,0,0,0,0,0,0,0,0,0,0,0,0,0,0,0,1,0,0,1
0,1.368109446030281,1.3516853633070984,2.012333363774023,0,1,0,0,1,0,0,1,0,0,1,0,0,0,1,0,1,0,1,0,1,0,1,1,0,0,0
